user,repository
ff6347,octocat/Hello-World
gmittal,octocat/Hello-World
angusshire,octocat/Hello-World
Jinxiansen,octocat/Hello-World
canering,octocat/Hello-World
ThomasErhel,octocat/Hello-World
Qdigital,octocat/Hello-World
py7hon,octocat/Hello-World
gvvynplaine,octocat/Hello-World
sahwar,octocat/Hello-World
TheLastZombie,octocat/Hello-World
wassiim,octocat/Hello-World
Panquesito7,octocat/Hello-World
tedmiston,octocat/Hello-World
Los-had,octocat/Hello-World
youngchief-btw,octocat/Hello-World
frankfanslc,octocat/Hello-World
sguzman,octocat/Hello-World
Mithileshraj123,octocat/Hello-World
andriyor,octocat/Hello-World
nir-zilberman,octocat/Hello-World
3m4r5,octocat/Hello-World
dalakatt,octocat/Hello-World
itsimpeccable,octocat/Hello-World
MilleniumSpark,octocat/Hello-World
Ramyromel,octocat/Hello-World
mrluanma,octocat/Hello-World
MahanRajabi80,octocat/Hello-World
Ayokanmi-Adejola,octocat/Hello-World
eddiejaoude,EddieHubCommunity/support
Lencof,EddieHubCommunity/support
Panquesito7,EddieHubCommunity/support
NS007-dev,EddieHubCommunity/support
Los-had,EddieHubCommunity/support
CharlesCreativeContent,EddieHubCommunity/support
gptkrsh,EddieHubCommunity/support
FahimFBA,EddieHubCommunity/support
shuklayash10,EddieHubCommunity/support
TenviLi,EddieHubCommunity/support
00mjk,EddieHubCommunity/support
Adlinke,EddieHubCommunity/support
kmorrow1,EddieHubCommunity/support
goshacmd,ethereum/aleth
nikolay,ethereum/aleth
juanchristensen,ethereum/aleth
ghosthamlet,ethereum/aleth
aburan28,ethereum/aleth
MaxfieldLewin,ethereum/aleth
artob,ethereum/aleth
Jackneill,ethereum/aleth
kgryte,ethereum/aleth
savage69kr,ethereum/aleth
SantoshSrinivas79,ethereum/aleth
Doppp,ethereum/aleth
mcanthony,ethereum/aleth
macint0sh,ethereum/aleth
secondwtq,ethereum/aleth
kwcto,ethereum/aleth
wendigo,ethereum/aleth
sahwar,ethereum/aleth
venkat-oss,ethereum/aleth
LeoSolaris,ethereum/aleth
folasm87,ethereum/aleth
angusshire,ethereum/aleth
mhaidarhanif,ethereum/aleth
lyuha,ethereum/aleth
Jerzerak,ethereum/aleth
arrmac,ethereum/aleth
PeterVatistas,ethereum/aleth
DylanKojiCheslin,ethereum/aleth
wdv4758h,ethereum/aleth
vittee,ethereum/aleth
sam-splat,ethereum/aleth
old101,ethereum/aleth
zbeekman,ethereum/aleth
unixfox,ethereum/aleth
roscopecoltran,ethereum/aleth
sponnusa,ethereum/aleth
vyorkin,ethereum/aleth
AlexxNica,ethereum/aleth
adnils,ethereum/aleth
ifvictr,ethereum/aleth
mattbis,ethereum/aleth
Quexint,ethereum/aleth
fly51fly,ethereum/aleth
barbagrigia,ethereum/aleth
jubbon,ethereum/aleth
MOZGIII,ethereum/aleth
hartca,ethereum/aleth
BlancosWay,ethereum/aleth
rishipuri,ethereum/aleth
johnowennixon,ethereum/aleth
mrmign,ethereum/aleth
NikhilDoWhile,ethereum/aleth
hsavit1,ethereum/aleth
h2non,ethereum/aleth
hsen-dev,ethereum/aleth
Pishtiko,ethereum/aleth
geduardcatalindev,ethereum/aleth
0w3,ethereum/aleth
NiksonX,ethereum/aleth
xeoneux,ethereum/aleth
thomasklemm,ethereum/aleth
mrjohannchang,ethereum/aleth
colrack,ethereum/aleth
decimalbell,ethereum/aleth
hilarryxu,ethereum/aleth
own2pwn,ethereum/aleth
mikalv,ethereum/aleth
opt9,ethereum/aleth
jcampbell05,ethereum/aleth
SebastianElvis,ethereum/aleth
u0m3,ethereum/aleth
royswale,ethereum/aleth
oudommeas,ethereum/aleth
tchigher,ethereum/aleth
rtzll,ethereum/aleth
shanefontaine,ethereum/aleth
ericmm,ethereum/aleth
samyk,ethereum/aleth
chaitanyaphalak,ethereum/aleth
denisse-dev,ethereum/aleth
batermj,ethereum/aleth
bolerovt,ethereum/aleth
yareyaredesuyo,ethereum/aleth
NexZhu,ethereum/aleth
ShawnAlexander,ethereum/aleth
ArunkumarRamanan,ethereum/aleth
channprj,ethereum/aleth
wpank,ethereum/aleth
triplekill,ethereum/aleth
i0Ek3,ethereum/aleth
sshyran,ethereum/aleth
dendisuhubdy,ethereum/aleth
CreatorMetaSky,ethereum/aleth
hoangpq,ethereum/aleth
esneko,ethereum/aleth
jiangplus,ethereum/aleth
pynchmeister,ethereum/aleth
byteshiva,ethereum/aleth
theodesp,ethereum/aleth
vulcangz,ethereum/aleth
qbig,ethereum/aleth
dec0dOS,ethereum/aleth
xmonader,ethereum/aleth
ansarid,ethereum/aleth
axifive,ethereum/aleth
KvaroverHeaven,ethereum/aleth
KEVINYZY,ethereum/aleth
zouguangxian,ethereum/aleth
gakonst,ethereum/aleth
jay3ss,ethereum/aleth
gvvynplaine,ethereum/aleth
reedhhw,ethereum/aleth
modulexcite,ethereum/aleth
shunkakinoki,ethereum/aleth
tg-z,ethereum/aleth
sanjaypant99,ethereum/aleth
MihalczGabor,ethereum/aleth
MikeGolden,ethereum/aleth
imxiaohui,ethereum/aleth
abduld,ethereum/aleth
EtherTyper,ethereum/aleth
Qdigital,ethereum/aleth
youngchief-btw,ethereum/aleth
jamiedevsandbox,ethereum/aleth
selftaught,ethereum/aleth
fabiodr,ethereum/aleth
nobiit,ethereum/aleth
dyhpoon,ethereum/aleth
Hostn4me,ethereum/aleth
canering,ethereum/aleth
pcaversaccio,ethereum/aleth
LuozhuZhang,ethereum/aleth
nir-zilberman,ethereum/aleth
hub33k,ethereum/aleth
Ramyromel,ethereum/aleth
mugli,localstack/localstack
SantoshSrinivas79,localstack/localstack
dsoul,localstack/localstack
Jerzerak,localstack/localstack
cchitsiang,localstack/localstack
michaelchiche,localstack/localstack
rmetzler,localstack/localstack
LeoSolaris,localstack/localstack
eyadsibai,localstack/localstack
iskedk,localstack/localstack
indistinctTalk,localstack/localstack
barbagrigia,localstack/localstack
jianyuan,localstack/localstack
fly51fly,localstack/localstack
opt9,localstack/localstack
speckz,localstack/localstack
fkazimierczak,localstack/localstack
roryrjb,localstack/localstack
anatolinicolae,localstack/localstack
osantana,localstack/localstack
joseluisq,localstack/localstack
Sliim,localstack/localstack
muminoff,localstack/localstack
oudommeas,localstack/localstack
macint0sh,localstack/localstack
muniz95,localstack/localstack
damianesteban,localstack/localstack
weimingtom,localstack/localstack
dhuckins,localstack/localstack
josedulanto,localstack/localstack
minhoryang,localstack/localstack
jessb321,localstack/localstack
apmarshall,localstack/localstack
neibla,localstack/localstack
jubbon,localstack/localstack
savage69kr,localstack/localstack
xhs,localstack/localstack
dotsource,localstack/localstack
girish,localstack/localstack
sergkop,localstack/localstack
deadcoder0904,localstack/localstack
hartca,localstack/localstack
chaitanyaphalak,localstack/localstack
maxrugen,localstack/localstack
vrachieru,localstack/localstack
RobertAudi,localstack/localstack
colrack,localstack/localstack
sriharshakappala,localstack/localstack
zhaozhao,localstack/localstack
puppycodes,localstack/localstack
AlexxNica,localstack/localstack
mihaeu,localstack/localstack
fabiodr,localstack/localstack
StarZ3r0,localstack/localstack
orakle,localstack/localstack
juanchristensen,localstack/localstack
avinashkoyyana,localstack/localstack
nemesiscodex,localstack/localstack
soenkekluth,localstack/localstack
crazyguitar,localstack/localstack
mbrukman,localstack/localstack
ptsurbeleu,localstack/localstack
madhuakula,localstack/localstack
dansandland,localstack/localstack
karbon0x,localstack/localstack
zhiyue,localstack/localstack
opragel,localstack/localstack
quentinfayet,localstack/localstack
imsky,localstack/localstack
peterbrinck,localstack/localstack
michaelhood,localstack/localstack
manikantag,localstack/localstack
hoangtx,localstack/localstack
wendigo,localstack/localstack
mirguest,localstack/localstack
leo424y,localstack/localstack
fer-ri,localstack/localstack
bahmdev,localstack/localstack
kevinmcalear,localstack/localstack
AnanthaRajuC,localstack/localstack
hapr05,localstack/localstack
tomoat,localstack/localstack
mofelee,localstack/localstack
Yukaii,localstack/localstack
JoseCage,localstack/localstack
wjybluse,localstack/localstack
patrick91,localstack/localstack
dyhpoon,localstack/localstack
d-dozer,localstack/localstack
Doppp,localstack/localstack
andreis,localstack/localstack
NiksonX,localstack/localstack
kriwil,localstack/localstack
nhducit,localstack/localstack
dhamaniasad,localstack/localstack
sebinsua,localstack/localstack
xeoneux,localstack/localstack
fijimunkii,localstack/localstack
folasm87,localstack/localstack
abduld,localstack/localstack
dbanck,localstack/localstack
darvid,localstack/localstack
bryant1410,localstack/localstack
jonbaer,localstack/localstack
mwarkentin,localstack/localstack
fabriceyopa,localstack/localstack
DonDebonair,localstack/localstack
umaar,localstack/localstack
djvdorp,localstack/localstack
rogeriomarques,localstack/localstack
j-hernandez,localstack/localstack
valpackett,localstack/localstack
dewang-mistry,localstack/localstack
NikhilDoWhile,localstack/localstack
dritter,localstack/localstack
lucianosb,localstack/localstack
sibelius,localstack/localstack
onlydole,localstack/localstack
michaelmior,localstack/localstack
Jackneill,localstack/localstack
nickolasburr,localstack/localstack
reklis,localstack/localstack
securitystreak,localstack/localstack
goblindegook,localstack/localstack
MaxfieldLewin,localstack/localstack
kousikan,localstack/localstack
kwilczynski,localstack/localstack
cieplak,localstack/localstack
MSylvia,localstack/localstack
jihchi,localstack/localstack
ellisonleao,localstack/localstack
haroldo-ok,localstack/localstack
shuber,localstack/localstack
gabrielcorado,localstack/localstack
pmuens,localstack/localstack
Nangal,localstack/localstack
KevinRamsunder,localstack/localstack
king6cong,localstack/localstack
tralphy,localstack/localstack
AlexSwensen,localstack/localstack
matagus,localstack/localstack
nikolay,localstack/localstack
stefaneyr,localstack/localstack
arrmac,localstack/localstack
WinstonFassett,localstack/localstack
eiriklv,localstack/localstack
rimenes,localstack/localstack
therebelrobot,localstack/localstack
velveteer,localstack/localstack
DylanKojiCheslin,localstack/localstack
yongjhih,localstack/localstack
kgryte,localstack/localstack
colejhudson,localstack/localstack
pasajero,localstack/localstack
annonuser,localstack/localstack
anqur,localstack/localstack
ianko,localstack/localstack
saadshahd,localstack/localstack
scalp42,localstack/localstack
ericmm,localstack/localstack
RickWong,localstack/localstack
nikivdev,localstack/localstack
erdii,localstack/localstack
vdt,localstack/localstack
theodesp,localstack/localstack
mikelnrd,localstack/localstack
MOZGIII,localstack/localstack
mahmoudimus,localstack/localstack
oanhnn,localstack/localstack
lyuha,localstack/localstack
channprj,localstack/localstack
kaoussi,localstack/localstack
herbygillot,localstack/localstack
sourcepirate,localstack/localstack
agileone,localstack/localstack
takuan-osho,localstack/localstack
futoase,localstack/localstack
ccl0326,localstack/localstack
zackmore,localstack/localstack
GeorgeErickson,localstack/localstack
roycewilliams,localstack/localstack
guptarohit,localstack/localstack
byteshiva,localstack/localstack
edersohe,localstack/localstack
misterT2525,localstack/localstack
dimon222,localstack/localstack
imikay,localstack/localstack
itsnotvalid,localstack/localstack
sunsongxp,localstack/localstack
ShikChen,localstack/localstack
bonfy,localstack/localstack
darkdown,localstack/localstack
hnq90,localstack/localstack
ayush15k1994,localstack/localstack
flrngel,localstack/localstack
brennebeck,localstack/localstack
ajmalafif,localstack/localstack
roccomuso,localstack/localstack
bolerovt,localstack/localstack
neophyt3,localstack/localstack
himalay,localstack/localstack
janroudaut,localstack/localstack
program247365,localstack/localstack
Widcket,localstack/localstack
modulexcite,localstack/localstack
ThomasG77,localstack/localstack
odyss009,localstack/localstack
hawkup,localstack/localstack
posquit0,localstack/localstack
ghishadow,localstack/localstack
rrichards,localstack/localstack
datasatori,localstack/localstack
falkirks,localstack/localstack
joshuarubin,localstack/localstack
samyk,localstack/localstack
R-K-H,localstack/localstack
mrjohannchang,localstack/localstack
manrajgrover,localstack/localstack
snehesht,localstack/localstack
biow0lf,localstack/localstack
tensortalk,localstack/localstack
yvan-sraka,localstack/localstack
nschlemm,localstack/localstack
stefanvanburen,localstack/localstack
EtherTyper,localstack/localstack
tkersey,localstack/localstack
zxhfirefox,localstack/localstack
ur5us,localstack/localstack
neosarchizo,localstack/localstack
EvgeneOskin,localstack/localstack
fannheyward,localstack/localstack
obahareth,localstack/localstack
alihalabyah,localstack/localstack
mgilbir,localstack/localstack
eueung,localstack/localstack
yoCruzer,localstack/localstack
luohaoyuan,localstack/localstack
dimlev,localstack/localstack
namuit,localstack/localstack
BlancosWay,localstack/localstack
jonathanegol,localstack/localstack
goshacmd,localstack/localstack
julianxhokaxhiu,localstack/localstack
wigust,localstack/localstack
benmcp,localstack/localstack
guerreiro,localstack/localstack
coffee4code,localstack/localstack
saravntbe,localstack/localstack
ifvictr,localstack/localstack
jhermann,localstack/localstack
arpit1997,donnemartin/system-design-primer
NikhilDoWhile,donnemartin/system-design-primer
eiriklv,donnemartin/system-design-primer
abduld,donnemartin/system-design-primer
securitystreak,donnemartin/system-design-primer
Doppp,donnemartin/system-design-primer
pasajero,donnemartin/system-design-primer
onlydole,donnemartin/system-design-primer
alwayrun,donnemartin/system-design-primer
sebinsua,donnemartin/system-design-primer
rogeriomarques,donnemartin/system-design-primer
shuber,donnemartin/system-design-primer
kousikan,donnemartin/system-design-primer
colejhudson,donnemartin/system-design-primer
fly51fly,donnemartin/system-design-primer
neibla,donnemartin/system-design-primer
zxhfirefox,donnemartin/system-design-primer
girish,donnemartin/system-design-primer
petehouston,donnemartin/system-design-primer
zhiyue,donnemartin/system-design-primer
zhaozhao,donnemartin/system-design-primer
chenruibin,donnemartin/system-design-primer
ccl0326,donnemartin/system-design-primer
herbygillot,donnemartin/system-design-primer
manrajgrover,donnemartin/system-design-primer
imsky,donnemartin/system-design-primer
nickolasburr,donnemartin/system-design-primer
chaitanyaphalak,donnemartin/system-design-primer
rimenes,donnemartin/system-design-primer
brennebeck,donnemartin/system-design-primer
flrngel,donnemartin/system-design-primer
smagellan,donnemartin/system-design-primer
MaxfieldLewin,donnemartin/system-design-primer
crazyguitar,donnemartin/system-design-primer
utensil,donnemartin/system-design-primer
guptarohit,donnemartin/system-design-primer
yoCruzer,donnemartin/system-design-primer
xeoneux,donnemartin/system-design-primer
weimingtom,donnemartin/system-design-primer
eueung,donnemartin/system-design-primer
tuxcanfly,donnemartin/system-design-primer
hsen-dev,donnemartin/system-design-primer
alihalabyah,donnemartin/system-design-primer
sunsongxp,donnemartin/system-design-primer
d-dozer,donnemartin/system-design-primer
dufferzafar,donnemartin/system-design-primer
NguyenTrungTin,donnemartin/system-design-primer
detailyang,donnemartin/system-design-primer
sergkop,donnemartin/system-design-primer
odyss009,donnemartin/system-design-primer
djvdorp,donnemartin/system-design-primer
kangkot,donnemartin/system-design-primer
mhaidarhanif,donnemartin/system-design-primer
nikivdev,donnemartin/system-design-primer
neophyt3,donnemartin/system-design-primer
DonDebonair,donnemartin/system-design-primer
minhoryang,donnemartin/system-design-primer
johackim,donnemartin/system-design-primer
vrachieru,donnemartin/system-design-primer
muminoff,donnemartin/system-design-primer
balta2ar,donnemartin/system-design-primer
kwcto,donnemartin/system-design-primer
deadcoder0904,donnemartin/system-design-primer
rishipuri,donnemartin/system-design-primer
oudommeas,donnemartin/system-design-primer
benqian,donnemartin/system-design-primer
biow0lf,donnemartin/system-design-primer
andreis,donnemartin/system-design-primer
xmonader,donnemartin/system-design-primer
kyrre,donnemartin/system-design-primer
thomasklemm,donnemartin/system-design-primer
AnanthaRajuC,donnemartin/system-design-primer
cvic,donnemartin/system-design-primer
sriharshakappala,donnemartin/system-design-primer
hapr05,donnemartin/system-design-primer
fabiodr,donnemartin/system-design-primer
M1suzu,donnemartin/system-design-primer
saturation,donnemartin/system-design-primer
peterbrinck,donnemartin/system-design-primer
Jackneill,donnemartin/system-design-primer
conail,donnemartin/system-design-primer
nemesiscodex,donnemartin/system-design-primer
stefanvanburen,donnemartin/system-design-primer
apmarshall,donnemartin/system-design-primer
andreipopovici,donnemartin/system-design-primer
zouguangxian,donnemartin/system-design-primer
d-led,donnemartin/system-design-primer
datasatori,donnemartin/system-design-primer
dsoul,donnemartin/system-design-primer
dbanck,donnemartin/system-design-primer
cooka,donnemartin/system-design-primer
sg-s,donnemartin/system-design-primer
hoangpq,donnemartin/system-design-primer
vmlinz,donnemartin/system-design-primer
nezlooy,donnemartin/system-design-primer
vyorkin,donnemartin/system-design-primer
ianko,donnemartin/system-design-primer
AlexSwensen,donnemartin/system-design-primer
dladuke,donnemartin/system-design-primer
orakle,donnemartin/system-design-primer
fer-ri,donnemartin/system-design-primer
haroldo-ok,donnemartin/system-design-primer
agileone,donnemartin/system-design-primer
pmuens,donnemartin/system-design-primer
dewang-mistry,donnemartin/system-design-primer
Widcket,donnemartin/system-design-primer
jhermann,donnemartin/system-design-primer
manikantag,donnemartin/system-design-primer
therebelrobot,donnemartin/system-design-primer
eyadsibai,donnemartin/system-design-primer
Nangal,donnemartin/system-design-primer
ShikChen,donnemartin/system-design-primer
filipeoliveiraa,donnemartin/system-design-primer
adelarsq,donnemartin/system-design-primer
BlancosWay,donnemartin/system-design-primer
msenturk,donnemartin/system-design-primer
levonk,donnemartin/system-design-primer
umaar,donnemartin/system-design-primer
karbon0x,donnemartin/system-design-primer
DylanKojiCheslin,donnemartin/system-design-primer
marko-jankovic,donnemartin/system-design-primer
samyk,donnemartin/system-design-primer
antogerva,donnemartin/system-design-primer
jianyuan,donnemartin/system-design-primer
ptsurbeleu,donnemartin/system-design-primer
R-K-H,donnemartin/system-design-primer
bahmdev,donnemartin/system-design-primer
rtzll,donnemartin/system-design-primer
mwarkentin,donnemartin/system-design-primer
venkat-oss,donnemartin/system-design-primer
colrack,donnemartin/system-design-primer
KevinRamsunder,donnemartin/system-design-primer
josedulanto,donnemartin/system-design-primer
dansandland,donnemartin/system-design-primer
MatejLach,donnemartin/system-design-primer
JesseTG,donnemartin/system-design-primer
kaoussi,donnemartin/system-design-primer
guerreiro,donnemartin/system-design-primer
reklis,donnemartin/system-design-primer
bhakthan,donnemartin/system-design-primer
neosarchizo,donnemartin/system-design-primer
hilarryxu,donnemartin/system-design-primer
juanchristensen,donnemartin/system-design-primer
tralphy,donnemartin/system-design-primer
itsnotvalid,donnemartin/system-design-primer
inferjay,donnemartin/system-design-primer
suxinde2009,donnemartin/system-design-primer
mihaeu,donnemartin/system-design-primer
opexxx,donnemartin/system-design-primer
tomoat,donnemartin/system-design-primer
barbietunnie,donnemartin/system-design-primer
hnq90,donnemartin/system-design-primer
oanhnn,donnemartin/system-design-primer
hawkup,donnemartin/system-design-primer
xhs,donnemartin/system-design-primer
deadlocks,donnemartin/system-design-primer
chentsulin,donnemartin/system-design-primer
patrick91,donnemartin/system-design-primer
shoichiaizawa,donnemartin/system-design-primer
WinstonFassett,donnemartin/system-design-primer
maxrugen,donnemartin/system-design-primer
kriwil,donnemartin/system-design-primer
jivoi,donnemartin/system-design-primer
denji,donnemartin/system-design-primer
savage69kr,donnemartin/system-design-primer
NetOpWibby,jgthms/bulma
alwayrun,jgthms/bulma
da-vaibhav,jgthms/bulma
RickWong,jgthms/bulma
wendigo,jgthms/bulma
michaelchiche,jgthms/bulma
pillowsoft,jgthms/bulma
goblindegook,jgthms/bulma
petehouston,jgthms/bulma
karbon0x,jgthms/bulma
nemesiscodex,jgthms/bulma
TyrannosaurusREKT,jgthms/bulma
lyuha,jgthms/bulma
bolerovt,jgthms/bulma
jbenner-radham,jgthms/bulma
oudommeas,jgthms/bulma
filipeoliveiraa,jgthms/bulma
Layzie,jgthms/bulma
dansandland,jgthms/bulma
anjingxz,jgthms/bulma
fer-ri,jgthms/bulma
mrluanma,jgthms/bulma
coffee4code,jgthms/bulma
hnq90,jgthms/bulma
hapr05,jgthms/bulma
xhs,jgthms/bulma
ducktype,jgthms/bulma
kwcto,jgthms/bulma
savage69kr,jgthms/bulma
hartca,jgthms/bulma
discountry,jgthms/bulma
annonuser,jgthms/bulma
cchitsiang,jgthms/bulma
manikantag,jgthms/bulma
LuaxY,jgthms/bulma
derhuerst,jgthms/bulma
sunlei,jgthms/bulma
nschlemm,jgthms/bulma
AlexSwensen,jgthms/bulma
lanqy,jgthms/bulma
Jerzerak,jgthms/bulma
dewang-mistry,jgthms/bulma
MSylvia,jgthms/bulma
LeoSolaris,jgthms/bulma
jcampbell05,jgthms/bulma
therebelrobot,jgthms/bulma
Doppp,jgthms/bulma
chenruibin,jgthms/bulma
slackmage,jgthms/bulma
orakle,jgthms/bulma
jiangplus,jgthms/bulma
utensil,jgthms/bulma
ShikChen,jgthms/bulma
ianko,jgthms/bulma
reklis,jgthms/bulma
takuan-osho,jgthms/bulma
speckz,jgthms/bulma
NguyenTrungTin,jgthms/bulma
scalp42,jgthms/bulma
vyorkin,jgthms/bulma
charlenopires,jgthms/bulma
imikay,jgthms/bulma
peter50216,jgthms/bulma
thomasklemm,jgthms/bulma
jubbon,jgthms/bulma
MatejLach,jgthms/bulma
floydwch,jgthms/bulma
tadev,jgthms/bulma
xeoneux,jgthms/bulma
fabiodr,jgthms/bulma
lucianosb,jgthms/bulma
rbnx,jgthms/bulma
mahmoudimus,jgthms/bulma
montanaflynn,jgthms/bulma
vdt,jgthms/bulma
jianyuan,jgthms/bulma
saadshahd,jgthms/bulma
rmetzler,jgthms/bulma
SantoshSrinivas79,jgthms/bulma
julianxhokaxhiu,jgthms/bulma
Jackneill,jgthms/bulma
eiriklv,jgthms/bulma
shuber,jgthms/bulma
dbanck,jgthms/bulma
darvid,jgthms/bulma
rimenes,jgthms/bulma
nerdfiles,jgthms/bulma
tralphy,jgthms/bulma
evandrix,jgthms/bulma
sibelius,jgthms/bulma
chentsulin,jgthms/bulma
MaxfieldLewin,jgthms/bulma
MOZGIII,jgthms/bulma
soenkekluth,jgthms/bulma
codyphobe,jgthms/bulma
kaoussi,jgthms/bulma
stefaneyr,jgthms/bulma
khanhicetea,jgthms/bulma
saturation,jgthms/bulma
itsnotvalid,jgthms/bulma
ryoikarashi,jgthms/bulma
empjustine,jgthms/bulma
zackmore,jgthms/bulma
himalay,jgthms/bulma
brunowego,jgthms/bulma
colrack,jgthms/bulma
gabrielcorado,jgthms/bulma
dhamaniasad,jgthms/bulma
azu,jgthms/bulma
j-hernandez,jgthms/bulma
edersohe,jgthms/bulma
christianboyle,jgthms/bulma
nikolay,jgthms/bulma
neosarchizo,jgthms/bulma
EvgeneOskin,jgthms/bulma
shunwang,jgthms/bulma
mrjohannchang,jgthms/bulma
leongkui,jgthms/bulma
barbietunnie,jgthms/bulma
AnanthaRajuC,jgthms/bulma
minhoryang,jgthms/bulma
pyadav,jgthms/bulma
program247365,jgthms/bulma
wtigert,jgthms/bulma
YerkoPalma,jgthms/bulma
peterbrinck,jgthms/bulma
Widcket,jgthms/bulma
v9n,jgthms/bulma
izontm,jgthms/bulma
yvan-sraka,jgthms/bulma
nhducit,jgthms/bulma
kevinmcalear,jgthms/bulma
sonnylazuardi,jgthms/bulma
saravntbe,jgthms/bulma
jumbojett,jgthms/bulma
dotsource,jgthms/bulma
cybernetics,jgthms/bulma
hawkup,jgthms/bulma
h2non,jgthms/bulma
anatolinicolae,jgthms/bulma
nicholasadamou,jgthms/bulma
renruyi,jgthms/bulma
iemejia,jgthms/bulma
haraball,jgthms/bulma
rogeriomarques,jgthms/bulma
kevinsegal,jgthms/bulma
gmittal,jgthms/bulma
levbrie,jgthms/bulma
alihalabyah,jgthms/bulma
secondwtq,jgthms/bulma
Yukaii,jgthms/bulma
vmlinz,jgthms/bulma
chibicode,jgthms/bulma
sergkop,jgthms/bulma
rishipuri,jgthms/bulma
bntzio,jgthms/bulma
josedulanto,jgthms/bulma
macint0sh,jgthms/bulma
pachacamac,jgthms/bulma
ajmalafif,jgthms/bulma
joshuarubin,jgthms/bulma
iTonyYo,jgthms/bulma
hub33k,jgthms/bulma
goshacmd,jgthms/bulma
fengzilong,jgthms/bulma
dhuckins,jgthms/bulma
notyal,jgthms/bulma
mofelee,jgthms/bulma
arrmac,jgthms/bulma
weimingtom,jgthms/bulma
esp10mm,jgthms/bulma
WeiChiaChang,jgthms/bulma
shoichiaizawa,jgthms/bulma
StarZ3r0,jgthms/bulma
ff6347,jgthms/bulma
detailyang,jgthms/bulma
JBTech,jgthms/bulma
indistinctTalk,jgthms/bulma
wenzhihong2003,jgthms/bulma
denji,jgthms/bulma
rustoceans,jgthms/bulma
mikesprague,jgthms/bulma
sivartravis,jgthms/bulma
fkazimierczak,jgthms/bulma
wassiim,jgthms/bulma
fabriceyopa,jgthms/bulma
kyrre,jgthms/bulma
darkdown,jgthms/bulma
kriwil,jgthms/bulma
garimasingh128,sukritishah15/DS-Algo-Point
saadazghour,sukritishah15/DS-Algo-Point
Tatsh,sukritishah15/DS-Algo-Point
sescobb27,sukritishah15/DS-Algo-Point
CloudBranch,sukritishah15/DS-Algo-Point
plamengj,sukritishah15/DS-Algo-Point
andantonyan,sukritishah15/DS-Algo-Point
giovannism20,sukritishah15/DS-Algo-Point
geduardcatalindev,sukritishah15/DS-Algo-Point
jessb321,sukritishah15/DS-Algo-Point
wenzhihong2003,sukritishah15/DS-Algo-Point
slackmage,sukritishah15/DS-Algo-Point
quentinfayet,sukritishah15/DS-Algo-Point
jonasermert,sukritishah15/DS-Algo-Point
HarshalShende,sukritishah15/DS-Algo-Point
cookavich,sukritishah15/DS-Algo-Point
mariamimmh,sukritishah15/DS-Algo-Point
vulcangz,sukritishah15/DS-Algo-Point
itsnotvalid,sukritishah15/DS-Algo-Point
manikantag,sukritishah15/DS-Algo-Point
fieu,sukritishah15/DS-Algo-Point
lxsmnsyc,sukritishah15/DS-Algo-Point
wigust,sukritishah15/DS-Algo-Point
ebigram,sukritishah15/DS-Algo-Point
gauravssnl,sukritishah15/DS-Algo-Point
ik5,sukritishah15/DS-Algo-Point
johnyxu,sukritishah15/DS-Algo-Point
Mithileshraj123,sukritishah15/DS-Algo-Point
agileone,sukritishah15/DS-Algo-Point
abhijit1990,sukritishah15/DS-Algo-Point
00mjk,sukritishah15/DS-Algo-Point
gosoxharp,sukritishah15/DS-Algo-Point
tuyucheng7,sukritishah15/DS-Algo-Point
Adlinke,sukritishah15/DS-Algo-Point
deepyes02,taniarascia/comments
NEBULA1978,taniarascia/comments
missAnneThorpe,taniarascia/comments
opragel,trailofbits/algo
PSJoshi,trailofbits/algo
kwilczynski,trailofbits/algo
xhs,trailofbits/algo
minhoryang,trailofbits/algo
samyk,trailofbits/algo
gkze,trailofbits/algo
manrajgrover,trailofbits/algo
jaredthecoder,trailofbits/algo
trietptm,trailofbits/algo
oudommeas,trailofbits/algo
Doppp,trailofbits/algo
dladuke,trailofbits/algo
hnq90,trailofbits/algo
roycewilliams,trailofbits/algo
peterbrinck,trailofbits/algo
anatolinicolae,trailofbits/algo
gamontal,trailofbits/algo
tadev,trailofbits/algo
0xcpu,trailofbits/algo
colejhudson,trailofbits/algo
mgilbir,trailofbits/algo
madhuakula,trailofbits/algo
Jerzerak,trailofbits/algo
sarlalian,trailofbits/algo
jrodrigomg,trailofbits/algo
jalcine,trailofbits/algo
nezlooy,trailofbits/algo
snehesht,trailofbits/algo
djvdorp,trailofbits/algo
ellisonleao,trailofbits/algo
securitystreak,trailofbits/algo
khanhicetea,trailofbits/algo
tralphy,trailofbits/algo
kyrre,trailofbits/algo
jevinskie,trailofbits/algo
M1suzu,trailofbits/algo
yasenn,trailofbits/algo
opt9,trailofbits/algo
jivoi,trailofbits/algo
bahmdev,trailofbits/algo
yoCruzer,trailofbits/algo
tensortalk,trailofbits/algo
hsen-dev,trailofbits/algo
fkazimierczak,trailofbits/algo
leo424y,trailofbits/algo
TyrannosaurusREKT,trailofbits/algo
weimingtom,trailofbits/algo
jiangplus,trailofbits/algo
hawkup,trailofbits/algo
slackmage,trailofbits/algo
hapr05,trailofbits/algo
anjingxz,trailofbits/algo
xrmr,trailofbits/algo
bolerovt,trailofbits/algo
takuan-osho,trailofbits/algo
fly51fly,trailofbits/algo
himalay,trailofbits/algo
vmlinz,trailofbits/algo
king6cong,trailofbits/algo
deadlocks,trailofbits/algo
johnyxu,trailofbits/algo
ifvictr,trailofbits/algo
barbagrigia,trailofbits/algo
denji,trailofbits/algo
filipeoliveiraa,trailofbits/algo
therebelrobot,trailofbits/algo
unixfox,trailofbits/algo
colrack,trailofbits/algo
matagus,trailofbits/algo
dimon222,trailofbits/algo
kevinsegal,trailofbits/algo
zouguangxian,trailofbits/algo
discountry,trailofbits/algo
mrluanma,trailofbits/algo
wjybluse,trailofbits/algo
sriharshakappala,trailofbits/algo
huynhducduy,trailofbits/algo
christianboyle,trailofbits/algo
joshuarubin,trailofbits/algo
ur5us,trailofbits/algo
nerdfiles,trailofbits/algo
nbosa,trailofbits/algo
ducktype,trailofbits/algo
brianluby,trailofbits/algo
puppycodes,trailofbits/algo
canering,trailofbits/algo
julianxhokaxhiu,trailofbits/algo
AlexxNica,trailofbits/algo
stefaneyr,trailofbits/algo
andreipopovici,trailofbits/algo
soenkekluth,trailofbits/algo
ShikChen,trailofbits/algo
coffee4code,trailofbits/algo
nikivdev,trailofbits/algo
NikhilDoWhile,trailofbits/algo
agnosticlines,trailofbits/algo
ryanbaxendale,trailofbits/algo
peter50216,trailofbits/algo
rmetzler,trailofbits/algo
cwonrails,trailofbits/algo
JohnClema,trailofbits/algo
Jackneill,trailofbits/algo
marctmiller,trailofbits/algo
visualrobots,trailofbits/algo
7h3rAm,trailofbits/algo
jfexyz,trailofbits/algo
speckz,trailofbits/algo
j-hernandez,trailofbits/algo
nikolay,trailofbits/algo
umaar,trailofbits/algo
d-dozer,trailofbits/algo
mofelee,trailofbits/algo
biow0lf,trailofbits/algo
nvanmeurs,trailofbits/algo
iskedk,trailofbits/algo
neibla,trailofbits/algo
avinashkoyyana,trailofbits/algo
d-led,trailofbits/algo
sg-s,trailofbits/algo
orakle,trailofbits/algo
annonuser,trailofbits/algo
lyuha,trailofbits/algo
karbon0x,trailofbits/algo
ptsurbeleu,trailofbits/algo
BlancosWay,trailofbits/algo
patrick91,trailofbits/algo
crazyguitar,trailofbits/algo
jessb321,trailofbits/algo
sunsongxp,trailofbits/algo
chenruibin,trailofbits/algo
TankMasterRL,trailofbits/algo
xuanhan863,trailofbits/algo
xeoneux,trailofbits/algo
jhermann,trailofbits/algo
mirguest,trailofbits/algo
alihalabyah,trailofbits/algo
sunlei,trailofbits/algo
dewang-mistry,trailofbits/algo
GeorgeErickson,trailofbits/algo
jbenner-radham,trailofbits/algo
zxhfirefox,trailofbits/algo
rogeriomarques,trailofbits/algo
darvid,trailofbits/algo
byteshiva,trailofbits/algo
sponnusa,trailofbits/algo
ccl0326,trailofbits/algo
mahmoudimus,trailofbits/algo
fabiodr,trailofbits/algo
apmarshall,trailofbits/algo
jubbon,trailofbits/algo
NguyenTrungTin,trailofbits/algo
yyolk,trailofbits/algo
jonathanegol,trailofbits/algo
kriwil,trailofbits/algo
ansarid,trailofbits/algo
gmittal,trailofbits/algo
markemer,trailofbits/algo
venkat-oss,trailofbits/algo
wendigo,trailofbits/algo
sergkop,trailofbits/algo
jonbaer,trailofbits/algo
velveteer,trailofbits/algo
deadcoder0904,trailofbits/algo
Nangal,trailofbits/algo
hoangtx,trailofbits/algo
ianko,trailofbits/algo
MaxfieldLewin,trailofbits/algo
bonfy,trailofbits/algo
opexxx,trailofbits/algo
Chan9390,trailofbits/algo
michaelmior,trailofbits/algo
zbeekman,trailofbits/algo
Quexint,trailofbits/algo
h2non,trailofbits/algo
agileone,trailofbits/algo
axjs,trailofbits/algo
linhua55,trailofbits/algo
taesiri,trailofbits/algo
5y5tem5,trailofbits/algo
cooka,trailofbits/algo
anqur,trailofbits/algo
unbaiat,trailofbits/algo
theodesp,trailofbits/algo
montanaflynn,trailofbits/algo
dbanck,trailofbits/algo
haraball,trailofbits/algo
0x2Adr1,trailofbits/algo
Jinxiansen,trailofbits/algo
balta2ar,trailofbits/algo
girish,trailofbits/algo
WinstonFassett,trailofbits/algo
pasajero,trailofbits/algo
7heaven,trailofbits/algo
Jermic,trailofbits/algo
marcusrbrown,trailofbits/algo
cchitsiang,trailofbits/algo
mikalv,trailofbits/algo
R-K-H,trailofbits/algo
msenturk,trailofbits/algo
macint0sh,trailofbits/algo
dansandland,trailofbits/algo
pachacamac,trailofbits/algo
cmdplusr,trailofbits/algo
quantumpacket,trailofbits/algo
posquit0,trailofbits/algo
saadshahd,trailofbits/algo
0xfeeddeadbeef,trailofbits/algo
suriyaa,octocat/octocat.github.io
JoseCage,octocat/octocat.github.io
Qdigital,octocat/octocat.github.io
youngchief-btw,octocat/octocat.github.io
nir-zilberman,octocat/octocat.github.io
ravirathore,octocat/octocat.github.io
dalakatt,octocat/octocat.github.io
TenviLi,octocat/octocat.github.io
itsimpeccable,octocat/octocat.github.io
ysnbogt,octocat/octocat.github.io
Ramyromel,octocat/octocat.github.io
Ayokanmi-Adejola,octocat/octocat.github.io
mikelnrd,felangel/bloc
mono0926,felangel/bloc
oudommeas,felangel/bloc
giovannism20,felangel/bloc
owen800q,felangel/bloc
charlenopires,felangel/bloc
muniz95,felangel/bloc
ianko,felangel/bloc
tchigher,felangel/bloc
pranavlathigara,felangel/bloc
TheMushrr00m,felangel/bloc
mahmoudkandeel,felangel/bloc
bluemix,felangel/bloc
sachaarbonel,felangel/bloc
dbanck,felangel/bloc
jubbon,felangel/bloc
fer-ri,felangel/bloc
JonReppDirectOneDesign,felangel/bloc
leesander1,felangel/bloc
artob,felangel/bloc
fly51fly,felangel/bloc
biow0lf,felangel/bloc
hoangpq,felangel/bloc
alwayrun,felangel/bloc
suxinde2009,felangel/bloc
JoseCage,felangel/bloc
neibla,felangel/bloc
shunkakinoki,felangel/bloc
inferjay,felangel/bloc
krthr,felangel/bloc
phpmaple,felangel/bloc
adelarsq,felangel/bloc
sam-splat,felangel/bloc
CreatorMetaSky,felangel/bloc
vulcangz,felangel/bloc
taesiri,felangel/bloc
iAhsanJaved,felangel/bloc
nfultz,felangel/bloc
yongjhih,felangel/bloc
haroldo-ok,felangel/bloc
sayyidisal,felangel/bloc
WinstonFassett,felangel/bloc
MOZGIII,felangel/bloc
gaoypChina,felangel/bloc
karaninder,felangel/bloc
barbietunnie,felangel/bloc
lxsmnsyc,felangel/bloc
andantonyan,felangel/bloc
CodeEagle,felangel/bloc
omasanori,felangel/bloc
xeoneux,felangel/bloc
TenviLi,felangel/bloc
gvvynplaine,felangel/bloc
erikunha,felangel/bloc
clsource,felangel/bloc
smorimoto,felangel/bloc
samyk,felangel/bloc
minhoryang,felangel/bloc
nelix,felangel/bloc
Doppp,felangel/bloc
neosarchizo,felangel/bloc
misterT2525,felangel/bloc
obahareth,felangel/bloc
brunowego,felangel/bloc
filipeoliveiraa,felangel/bloc
cchitsiang,felangel/bloc
provpup,felangel/bloc
kevinsegal,felangel/bloc
jits,felangel/bloc
tralphy,felangel/bloc
axifive,felangel/bloc
Giovan,felangel/bloc
lucianosb,felangel/bloc
chaitanyaphalak,felangel/bloc
NguyenTrungTin,felangel/bloc
venkat-oss,felangel/bloc
kangkot,felangel/bloc
sguzman,felangel/bloc
esp10mm,felangel/bloc
szy0syz,felangel/bloc
fannheyward,felangel/bloc
eueung,felangel/bloc
gauravssnl,felangel/bloc
itsnotvalid,felangel/bloc
MtDeity,felangel/bloc
yonycalsin,felangel/bloc
liudonghua123,felangel/bloc
morristech,felangel/bloc
araguaci,SauravMukherjee44/Aec-Library-Website
canering,SauravMukherjee44/Aec-Library-Website
ravirathore,SauravMukherjee44/Aec-Library-Website
senchabot-github,SauravMukherjee44/Aec-Library-Website
ysnbogt,SauravMukherjee44/Aec-Library-Website
reklis,mattgallagher/AudioStreamer
JBTech,mattgallagher/AudioStreamer
fannheyward,mattgallagher/AudioStreamer
minhoryang,mattgallagher/AudioStreamer
suxinde2009,mattgallagher/AudioStreamer
phpmaple,mattgallagher/AudioStreamer
JT5D,mattgallagher/AudioStreamer
CodeEagle,mattgallagher/AudioStreamer
lanqy,mattgallagher/AudioStreamer
h2non,mattgallagher/AudioStreamer
zouguangxian,mattgallagher/AudioStreamer
gabrielcorado,mattgallagher/AudioStreamer
angusshire,mattgallagher/AudioStreamer
pranavlathigara,mattgallagher/AudioStreamer
xeoneux,mattgallagher/AudioStreamer
likaihere,mattgallagher/AudioStreamer
dobestan,mattgallagher/AudioStreamer
CreatorMetaSky,mattgallagher/AudioStreamer
NetOpWibby,mattgallagher/AudioStreamer
zxhfirefox,mattgallagher/AudioStreamer
gaoypChina,mattgallagher/AudioStreamer
canering,mattgallagher/AudioStreamer
sanjaypant99,mattgallagher/AudioStreamer
tg-z,mattgallagher/AudioStreamer
yasinatesim,mattgallagher/AudioStreamer
Josscii,mattgallagher/AudioStreamer
conail,WhiteHouse/petitions
program247365,WhiteHouse/petitions
nerdfiles,WhiteHouse/petitions
jimmyrcom,WhiteHouse/petitions
mhaidarhanif,WhiteHouse/petitions
levonk,WhiteHouse/petitions
filipeoliveiraa,WhiteHouse/petitions
chitacan,WhiteHouse/petitions
umaar,WhiteHouse/petitions
JT5D,WhiteHouse/petitions
Doppp,WhiteHouse/petitions
stefaneyr,WhiteHouse/petitions
zouguangxian,WhiteHouse/petitions
sunlei,WhiteHouse/petitions
chibicode,WhiteHouse/petitions
lucianosb,WhiteHouse/petitions
jianyuan,WhiteHouse/petitions
arrmac,WhiteHouse/petitions
goshacmd,WhiteHouse/petitions
futoase,WhiteHouse/petitions
jalcine,WhiteHouse/petitions
puzzithinker,WhiteHouse/petitions
rustoceans,WhiteHouse/petitions
Amorymeltzer,WhiteHouse/petitions
peterbrinck,WhiteHouse/petitions
discountry,WhiteHouse/petitions
angusshire,WhiteHouse/petitions
gamontal,WhiteHouse/petitions
dobestan,WhiteHouse/petitions
ghosthamlet,WhiteHouse/petitions
mirguest,WhiteHouse/petitions
NexZhu,WhiteHouse/petitions
avinashkoyyana,WhiteHouse/petitions
suriyaa,WhiteHouse/petitions
xeoneux,WhiteHouse/petitions
zbeekman,WhiteHouse/petitions
Layzie,WhiteHouse/petitions
sirgatez,WhiteHouse/petitions
batermj,WhiteHouse/petitions
nikolay,WhiteHouse/petitions
vulcangz,WhiteHouse/petitions
EtherTyper,WhiteHouse/petitions
NS007-dev,EddieHubCommunity/LinkFree
takuan-osho,EddieHubCommunity/LinkFree
iTonyYo,EddieHubCommunity/LinkFree
brunowego,EddieHubCommunity/LinkFree
dec0dOS,EddieHubCommunity/LinkFree
plamengj,EddieHubCommunity/LinkFree
jumbojett,EddieHubCommunity/LinkFree
thanhtoan1196,EddieHubCommunity/LinkFree
TenviLi,EddieHubCommunity/LinkFree
Uvacoder,EddieHubCommunity/LinkFree
owen800q,EddieHubCommunity/LinkFree
meafs,EddieHubCommunity/LinkFree
eddiejaoude,EddieHubCommunity/LinkFree
anurag01a,EddieHubCommunity/LinkFree
jgmize,EddieHubCommunity/LinkFree
Siss3l,EddieHubCommunity/LinkFree
Pierrot-l3-F0U,EddieHubCommunity/LinkFree
cometkim,EddieHubCommunity/LinkFree
nikivdev,EddieHubCommunity/LinkFree
Suburbanno,EddieHubCommunity/LinkFree
SantoshSrinivas79,EddieHubCommunity/LinkFree
nikolay,EddieHubCommunity/LinkFree
FahimFBA,EddieHubCommunity/LinkFree
frankfanslc,EddieHubCommunity/LinkFree
michaelchiche,EddieHubCommunity/LinkFree
jaamaalxyz,EddieHubCommunity/LinkFree
UltiRequiem,EddieHubCommunity/LinkFree
mskian,EddieHubCommunity/LinkFree
ImaniAN,EddieHubCommunity/LinkFree
GNURub,EddieHubCommunity/LinkFree
mph-code,EddieHubCommunity/LinkFree
gosoxharp,EddieHubCommunity/LinkFree
HarshalShende,EddieHubCommunity/LinkFree
dsoul,EddieHubCommunity/LinkFree
ravirathore,EddieHubCommunity/LinkFree
da-vaibhav,EddieHubCommunity/LinkFree
tracure1337,EddieHubCommunity/LinkFree
tchigher,EddieHubCommunity/LinkFree
mehrdad-shokri,EddieHubCommunity/LinkFree
shuklayash10,EddieHubCommunity/LinkFree
Sandalots,EddieHubCommunity/LinkFree
Vishal-Isharani,EddieHubCommunity/LinkFree
michaelmior,EddieHubCommunity/LinkFree
0l1v3rr,EddieHubCommunity/LinkFree
gptkrsh,EddieHubCommunity/LinkFree
xchanmolx,EddieHubCommunity/LinkFree
lordvins226,EddieHubCommunity/LinkFree
khaled131,EddieHubCommunity/LinkFree
3m4r5,EddieHubCommunity/LinkFree
tadev,EddieHubCommunity/LinkFree
modulexcite,EddieHubCommunity/LinkFree
sagar-pardhi,EddieHubCommunity/LinkFree
oudommeas,EddieHubCommunity/LinkFree
manthanank,EddieHubCommunity/LinkFree
antogerva,EddieHubCommunity/LinkFree
fly51fly,EddieHubCommunity/LinkFree
geduardcatalindev,EddieHubCommunity/LinkFree
CloudBranch,EddieHubCommunity/LinkFree
theodesp,EddieHubCommunity/LinkFree
j-hernandez,EddieHubCommunity/LinkFree
guerreiro,EddieHubCommunity/LinkFree
kevinsegal,EddieHubCommunity/LinkFree
Doppp,EddieHubCommunity/LinkFree
neosarchizo,EddieHubCommunity/LinkFree
damianesteban,EddieHubCommunity/LinkFree
dcgithub,EddieHubCommunity/LinkFree
lucianosb,EddieHubCommunity/LinkFree
filipeoliveiraa,EddieHubCommunity/LinkFree
cchitsiang,EddieHubCommunity/LinkFree
entrptaher,EddieHubCommunity/LinkFree
dalakatt,EddieHubCommunity/LinkFree
Panquesito7,EddieHubCommunity/LinkFree
AppServiceProvider,EddieHubCommunity/LinkFree
DPS0340,EddieHubCommunity/LinkFree
nir-zilberman,EddieHubCommunity/LinkFree
KNipunDananjaya,EddieHubCommunity/LinkFree
youngchief-btw,EddieHubCommunity/LinkFree
mahmoudkandeel,EddieHubCommunity/LinkFree
rimenes,EddieHubCommunity/LinkFree
vulcangz,EddieHubCommunity/LinkFree
ai-ml-architect,EddieHubCommunity/LinkFree
brianluby,EddieHubCommunity/LinkFree
firdausakbarr,EddieHubCommunity/LinkFree
py7hon,EddieHubCommunity/LinkFree
iAhsanJaved,EddieHubCommunity/LinkFree
ysnbogt,EddieHubCommunity/LinkFree
erikunha,EddieHubCommunity/LinkFree
stjordanis,EddieHubCommunity/LinkFree
NetOpWibby,EddieHubCommunity/LinkFree
tedmiston,EddieHubCommunity/LinkFree
osantana,EddieHubCommunity/LinkFree
vdt,EddieHubCommunity/LinkFree
tuanductran,EddieHubCommunity/LinkFree
Ay-355,EddieHubCommunity/LinkFree
huynhducduy,EddieHubCommunity/LinkFree
MilleniumSpark,EddieHubCommunity/LinkFree
sriharshakappala,EddieHubCommunity/LinkFree
reedhhw,EddieHubCommunity/LinkFree
Nullcano,EddieHubCommunity/LinkFree
duksosleepy,EddieHubCommunity/LinkFree
mvandermeulen,EddieHubCommunity/LinkFree
BiswajitDtta,EddieHubCommunity/LinkFree
pachacamac,EddieHubCommunity/LinkFree
hyperupcall,EddieHubCommunity/LinkFree
therebelrobot,EddieHubCommunity/LinkFree
0A7V9A,EddieHubCommunity/LinkFree
jiangplus,EddieHubCommunity/LinkFree
visualrobots,EddieHubCommunity/LinkFree
alihalabyah,EddieHubCommunity/LinkFree
jimbrig,EddieHubCommunity/LinkFree
mono0926,rrousselGit/freezed
shunkakinoki,rrousselGit/freezed
mahmoudkandeel,rrousselGit/freezed
erikunha,rrousselGit/freezed
ianko,rrousselGit/freezed
inferjay,rrousselGit/freezed
tchigher,rrousselGit/freezed
yongjhih,rrousselGit/freezed
andantonyan,rrousselGit/freezed
a1300,rrousselGit/freezed
sachaarbonel,rrousselGit/freezed
pillowsoft,rrousselGit/freezed
morristech,rrousselGit/freezed
ThomasErhel,rrousselGit/freezed
gaoypChina,rrousselGit/freezed
provpup,rrousselGit/freezed
lordvins226,rrousselGit/freezed
manikantag,rrousselGit/freezed
fer-ri,rrousselGit/freezed
rm3l,rrousselGit/freezed
thanhtoan1196,rrousselGit/freezed
adelarsq,rrousselGit/freezed
SantoshSrinivas79,rrousselGit/freezed
Giovan,rrousselGit/freezed
mrluanma,rrousselGit/freezed
rtzll,rrousselGit/freezed
oudommeas,rrousselGit/freezed
dalakatt,rrousselGit/freezed
IvonaldoAmaral,rrousselGit/freezed
orakle,rrousselGit/freezed
denji,rrousselGit/freezed
fly51fly,rrousselGit/freezed
yareyaredesuyo,rrousselGit/freezed
liudonghua123,rrousselGit/freezed
purtyb1tch92,rrousselGit/freezed
khantzinthu2k1,rrousselGit/freezed
jonasermert,rrousselGit/freezed
geduardcatalindev,rrousselGit/freezed
mehrdad-shokri,rrousselGit/freezed
shoichiaizawa,rrousselGit/freezed
royswale,rrousselGit/freezed
ysnbogt,rrousselGit/freezed
JeffCarpenter,rrousselGit/freezed
Neo42,rrousselGit/freezed
esneko,rrousselGit/freezed
vulcangz,rrousselGit/freezed
anjingxz,rrousselGit/freezed
ur5us,rrousselGit/freezed
inferjay,google/accompanist
yongjhih,google/accompanist
mrjohannchang,google/accompanist
rm3l,google/accompanist
pranavlathigara,google/accompanist
tkersey,google/accompanist
esneko,google/accompanist
studiovc,google/accompanist
tchigher,google/accompanist
mrluanma,google/accompanist
mehrdad-shokri,google/accompanist
jedsada-gh,google/accompanist
nikivdev,google/accompanist
morristech,google/accompanist
oudommeas,google/accompanist
max-hk,google/accompanist
cybernetics,google/accompanist
hoangpq,google/accompanist
andriyor,google/accompanist
AppServiceProvider,google/accompanist
mahmoudkandeel,google/accompanist
alwayrun,google/accompanist
CreatorMetaSky,google/accompanist
goblindegook,google/accompanist
KaiDevrim,google/accompanist
meafs,google/accompanist
lxsmnsyc,google/accompanist
JonReppDirectOneDesign,google/accompanist
michaelmior,google/accompanist
yasinatesim,google/accompanist
reedhhw,google/accompanist
thisiskeanyvy,google/accompanist
pedoc,google/accompanist
andantonyan,google/accompanist
lordvins226,google/accompanist
khaled131,google/accompanist
eueung,google/accompanist
Los-had,google/accompanist
itsnotvalid,google/accompanist
hawkup,google/accompanist
bluemix,google/accompanist
ebigram,google/accompanist
wjnbreu,google/accompanist
axifive,google/accompanist
byteshiva,google/accompanist
CharlesCreativeContent,google/accompanist
svercl,google/accompanist
nvanmeurs,google/accompanist
Widcket,google/accompanist
senchabot-github,google/accompanist
frankfanslc,google/accompanist
3m4r5,google/accompanist
xchanmolx,google/accompanist
TenviLi,google/accompanist
DPS0340,google/accompanist
rtcoms,brettkromkamp/contextualise
cmdplusr,brettkromkamp/contextualise
cookavich,brettkromkamp/contextualise
denisfitz57,brettkromkamp/contextualise
Murplugg,brettkromkamp/contextualise
stefanvanburen,brettkromkamp/contextualise
erdii,brettkromkamp/contextualise
tracure1337,brettkromkamp/contextualise
filipeoliveiraa,brettkromkamp/contextualise
theodesp,brettkromkamp/contextualise
yareyaredesuyo,brettkromkamp/contextualise
conail,brettkromkamp/contextualise
michaelhood,brettkromkamp/contextualise
NetOpWibby,brettkromkamp/contextualise
JeffCarpenter,brettkromkamp/contextualise
haraball,brettkromkamp/contextualise
thomasklemm,brettkromkamp/contextualise
Doppp,brettkromkamp/contextualise
mbrukman,brettkromkamp/contextualise
jay3ss,brettkromkamp/contextualise
mwarkentin,brettkromkamp/contextualise
SantoshSrinivas79,brettkromkamp/contextualise
artob,brettkromkamp/contextualise
shuber,brettkromkamp/contextualise
fly51fly,brettkromkamp/contextualise
xuanhan863,brettkromkamp/contextualise
byteshiva,brettkromkamp/contextualise
sponnusa,brettkromkamp/contextualise
cooka,brettkromkamp/contextualise
Jackneill,brettkromkamp/contextualise
achermannagement,brettkromkamp/contextualise
dufferzafar,brettkromkamp/contextualise
namuit,brettkromkamp/contextualise
julianxhokaxhiu,brettkromkamp/contextualise
jits,brettkromkamp/contextualise
herbygillot,brettkromkamp/contextualise
dclambert,brettkromkamp/contextualise
jimmyrcom,brettkromkamp/contextualise
priyadhoundiyal,brettkromkamp/contextualise
itsnotvalid,brettkromkamp/contextualise
lucianosb,brettkromkamp/contextualise
jiangplus,brettkromkamp/contextualise
eueung,brettkromkamp/contextualise
izontm,brettkromkamp/contextualise
alexrigler,brettkromkamp/contextualise
shunkakinoki,brettkromkamp/contextualise
usmanakram232,brettkromkamp/contextualise
neibla,brettkromkamp/contextualise
CloudBranch,brettkromkamp/contextualise
kevinsegal,brettkromkamp/contextualise
sriharshakappala,brettkromkamp/contextualise
oudommeas,brettkromkamp/contextualise
scalp42,brettkromkamp/contextualise
moon2l,brettkromkamp/contextualise
nikivdev,brettkromkamp/contextualise
esp10mm,brettkromkamp/contextualise
geduardcatalindev,brettkromkamp/contextualise
denji,brettkromkamp/contextualise
nfultz,brettkromkamp/contextualise
leongkui,brettkromkamp/contextualise
cvic,brettkromkamp/contextualise
nikolay,brettkromkamp/contextualise
djangosporti,brettkromkamp/contextualise
ayush15k1994,brettkromkamp/contextualise
osantana,brettkromkamp/contextualise
rm3l,brettkromkamp/contextualise
onlurking,brettkromkamp/contextualise
kousikan,brettkromkamp/contextualise
yyolk,brettkromkamp/contextualise
quobit,brettkromkamp/contextualise
jimbrig,brettkromkamp/contextualise
ebigram,brettkromkamp/contextualise
d3v3l0,brettkromkamp/contextualise
hyperupcall,brettkromkamp/contextualise
Shifu-Engineer,brettkromkamp/contextualise
johackim,brettkromkamp/contextualise
wjnbreu,brettkromkamp/contextualise
Mudkipboo,brettkromkamp/contextualise
provpup,brettkromkamp/contextualise
WinstonFassett,brettkromkamp/contextualise
harrygallagher4,brettkromkamp/contextualise
canering,brettkromkamp/contextualise
nschlemm,brettkromkamp/contextualise
Good4lien,brettkromkamp/contextualise
adotsloan,brettkromkamp/contextualise
Matt-Deacalion,brettkromkamp/contextualise
mvandermeulen,brettkromkamp/contextualise
yyle88,brettkromkamp/contextualise
Good4lien,devraj/google-diff-match-patch
fabiodr,ritwickdey/live-server-web-extension
denisfitz57,ritwickdey/live-server-web-extension
kevinsegal,ritwickdey/live-server-web-extension
JoseCage,ritwickdey/live-server-web-extension
ff6347,ritwickdey/live-server-web-extension
jonasermert,ritwickdey/live-server-web-extension
eerie,ritwickdey/live-server-web-extension
py7hon,ritwickdey/live-server-web-extension
araguaci,ritwickdey/live-server-web-extension
tddschn,ritwickdey/live-server-web-extension
gauravssnl,ritwickdey/live-server-web-extension
Qdigital,ritwickdey/live-server-web-extension
dcgithub,ritwickdey/live-server-web-extension
max-hk,ritwickdey/live-server-web-extension
TenviLi,ritwickdey/live-server-web-extension
fer-ri,ritwickdey/live-server-web-extension
jimbrig,ritwickdey/live-server-web-extension
royswale,ritwickdey/live-server-web-extension
CharlesCreativeContent,ritwickdey/live-server-web-extension
Pierrot-l3-F0U,ritwickdey/live-server-web-extension
mvandermeulen,ritwickdey/live-server-web-extension
flumpus-dev,ritwickdey/live-server-web-extension
khantzinthu2k1,ritwickdey/live-server-web-extension
KNipunDananjaya,ritwickdey/live-server-web-extension
smanwarulislam,ritwickdey/live-server-web-extension
missAnneThorpe,ritwickdey/live-server-web-extension
adotsloan,ritwickdey/live-server-web-extension
trinhminhtriet,ritwickdey/live-server-web-extension
UltiRequiem,ritwickdey/live-server-web-extension
nbosa,xoreaxeaxeax/sandsifter
0xcpu,xoreaxeaxeax/sandsifter
M1suzu,xoreaxeaxeax/sandsifter
ccl0326,xoreaxeaxeax/sandsifter
mgilbir,xoreaxeaxeax/sandsifter
takuan-osho,xoreaxeaxeax/sandsifter
ericmm,xoreaxeaxeax/sandsifter
Jackneill,xoreaxeaxeax/sandsifter
d-dozer,xoreaxeaxeax/sandsifter
smagellan,xoreaxeaxeax/sandsifter
fijimunkii,xoreaxeaxeax/sandsifter
tensortalk,xoreaxeaxeax/sandsifter
gabrielcorado,xoreaxeaxeax/sandsifter
imsky,xoreaxeaxeax/sandsifter
valpackett,xoreaxeaxeax/sandsifter
michaelmior,xoreaxeaxeax/sandsifter
artob,xoreaxeaxeax/sandsifter
filipeoliveiraa,xoreaxeaxeax/sandsifter
sponnusa,xoreaxeaxeax/sandsifter
ghosthamlet,xoreaxeaxeax/sandsifter
d-led,xoreaxeaxeax/sandsifter
fly51fly,xoreaxeaxeax/sandsifter
nezlooy,xoreaxeaxeax/sandsifter
imikay,xoreaxeaxeax/sandsifter
u0m3,xoreaxeaxeax/sandsifter
NoisyNot,xoreaxeaxeax/sandsifter
notyal,xoreaxeaxeax/sandsifter
haroldo-ok,xoreaxeaxeax/sandsifter
saturation,xoreaxeaxeax/sandsifter
Sliim,xoreaxeaxeax/sandsifter
YerkoPalma,xoreaxeaxeax/sandsifter
ramnes,xoreaxeaxeax/sandsifter
trietptm,xoreaxeaxeax/sandsifter
LeoSolaris,xoreaxeaxeax/sandsifter
puppycodes,xoreaxeaxeax/sandsifter
denji,xoreaxeaxeax/sandsifter
cieplak,xoreaxeaxeax/sandsifter
snehesht,xoreaxeaxeax/sandsifter
hartca,xoreaxeaxeax/sandsifter
nickolasburr,xoreaxeaxeax/sandsifter
Stankye,xoreaxeaxeax/sandsifter
galaris,xoreaxeaxeax/sandsifter
stefaneyr,xoreaxeaxeax/sandsifter
picatz,xoreaxeaxeax/sandsifter
jessb321,xoreaxeaxeax/sandsifter
Doppp,xoreaxeaxeax/sandsifter
antogerva,xoreaxeaxeax/sandsifter
king6cong,xoreaxeaxeax/sandsifter
hapr05,xoreaxeaxeax/sandsifter
ifvictr,xoreaxeaxeax/sandsifter
EtherTyper,xoreaxeaxeax/sandsifter
gauravssnl,xoreaxeaxeax/sandsifter
marcusrbrown,xoreaxeaxeax/sandsifter
weimingtom,xoreaxeaxeax/sandsifter
Quexint,xoreaxeaxeax/sandsifter
pmuens,xoreaxeaxeax/sandsifter
theodesp,xoreaxeaxeax/sandsifter
secondwtq,xoreaxeaxeax/sandsifter
lmatt-bit,xoreaxeaxeax/sandsifter
MatejLach,xoreaxeaxeax/sandsifter
he0x,xoreaxeaxeax/sandsifter
erdii,xoreaxeaxeax/sandsifter
nikivdev,xoreaxeaxeax/sandsifter
janroudaut,xoreaxeaxeax/sandsifter
wdv4758h,xoreaxeaxeax/sandsifter
NguyenTrungTin,xoreaxeaxeax/sandsifter
nikolay,xoreaxeaxeax/sandsifter
SantoshSrinivas79,xoreaxeaxeax/sandsifter
sriharshakappala,xoreaxeaxeax/sandsifter
avinashkoyyana,xoreaxeaxeax/sandsifter
ryanbaxendale,xoreaxeaxeax/sandsifter
orakle,xoreaxeaxeax/sandsifter
slackmage,xoreaxeaxeax/sandsifter
jaredthecoder,xoreaxeaxeax/sandsifter
securitystreak,xoreaxeaxeax/sandsifter
colejhudson,xoreaxeaxeax/sandsifter
MOZGIII,xoreaxeaxeax/sandsifter
balta2ar,xoreaxeaxeax/sandsifter
GNURub,xoreaxeaxeax/sandsifter
neosarchizo,xoreaxeaxeax/sandsifter
Jerzerak,xoreaxeaxeax/sandsifter
Vishal-Isharani,xoreaxeaxeax/sandsifter
kriwil,xoreaxeaxeax/sandsifter
alihalabyah,xoreaxeaxeax/sandsifter
hoangpq,xoreaxeaxeax/sandsifter
alwayrun,xoreaxeaxeax/sandsifter
julianxhokaxhiu,xoreaxeaxeax/sandsifter
datasatori,xoreaxeaxeax/sandsifter
own2pwn,xoreaxeaxeax/sandsifter
samyk,xoreaxeaxeax/sandsifter
esneko,xoreaxeaxeax/sandsifter
colrack,xoreaxeaxeax/sandsifter
daedalus,xoreaxeaxeax/sandsifter
annonuser,xoreaxeaxeax/sandsifter
yyolk,xoreaxeaxeax/sandsifter
leo424y,xoreaxeaxeax/sandsifter
wjybluse,xoreaxeaxeax/sandsifter
markemer,xoreaxeaxeax/sandsifter
jevinskie,xoreaxeaxeax/sandsifter
vittee,xoreaxeaxeax/sandsifter
opragel,xoreaxeaxeax/sandsifter
halfx,xoreaxeaxeax/sandsifter
0x2Adr1,xoreaxeaxeax/sandsifter
yangwao,xoreaxeaxeax/sandsifter
AnanthaRajuC,xoreaxeaxeax/sandsifter
NiksonX,xoreaxeaxeax/sandsifter
jivoi,xoreaxeaxeax/sandsifter
bryant1410,xoreaxeaxeax/sandsifter
bahmdev,xoreaxeaxeax/sandsifter
MSylvia,xoreaxeaxeax/sandsifter
agnosticlines,xoreaxeaxeax/sandsifter
sunsongxp,xoreaxeaxeax/sandsifter
ianko,xoreaxeaxeax/sandsifter
ymn1k,xoreaxeaxeax/sandsifter
achermannagement,xoreaxeaxeax/sandsifter
chenruibin,xoreaxeaxeax/sandsifter
xeoneux,xoreaxeaxeax/sandsifter
MaxfieldLewin,xoreaxeaxeax/sandsifter
opexxx,xoreaxeaxeax/sandsifter
biow0lf,xoreaxeaxeax/sandsifter
7h3rAm,xoreaxeaxeax/sandsifter
kousikan,xoreaxeaxeax/sandsifter
benmcp,xoreaxeaxeax/sandsifter
zhiyue,xoreaxeaxeax/sandsifter
xuanhan863,xoreaxeaxeax/sandsifter
dimlev,xoreaxeaxeax/sandsifter
lyuha,xoreaxeaxeax/sandsifter
wenzhihong2003,xoreaxeaxeax/sandsifter
0xdevalias,xoreaxeaxeax/sandsifter
mirguest,xoreaxeaxeax/sandsifter
jonathanegol,xoreaxeaxeax/sandsifter
famasoon,xoreaxeaxeax/sandsifter
ShikChen,xoreaxeaxeax/sandsifter
onlurking,xoreaxeaxeax/sandsifter
dec0dOS,xoreaxeaxeax/sandsifter
jimmyrcom,xoreaxeaxeax/sandsifter
eerie,xoreaxeaxeax/sandsifter
Chan9390,xoreaxeaxeax/sandsifter
dladuke,xoreaxeaxeax/sandsifter
insanitus,xoreaxeaxeax/sandsifter
mikalv,xoreaxeaxeax/sandsifter
joedf,xoreaxeaxeax/sandsifter
quantumpacket,xoreaxeaxeax/sandsifter
visualrobots,xoreaxeaxeax/sandsifter
0xfeeddeadbeef,xoreaxeaxeax/sandsifter
mrjohannchang,xoreaxeaxeax/sandsifter
fkazimierczak,xoreaxeaxeax/sandsifter
ShawnAlexander,xoreaxeaxeax/sandsifter
jubbon,xoreaxeaxeax/sandsifter
modulexcite,xoreaxeaxeax/sandsifter
dhamaniasad,xoreaxeaxeax/sandsifter
tadev,xoreaxeaxeax/sandsifter
FrankSansC,xoreaxeaxeax/sandsifter
AlexxNica,xoreaxeaxeax/sandsifter
nelix,xoreaxeaxeax/sandsifter
dufferzafar,xoreaxeaxeax/sandsifter
mgeeky,xoreaxeaxeax/sandsifter
neophyt3,xoreaxeaxeax/sandsifter
BenjiTrapp,xoreaxeaxeax/sandsifter
hamannju,xoreaxeaxeax/sandsifter
yeshuibo,xoreaxeaxeax/sandsifter
halsten,xoreaxeaxeax/sandsifter
LuaxY,xoreaxeaxeax/sandsifter
pedoc,xoreaxeaxeax/sandsifter
jmingov,xoreaxeaxeax/sandsifter
jiangplus,xoreaxeaxeax/sandsifter
5y5tem5,xoreaxeaxeax/sandsifter
jgmize,xoreaxeaxeax/sandsifter
dendisuhubdy,xoreaxeaxeax/sandsifter
marctmiller,xoreaxeaxeax/sandsifter
roycewilliams,xoreaxeaxeax/sandsifter
JoseCage,xoreaxeaxeax/sandsifter
the-cc-dev,xoreaxeaxeax/sandsifter
lightoyou,xoreaxeaxeax/sandsifter
peter50216,xoreaxeaxeax/sandsifter
karaninder,xoreaxeaxeax/sandsifter
naltun,xoreaxeaxeax/sandsifter
py7hon,xoreaxeaxeax/sandsifter
PeterVatistas,xoreaxeaxeax/sandsifter
KvaroverHeaven,xoreaxeaxeax/sandsifter
stefanvanburen,xoreaxeaxeax/sandsifter
KEVINYZY,xoreaxeaxeax/sandsifter
tututu-patch,xoreaxeaxeax/sandsifter
vulcangz,xoreaxeaxeax/sandsifter
SebastianElvis,xoreaxeaxeax/sandsifter
gamontal,xoreaxeaxeax/sandsifter
jmcph4,xoreaxeaxeax/sandsifter
sahwar,xoreaxeaxeax/sandsifter
ur5us,xoreaxeaxeax/sandsifter
sanjaypant99,xoreaxeaxeax/sandsifter
DanielPetelin,xoreaxeaxeax/sandsifter
lifa123,xoreaxeaxeax/sandsifter
zpaav,xoreaxeaxeax/sandsifter
gvvynplaine,xoreaxeaxeax/sandsifter
jaffreyjoy,xoreaxeaxeax/sandsifter
sambacha,xoreaxeaxeax/sandsifter
d3v3l0,xoreaxeaxeax/sandsifter
ik5,xoreaxeaxeax/sandsifter
velveteer,xoreaxeaxeax/sandsifter
hyperupcall,xoreaxeaxeax/sandsifter
jamiedevsandbox,xoreaxeaxeax/sandsifter
studiovc,xoreaxeaxeax/sandsifter
tuxcanfly,xoreaxeaxeax/sandsifter
mahmoudimus,xoreaxeaxeax/sandsifter
omasanori,xoreaxeaxeax/sandsifter
Siss3l,xoreaxeaxeax/sandsifter
frankfanslc,xoreaxeaxeax/sandsifter
h1nk,xoreaxeaxeax/sandsifter
HinVec,xoreaxeaxeax/sandsifter
KNipunDananjaya,xoreaxeaxeax/sandsifter
JeffCarpenter,xoreaxeaxeax/sandsifter
MilleniumSpark,xoreaxeaxeax/sandsifter
duksosleepy,xoreaxeaxeax/sandsifter
SeshatCZ,xoreaxeaxeax/sandsifter
tkersey,xoreaxeaxeax/sandsifter
missAnneThorpe,xoreaxeaxeax/sandsifter
Matt-Deacalion,xoreaxeaxeax/sandsifter
savage69kr,xoreaxeaxeax/sandsifter
cvic,xoreaxeaxeax/sandsifter
forestfoxx,xoreaxeaxeax/sandsifter
dkapt,xoreaxeaxeax/sandsifter
RustyCobalt36,xoreaxeaxeax/sandsifter
cbyt3,xoreaxeaxeax/sandsifter
garimasingh128,EddieHubCommunity/awesome-github-profiles
eddiejaoude,EddieHubCommunity/awesome-github-profiles
R-K-H,EddieHubCommunity/awesome-github-profiles
ik5,EddieHubCommunity/awesome-github-profiles
AnanthaRajuC,EddieHubCommunity/awesome-github-profiles
maciej-src,EddieHubCommunity/awesome-github-profiles
jomefavourite,EddieHubCommunity/awesome-github-profiles
umaar,EddieHubCommunity/awesome-github-profiles
jstoobz,EddieHubCommunity/awesome-github-profiles
Suburbanno,EddieHubCommunity/awesome-github-profiles
gauravssnl,EddieHubCommunity/awesome-github-profiles
doc22940,EddieHubCommunity/awesome-github-profiles
max-hk,EddieHubCommunity/awesome-github-profiles
opexxx,EddieHubCommunity/awesome-github-profiles
Panquesito7,EddieHubCommunity/awesome-github-profiles
NS007-dev,EddieHubCommunity/awesome-github-profiles
ubongndoh,EddieHubCommunity/awesome-github-profiles
anurag01a,EddieHubCommunity/awesome-github-profiles
xchanmolx,EddieHubCommunity/awesome-github-profiles
iAhsanJaved,EddieHubCommunity/awesome-github-profiles
Los-had,EddieHubCommunity/awesome-github-profiles
tomoat,EddieHubCommunity/awesome-github-profiles
sreelakshmig009,EddieHubCommunity/awesome-github-profiles
NitinChakraborty2001,EddieHubCommunity/awesome-github-profiles
jgmize,EddieHubCommunity/awesome-github-profiles
Uvacoder,EddieHubCommunity/awesome-github-profiles
Pierrot-l3-F0U,EddieHubCommunity/awesome-github-profiles
TenviLi,EddieHubCommunity/awesome-github-profiles
ImaniAN,EddieHubCommunity/awesome-github-profiles
dsoul,EddieHubCommunity/awesome-github-profiles
vaginessa,EddieHubCommunity/awesome-github-profiles
ravirathore,EddieHubCommunity/awesome-github-profiles
shuklayash10,EddieHubCommunity/awesome-github-profiles
modulexcite,EddieHubCommunity/awesome-github-profiles
DPS0340,EddieHubCommunity/awesome-github-profiles
0l1v3rr,EddieHubCommunity/awesome-github-profiles
gptkrsh,EddieHubCommunity/awesome-github-profiles
sagar-pardhi,EddieHubCommunity/awesome-github-profiles
naveenkumarans,EddieHubCommunity/awesome-github-profiles
MrBlackBeeOsn,EddieHubCommunity/awesome-github-profiles
00mjk,EddieHubCommunity/awesome-github-profiles
ysnbogt,EddieHubCommunity/awesome-github-profiles
sonnylazuardi,EddieHubCommunity/awesome-github-profiles
youngchief-btw,EddieHubCommunity/awesome-github-profiles
KNipunDananjaya,EddieHubCommunity/awesome-github-profiles
hyperupcall,EddieHubCommunity/awesome-github-profiles
eyadsibai,EddieHubCommunity/awesome-github-profiles
kmorrow1,EddieHubCommunity/awesome-github-profiles
Cre4T3Tiv3,EddieHubCommunity/awesome-github-profiles
sephsa,adrianhajdin/project_cryptoverse
fabriceyopa,adrianhajdin/project_cryptoverse
TenviLi,adrianhajdin/project_cryptoverse
Vishal-Isharani,adrianhajdin/project_cryptoverse
herberthk,adrianhajdin/project_cryptoverse
ayush15k1994,adrianhajdin/project_cryptoverse
hercules261188,adrianhajdin/project_cryptoverse
MaxCodeXTC,adrianhajdin/project_cryptoverse
ANTON-IVANOVICH,adrianhajdin/project_cryptoverse
ImaniAN,adrianhajdin/project_cryptoverse
manthanank,adrianhajdin/project_cryptoverse
YulioV,adrianhajdin/project_cryptoverse
senchabot-github,adrianhajdin/project_cryptoverse
GeovaRS,adrianhajdin/project_cryptoverse
ampodo,adrianhajdin/project_cryptoverse
joxtheman,adrianhajdin/project_cryptoverse
justacoolkid,adrianhajdin/project_cryptoverse
RasulSonmez,adrianhajdin/project_cryptoverse
edwinmasri,adrianhajdin/project_cryptoverse
EronMahmuti,adrianhajdin/project_cryptoverse
Swifilaboroka,adrianhajdin/project_cryptoverse
hamdanhussein,adrianhajdin/project_cryptoverse
BiswajitDtta,adrianhajdin/project_cryptoverse
jem98devs,adrianhajdin/project_cryptoverse
baronrustamov,adrianhajdin/project_cryptoverse
shaheen7a,adrianhajdin/project_cryptoverse
SUVENDU-CHHATOI,adrianhajdin/project_cryptoverse
paulgrunt,adrianhajdin/project_cryptoverse
Amadeo-Frontend,adrianhajdin/project_cryptoverse
dezobq,adrianhajdin/project_cryptoverse
AmirWorkplace,adrianhajdin/project_cryptoverse
N0t-Sur3,adrianhajdin/project_cryptoverse
Vincent-coder-sang,adrianhajdin/project_cryptoverse
MrBlackBeeOsn,adrianhajdin/project_cryptoverse
hackerbotsupreme,adrianhajdin/project_cryptoverse
dipayan-code97,adrianhajdin/project_cryptoverse
thannhf,adrianhajdin/project_cryptoverse
hwen020,adrianhajdin/project_cryptoverse
CodebyCyrus,adrianhajdin/project_cryptoverse
pemawangchuk2023,adrianhajdin/project_cryptoverse
rr3s1,adrianhajdin/project_cryptoverse
sayyidisal,adrianhajdin/project_cryptoverse
raviShankarpisini,adrianhajdin/project_cryptoverse
San0740396762,adrianhajdin/project_cryptoverse
soma2000-lang,openfoodfacts/api-documentation
MilleniumSpark,openfoodfacts/api-documentation
saadazghour,florinpop17/app-ideas
krthr,florinpop17/app-ideas
neibla,florinpop17/app-ideas
oudommeas,florinpop17/app-ideas
RinatValiullov,florinpop17/app-ideas
ik5,florinpop17/app-ideas
haroldo-ok,florinpop17/app-ideas
deep-programmer,florinpop17/app-ideas
iRaul,florinpop17/app-ideas
JonReppDirectOneDesign,florinpop17/app-ideas
andantonyan,florinpop17/app-ideas
jessb321,florinpop17/app-ideas
rogeriomarques,florinpop17/app-ideas
peterbrinck,florinpop17/app-ideas
orakle,florinpop17/app-ideas
thanhtoan1196,florinpop17/app-ideas
slackmage,florinpop17/app-ideas
catplanet007,florinpop17/app-ideas
eueung,florinpop17/app-ideas
balta2ar,florinpop17/app-ideas
tracure1337,florinpop17/app-ideas
maxrugen,florinpop17/app-ideas
fly51fly,florinpop17/app-ideas
jbenner-radham,florinpop17/app-ideas
filipeoliveiraa,florinpop17/app-ideas
sriharshakappala,florinpop17/app-ideas
apmarshall,florinpop17/app-ideas
annonuser,florinpop17/app-ideas
benqian,florinpop17/app-ideas
ducktype,florinpop17/app-ideas
manikantag,florinpop17/app-ideas
CloudBranch,florinpop17/app-ideas
jihchi,florinpop17/app-ideas
GNURub,florinpop17/app-ideas
CodeEagle,florinpop17/app-ideas
kaoussi,florinpop17/app-ideas
mfaridzia,florinpop17/app-ideas
nvanmeurs,florinpop17/app-ideas
rrichards,florinpop17/app-ideas
wjybluse,florinpop17/app-ideas
dhuckins,florinpop17/app-ideas
zhiyue,florinpop17/app-ideas
misterT2525,florinpop17/app-ideas
hoangpq,florinpop17/app-ideas
hnq90,florinpop17/app-ideas
sagar-pardhi,florinpop17/app-ideas
xeoneux,florinpop17/app-ideas
nikivdev,florinpop17/app-ideas
pyadav,florinpop17/app-ideas
fabriceyopa,florinpop17/app-ideas
cchitsiang,florinpop17/app-ideas
denji,florinpop17/app-ideas
khaled131,florinpop17/app-ideas
falkirks,florinpop17/app-ideas
esp10mm,florinpop17/app-ideas
johnyxu,florinpop17/app-ideas
rimenes,florinpop17/app-ideas
dewang-mistry,florinpop17/app-ideas
kousikan,florinpop17/app-ideas
muniz95,florinpop17/app-ideas
akaralar,florinpop17/app-ideas
brenopolanski,florinpop17/app-ideas
johackim,florinpop17/app-ideas
ifvictr,florinpop17/app-ideas
hoangtx,florinpop17/app-ideas
reddysainathn,florinpop17/app-ideas
neosarchizo,florinpop17/app-ideas
chenruibin,florinpop17/app-ideas
tchigher,florinpop17/app-ideas
Doppp,florinpop17/app-ideas
itsnotvalid,florinpop17/app-ideas
FrankSansC,florinpop17/app-ideas
biow0lf,florinpop17/app-ideas
mikelnrd,florinpop17/app-ideas
bluemix,florinpop17/app-ideas
ghishadow,florinpop17/app-ideas
chaitanyaphalak,florinpop17/app-ideas
make-github-pseudonymous-again,florinpop17/app-ideas
wtigert,florinpop17/app-ideas
ShikChen,florinpop17/app-ideas
plamengj,florinpop17/app-ideas
Yukaii,florinpop17/app-ideas
likaihere,florinpop17/app-ideas
indistinctTalk,florinpop17/app-ideas
whatwewant,florinpop17/app-ideas
sonnylazuardi,florinpop17/app-ideas
mikesprague,florinpop17/app-ideas
alwayrun,florinpop17/app-ideas
dotsource,florinpop17/app-ideas
provpup,florinpop17/app-ideas
axifive,florinpop17/app-ideas
R-K-H,florinpop17/app-ideas
antick,florinpop17/app-ideas
StarZ3r0,florinpop17/app-ideas
onlurking,florinpop17/app-ideas
AnanthaRajuC,florinpop17/app-ideas
madhuakula,florinpop17/app-ideas
victory-sokolov,florinpop17/app-ideas
owen800q,florinpop17/app-ideas
Wallace121980,florinpop17/app-ideas
theodesp,florinpop17/app-ideas
NguyenTrungTin,florinpop17/app-ideas
folasm87,florinpop17/app-ideas
cometkim,florinpop17/app-ideas
jay3ss,florinpop17/app-ideas
NiksonX,florinpop17/app-ideas
imxiaohui,florinpop17/app-ideas
jonasermert,florinpop17/app-ideas
xuanhan863,florinpop17/app-ideas
ArunkumarRamanan,florinpop17/app-ideas
Joe-oss9527,florinpop17/app-ideas
batermj,florinpop17/app-ideas
chibicode,florinpop17/app-ideas
harrygallagher4,florinpop17/app-ideas
jaamaalxyz,florinpop17/app-ideas
jubbon,florinpop17/app-ideas
cybernetics,florinpop17/app-ideas
iTonyYo,florinpop17/app-ideas
vintagesucks,florinpop17/app-ideas
gvvynplaine,florinpop17/app-ideas
max-hk,florinpop17/app-ideas
modulexcite,florinpop17/app-ideas
yasenn,florinpop17/app-ideas
posquit0,florinpop17/app-ideas
TheMushrr00m,florinpop17/app-ideas
therealt3nzin,florinpop17/app-ideas
deadlocks,florinpop17/app-ideas
nicholasadamou,florinpop17/app-ideas
SantoshSrinivas79,florinpop17/app-ideas
lanqy,florinpop17/app-ideas
SebastianElvis,florinpop17/app-ideas
leo424y,florinpop17/app-ideas
juandc,florinpop17/app-ideas
jedsada-gh,florinpop17/app-ideas
pranavlathigara,florinpop17/app-ideas
gauravssnl,florinpop17/app-ideas
vulcangz,florinpop17/app-ideas
matagus,florinpop17/app-ideas
ktkization,florinpop17/app-ideas
MaxCodeXTC,adrianhajdin/project_e_commerce
sephsa,adrianhajdin/project_e_commerce
morristech,adrianhajdin/project_e_commerce
smanwarulislam,adrianhajdin/project_e_commerce
antick,adrianhajdin/project_e_commerce
tchigher,adrianhajdin/project_e_commerce
royswale,adrianhajdin/project_e_commerce
dolev146,adrianhajdin/project_e_commerce
GeovaRS,adrianhajdin/project_e_commerce
NitinChakraborty2001,adrianhajdin/project_e_commerce
Los-had,adrianhajdin/project_e_commerce
Abhimishra2424,adrianhajdin/project_e_commerce
ubongndoh,adrianhajdin/project_e_commerce
arafat877,adrianhajdin/project_e_commerce
AppServiceProvider,adrianhajdin/project_e_commerce
herberthk,adrianhajdin/project_e_commerce
hercules261188,adrianhajdin/project_e_commerce
manthanank,adrianhajdin/project_e_commerce
ANTON-IVANOVICH,adrianhajdin/project_e_commerce
ImaniAN,adrianhajdin/project_e_commerce
esneko,adrianhajdin/project_e_commerce
joxtheman,adrianhajdin/project_e_commerce
justacoolkid,adrianhajdin/project_e_commerce
RasulSonmez,adrianhajdin/project_e_commerce
johnyxu,adrianhajdin/project_e_commerce
edwinmasri,adrianhajdin/project_e_commerce
suxinde2009,adrianhajdin/project_e_commerce
EronMahmuti,adrianhajdin/project_e_commerce
Swifilaboroka,adrianhajdin/project_e_commerce
hamdanhussein,adrianhajdin/project_e_commerce
khantzinthu2k1,adrianhajdin/project_e_commerce
jem98devs,adrianhajdin/project_e_commerce
baronrustamov,adrianhajdin/project_e_commerce
shaheen7a,adrianhajdin/project_e_commerce
SUVENDU-CHHATOI,adrianhajdin/project_e_commerce
paulgrunt,adrianhajdin/project_e_commerce
Amadeo-Frontend,adrianhajdin/project_e_commerce
dezobq,adrianhajdin/project_e_commerce
AmirWorkplace,adrianhajdin/project_e_commerce
N0t-Sur3,adrianhajdin/project_e_commerce
Vincent-coder-sang,adrianhajdin/project_e_commerce
MrBlackBeeOsn,adrianhajdin/project_e_commerce
naveenkumarans,adrianhajdin/project_e_commerce
firdausakbarr,adrianhajdin/project_e_commerce
Nullcano,adrianhajdin/project_e_commerce
hackerbotsupreme,adrianhajdin/project_e_commerce
thannhf,adrianhajdin/project_e_commerce
hwen020,adrianhajdin/project_e_commerce
abhijit1990,adrianhajdin/project_e_commerce
rr3s1,adrianhajdin/project_e_commerce
raviShankarpisini,adrianhajdin/project_e_commerce
San0740396762,adrianhajdin/project_e_commerce
codyphobe,samczsun/Skype4J
hnq90,samczsun/Skype4J
misterT2525,samczsun/Skype4J
falkirks,samczsun/Skype4J
00mjk,samczsun/Skype4J
rmetzler,donnemartin/gitsome
haraball,donnemartin/gitsome
roryrjb,donnemartin/gitsome
mugli,donnemartin/gitsome
jonbaer,donnemartin/gitsome
Amorymeltzer,donnemartin/gitsome
adnils,donnemartin/gitsome
minhoryang,donnemartin/gitsome
andreis,donnemartin/gitsome
Jerzerak,donnemartin/gitsome
falkirks,donnemartin/gitsome
xrmr,donnemartin/gitsome
maciej-src,donnemartin/gitsome
matthochler,donnemartin/gitsome
SantoshSrinivas79,donnemartin/gitsome
nikolay,donnemartin/gitsome
Jackneill,donnemartin/gitsome
djvdorp,donnemartin/gitsome
dufferzafar,donnemartin/gitsome
iCHAIT,donnemartin/gitsome
MaxfieldLewin,donnemartin/gitsome
imikay,donnemartin/gitsome
marwanhilmi,donnemartin/gitsome
yangwao,donnemartin/gitsome
DonDebonair,donnemartin/gitsome
stefaneyr,donnemartin/gitsome
filipeoliveiraa,donnemartin/gitsome
nerdfiles,donnemartin/gitsome
jbenner-radham,donnemartin/gitsome
TyrannosaurusREKT,donnemartin/gitsome
kriwil,donnemartin/gitsome
Doppp,donnemartin/gitsome
wjybluse,donnemartin/gitsome
rogeriomarques,donnemartin/gitsome
mjhea0,donnemartin/gitsome
levonk,donnemartin/gitsome
xhs,donnemartin/gitsome
fabiodr,donnemartin/gitsome
bolerovt,donnemartin/gitsome
hilarryxu,donnemartin/gitsome
himalay,donnemartin/gitsome
karbon0x,donnemartin/gitsome
zhaozhao,donnemartin/gitsome
mrjohannchang,donnemartin/gitsome
fly51fly,donnemartin/gitsome
oudommeas,donnemartin/gitsome
FrankSansC,donnemartin/gitsome
balta2ar,donnemartin/gitsome
zackmore,donnemartin/gitsome
sriharshakappala,donnemartin/gitsome
hapr05,donnemartin/gitsome
yongjhih,donnemartin/gitsome
mirguest,donnemartin/gitsome
YerkoPalma,donnemartin/gitsome
sg-s,donnemartin/gitsome
reduxionist,donnemartin/gitsome
reklis,donnemartin/gitsome
j-hernandez,donnemartin/gitsome
nemesiscodex,donnemartin/gitsome
gamontal,donnemartin/gitsome
Quexint,donnemartin/gitsome
KevinRamsunder,donnemartin/gitsome
MatejLach,donnemartin/gitsome
zbeekman,donnemartin/gitsome
johackim,donnemartin/gitsome
brunowego,donnemartin/gitsome
lyuha,donnemartin/gitsome
joshuarubin,donnemartin/gitsome
edersohe,donnemartin/gitsome
therebelrobot,donnemartin/gitsome
jfexyz,donnemartin/gitsome
flrngel,donnemartin/gitsome
zhiyue,donnemartin/gitsome
wtigert,donnemartin/gitsome
anatolinicolae,donnemartin/gitsome
sunlei,donnemartin/gitsome
shuber,donnemartin/gitsome
slackmage,donnemartin/gitsome
rustoceans,donnemartin/gitsome
colrack,donnemartin/gitsome
peterbrinck,donnemartin/gitsome
JesseTG,donnemartin/gitsome
akaralar,donnemartin/gitsome
dewang-mistry,donnemartin/gitsome
wassiim,donnemartin/gitsome
tadev,donnemartin/gitsome
azu,donnemartin/gitsome
annonuser,donnemartin/gitsome
alwayrun,donnemartin/gitsome
kevinmcalear,donnemartin/gitsome
neosarchizo,donnemartin/gitsome
vittee,donnemartin/gitsome
vyorkin,donnemartin/gitsome
moon2l,donnemartin/gitsome
chenruibin,donnemartin/gitsome
zxhfirefox,donnemartin/gitsome
NguyenTrungTin,donnemartin/gitsome
d-led,donnemartin/gitsome
ajmalafif,donnemartin/gitsome
janroudaut,donnemartin/gitsome
7heaven,donnemartin/gitsome
dyhpoon,donnemartin/gitsome
alihalabyah,donnemartin/gitsome
AnanthaRajuC,donnemartin/gitsome
xeoneux,donnemartin/gitsome
EvgeneOskin,donnemartin/gitsome
hartca,donnemartin/gitsome
kgryte,donnemartin/gitsome
speckz,donnemartin/gitsome
rimenes,donnemartin/gitsome
renruyi,donnemartin/gitsome
joedf,donnemartin/gitsome
indistinctTalk,donnemartin/gitsome
taesiri,donnemartin/gitsome
tensortalk,donnemartin/gitsome
codyphobe,donnemartin/gitsome
abduld,donnemartin/gitsome
jhermann,donnemartin/gitsome
jalcine,donnemartin/gitsome
fer-ri,donnemartin/gitsome
hnq90,donnemartin/gitsome
nhducit,donnemartin/gitsome
lmatt-bit,donnemartin/gitsome
peter50216,donnemartin/gitsome
takuan-osho,donnemartin/gitsome
petehouston,donnemartin/gitsome
ff6347,donnemartin/gitsome
jmcph4,donnemartin/gitsome
iemejia,donnemartin/gitsome
lucianosb,donnemartin/gitsome
jumbojett,donnemartin/gitsome
jihchi,donnemartin/gitsome
kprybol,donnemartin/gitsome
girish,donnemartin/gitsome
RobertAudi,donnemartin/gitsome
pvergain,donnemartin/gitsome
dimon222,donnemartin/gitsome
ghishadow,donnemartin/gitsome
ThomasG77,donnemartin/gitsome
manrajgrover,donnemartin/gitsome
utensil,donnemartin/gitsome
chentsulin,donnemartin/gitsome
jubbon,donnemartin/gitsome
onlydole,donnemartin/gitsome
fieu,donnemartin/gitsome
detailyang,donnemartin/gitsome
suriyaa,donnemartin/gitsome
odyss009,donnemartin/gitsome
mihaeu,donnemartin/gitsome
gabrielcorado,donnemartin/gitsome
CreatorMetaSky,donnemartin/gitsome
shunwang,donnemartin/gitsome
cwonrails,donnemartin/gitsome
julianxhokaxhiu,donnemartin/gitsome
mwarkentin,donnemartin/gitsome
mbrukman,donnemartin/gitsome
michaelhood,donnemartin/gitsome
coffee4code,donnemartin/gitsome
sescobb27,donnemartin/gitsome
namuit,donnemartin/gitsome
nschlemm,donnemartin/gitsome
mrmign,donnemartin/gitsome
hoangtx,donnemartin/gitsome
0xfeeddeadbeef,donnemartin/gitsome
unixfox,donnemartin/gitsome
bahmdev,donnemartin/gitsome
darkdown,donnemartin/gitsome
floydwch,donnemartin/gitsome
wdv4758h,donnemartin/gitsome
TankMasterRL,donnemartin/gitsome
NoisyNot,donnemartin/gitsome
deadlocks,donnemartin/gitsome
madhuakula,donnemartin/gitsome
obahareth,donnemartin/gitsome
yvan-sraka,donnemartin/gitsome
fkazimierczak,donnemartin/gitsome
avinashkoyyana,donnemartin/gitsome
notyal,donnemartin/gitsome
marcusrbrown,donnemartin/gitsome
datasatori,donnemartin/gitsome
chibicode,donnemartin/gitsome
Joe-oss9527,donnemartin/gitsome
JoseCage,donnemartin/gitsome
smagellan,donnemartin/gitsome
hub33k,donnemartin/gitsome
canering,donnemartin/gitsome
brianluby,donnemartin/gitsome
linhua55,donnemartin/gitsome
Shohan494,donnemartin/gitsome
michaelchiche,donnemartin/gitsome
levbrie,donnemartin/gitsome
saravntbe,donnemartin/gitsome
ccl0326,donnemartin/gitsome
LuaxY,donnemartin/gitsome
huynhducduy,donnemartin/gitsome
stefanvanburen,donnemartin/gitsome
brennebeck,donnemartin/gitsome
dobestan,donnemartin/gitsome
rafi,donnemartin/gitsome
michaelmior,donnemartin/gitsome
rrichards,donnemartin/gitsome
mikesprague,donnemartin/gitsome
goshacmd,donnemartin/gitsome
makotot,donnemartin/gitsome
esp10mm,donnemartin/gitsome
onlurking,donnemartin/gitsome
jonasermert,donnemartin/gitsome
johnowennixon,donnemartin/gitsome
asaaki,donnemartin/gitsome
mgilbir,donnemartin/gitsome
NiksonX,donnemartin/gitsome
crazyguitar,donnemartin/gitsome
yoCruzer,donnemartin/gitsome
weimingtom,donnemartin/gitsome
d-dozer,donnemartin/gitsome
yasenn,donnemartin/gitsome
AlexSwensen,donnemartin/gitsome
josedulanto,donnemartin/gitsome
kwilczynski,donnemartin/gitsome
fabriceyopa,donnemartin/gitsome
soenkekluth,donnemartin/gitsome
GeorgeErickson,donnemartin/gitsome
Widcket,donnemartin/gitsome
CodeEagle,donnemartin/gitsome
ShikChen,donnemartin/gitsome
sunsongxp,donnemartin/gitsome
zouguangxian,donnemartin/gitsome
nikivdev,donnemartin/gitsome
RickWong,donnemartin/gitsome
ptsurbeleu,donnemartin/gitsome
arpit1997,donnemartin/gitsome
damianesteban,donnemartin/gitsome
Yukaii,donnemartin/gitsome
bonfy,donnemartin/gitsome
phpmaple,donnemartin/gitsome
king6cong,donnemartin/gitsome
rishipuri,donnemartin/gitsome
opt9,donnemartin/gitsome
discountry,donnemartin/gitsome
manikantag,donnemartin/gitsome
dladuke,donnemartin/gitsome
ryoikarashi,donnemartin/gitsome
jonathanegol,donnemartin/gitsome
gmittal,donnemartin/gitsome
likaihere,donnemartin/gitsome
arrmac,donnemartin/gitsome
leo424y,donnemartin/gitsome
joseluisq,donnemartin/gitsome
naltun,donnemartin/gitsome
StarZ3r0,donnemartin/gitsome
pachacamac,donnemartin/gitsome
deadcoder0904,donnemartin/gitsome
Nangal,donnemartin/gitsome
anqur,donnemartin/gitsome
wigust,donnemartin/gitsome
quobit,donnemartin/gitsome
Jermic,donnemartin/gitsome
folasm87,donnemartin/gitsome
fannheyward,donnemartin/gitsome
u0m3,donnemartin/gitsome
jgmize,donnemartin/gitsome
R-K-H,donnemartin/gitsome
MikeGolden,donnemartin/gitsome
BlancosWay,donnemartin/gitsome
darvid,donnemartin/gitsome
apmarshall,donnemartin/gitsome
NikhilDoWhile,donnemartin/gitsome
pranavlathigara,donnemartin/gitsome
modulexcite,donnemartin/gitsome
visualrobots,donnemartin/gitsome
benmcp,donnemartin/gitsome
Solertis,donnemartin/gitsome
chaitanyaphalak,donnemartin/gitsome
oanhnn,donnemartin/gitsome
nickolasburr,donnemartin/gitsome
tomoat,donnemartin/gitsome
ymn1k,donnemartin/gitsome
valpackett,donnemartin/gitsome
saturation,donnemartin/gitsome
dclambert,donnemartin/gitsome
rakhmad,donnemartin/gitsome
bntzio,donnemartin/gitsome
Sliim,donnemartin/gitsome
cvic,donnemartin/gitsome
giovannism20,donnemartin/gitsome
Pishtiko,donnemartin/gitsome
roscopecoltran,donnemartin/gitsome
kaoussi,donnemartin/gitsome
savage69kr,donnemartin/gitsome
dhamaniasad,donnemartin/gitsome
shoichiaizawa,donnemartin/gitsome
hydrosquall,donnemartin/gitsome
mofelee,donnemartin/gitsome
dec0dOS,donnemartin/gitsome
mrluanma,donnemartin/gitsome
Chan9390,donnemartin/gitsome
ik5,donnemartin/gitsome
rtdaly,donnemartin/gitsome
dhuckins,donnemartin/gitsome
aviaryan,aviaryan/Clipjump
dufferzafar,aviaryan/Clipjump
eerie,aviaryan/Clipjump
arpit1997,aviaryan/Clipjump
tadev,aviaryan/Clipjump
sivartravis,aviaryan/Clipjump
Yukaii,aviaryan/Clipjump
fabiodr,aviaryan/Clipjump
old101,aviaryan/Clipjump
the-cc-dev,aviaryan/Clipjump
likaihere,aviaryan/Clipjump
dcgithub,aviaryan/Clipjump
sahwar,aviaryan/Clipjump
Butters3388214,aviaryan/Clipjump
gosoxharp,aviaryan/Clipjump
Good4lien,aviaryan/Clipjump
hyperupcall,aviaryan/Clipjump
jimbrig,aviaryan/Clipjump
BxC1sF1E,aviaryan/Clipjump
agileone,antonmedv/expr
roscopecoltran,antonmedv/expr
khanhicetea,antonmedv/expr
picatz,antonmedv/expr
dimlev,antonmedv/expr
mgilbir,antonmedv/expr
d-led,antonmedv/expr
wendigo,antonmedv/expr
GeorgeErickson,antonmedv/expr
ur5us,antonmedv/expr
gauravssnl,antonmedv/expr
xhs,antonmedv/expr
NexZhu,antonmedv/expr
markemer,antonmedv/expr
wenzhihong2003,antonmedv/expr
catplanet007,antonmedv/expr
ericmm,antonmedv/expr
triplekill,antonmedv/expr
stefanvanburen,antonmedv/expr
edersohe,antonmedv/expr
andreis,antonmedv/expr
ik5,antonmedv/expr
lanastasov,antonmedv/expr
linhua55,antonmedv/expr
old101,antonmedv/expr
misterT2525,antonmedv/expr
oudommeas,antonmedv/expr
haroldo-ok,antonmedv/expr
tadev,antonmedv/expr
fly51fly,antonmedv/expr
denisse-dev,antonmedv/expr
axifive,antonmedv/expr
denji,antonmedv/expr
v9n,antonmedv/expr
svercl,antonmedv/expr
MatejLach,antonmedv/expr
montanaflynn,antonmedv/expr
scalp42,antonmedv/expr
conail,antonmedv/expr
indistinctTalk,antonmedv/expr
mrluanma,antonmedv/expr
yyolk,antonmedv/expr
ccl0326,antonmedv/expr
nikivdev,antonmedv/expr
mahmoudimus,antonmedv/expr
tuxcanfly,antonmedv/expr
vulcangz,antonmedv/expr
hoangpq,antonmedv/expr
LuaxY,antonmedv/expr
sachaarbonel,antonmedv/expr
ptsurbeleu,antonmedv/expr
rakhmad,antonmedv/expr
detailyang,antonmedv/expr
oieduardorabelo,antonmedv/expr
achermannagement,antonmedv/expr
tomoat,antonmedv/expr
imikay,antonmedv/expr
tg-z,antonmedv/expr
chenruibin,antonmedv/expr
antogerva,antonmedv/expr
orakle,antonmedv/expr
d3v3l0,antonmedv/expr
hyperupcall,antonmedv/expr
JeffCarpenter,antonmedv/expr
codyphobe,antonmedv/expr
entrptaher,antonmedv/expr
ryoikarashi,antonmedv/expr
yasinatesim,antonmedv/expr
jamiedevsandbox,antonmedv/expr
rmetzler,antonmedv/expr
byteshiva,antonmedv/expr
i0Ek3,antonmedv/expr
gkze,antonmedv/expr
herbygillot,antonmedv/expr
Ay-355,antonmedv/expr
meafs,antonmedv/expr
saadazghour,antonmedv/expr
hartca,antonmedv/expr
studiovc,antonmedv/expr
frankfanslc,antonmedv/expr
Mithileshraj123,antonmedv/expr
hktalent,antonmedv/expr
Bvaudin,antonmedv/expr
harrygallagher4,antonmedv/expr
royswale,antonmedv/expr
AppServiceProvider,antonmedv/expr
rtzll,antonmedv/expr
hilarryxu,antonmedv/expr
madhuakula,antonmedv/expr
purtyb1tch92,antonmedv/expr
dalakatt,antonmedv/expr
jiangplus,antonmedv/expr
dsoul,antonmedv/expr
famasoon,antonmedv/expr
ravirathore,antonmedv/expr
pillowsoft,antonmedv/expr
WinstonFassett,antonmedv/expr
mugli,antonmedv/expr
tracure1337,antonmedv/expr
jianyuan,antonmedv/expr
ellisonleao,antonmedv/expr
kwilczynski,antonmedv/expr
tkersey,antonmedv/expr
MilleniumSpark,antonmedv/expr
nobiit,antonmedv/expr
leongkui,antonmedv/expr
TenviLi,antonmedv/expr
agnosticlines,antonmedv/expr
Sandalots,antonmedv/expr
ducktype,antonmedv/expr
CreatorMetaSky,antonmedv/expr
ysnbogt,antonmedv/expr
pedoc,antonmedv/expr
mattbis,antonmedv/expr
zxhfirefox,antonmedv/expr
anqur,antonmedv/expr
mrmign,antonmedv/expr
fieu,antonmedv/expr
nikolay,antonmedv/expr
whatwewant,antonmedv/expr
usmanakram232,antonmedv/expr
gabrielcorado,antonmedv/expr
lordvins226,antonmedv/expr
dec0dOS,antonmedv/expr
flumpus-dev,antonmedv/expr
tchigher,antonmedv/expr
szy0syz,antonmedv/expr
dhuckins,antonmedv/expr
Antonito,antonmedv/expr
nfultz,antonmedv/expr
osantana,antonmedv/expr
kangkot,antonmedv/expr
dbanck,antonmedv/expr
sunlei,antonmedv/expr
omasanori,antonmedv/expr
suriyaa,octocat/hello-worId
wassiim,octocat/hello-worId
youngchief-btw,octocat/hello-worId
dalakatt,octocat/hello-worId
itsimpeccable,octocat/hello-worId
Ramyromel,octocat/hello-worId
Ayokanmi-Adejola,octocat/hello-worId
denji,arogozhnikov/einops
fly51fly,arogozhnikov/einops
xuanhan863,arogozhnikov/einops
nfultz,arogozhnikov/einops
deep-programmer,arogozhnikov/einops
floydwch,arogozhnikov/einops
jubbon,arogozhnikov/einops
artob,arogozhnikov/einops
orakle,arogozhnikov/einops
jonbaer,arogozhnikov/einops
denisfitz57,arogozhnikov/einops
neibla,arogozhnikov/einops
tchigher,arogozhnikov/einops
oudommeas,arogozhnikov/einops
studiovc,arogozhnikov/einops
eueung,arogozhnikov/einops
abduld,arogozhnikov/einops
gaoypChina,arogozhnikov/einops
alexrigler,arogozhnikov/einops
esp10mm,arogozhnikov/einops
dimlev,arogozhnikov/einops
GeorgeErickson,arogozhnikov/einops
JesseTG,arogozhnikov/einops
quantumpacket,arogozhnikov/einops
flrngel,arogozhnikov/einops
hsen-dev,arogozhnikov/einops
haroldo-ok,arogozhnikov/einops
ansarid,arogozhnikov/einops
dendisuhubdy,arogozhnikov/einops
ArunkumarRamanan,arogozhnikov/einops
axjs,arogozhnikov/einops
antogerva,arogozhnikov/einops
stjordanis,arogozhnikov/einops
likaihere,arogozhnikov/einops
dclambert,arogozhnikov/einops
appidiabhinav,arogozhnikov/einops
nikivdev,arogozhnikov/einops
mahmoudimus,arogozhnikov/einops
krthr,arogozhnikov/einops
vdt,arogozhnikov/einops
veris-pr,arogozhnikov/einops
AppServiceProvider,arogozhnikov/einops
hnq90,arogozhnikov/einops
eyadsibai,arogozhnikov/einops
oieduardorabelo,arogozhnikov/einops
SantoshSrinivas79,arogozhnikov/einops
he0x,arogozhnikov/einops
jon-chun,arogozhnikov/einops
kgryte,arogozhnikov/einops
andrewwxy,arogozhnikov/einops
sg-s,arogozhnikov/einops
vigneshv92,arogozhnikov/einops
jgmize,arogozhnikov/einops
ik5,arogozhnikov/einops
manrajgrover,arogozhnikov/einops
iAhsanJaved,arogozhnikov/einops
denisse-dev,arogozhnikov/einops
filipeoliveiraa,arogozhnikov/einops
sanjaypant99,arogozhnikov/einops
savage69kr,arogozhnikov/einops
omasanori,arogozhnikov/einops
leongkui,arogozhnikov/einops
mrluanma,arogozhnikov/einops
Murplugg,arogozhnikov/einops
kprybol,arogozhnikov/einops
ghosthamlet,arogozhnikov/einops
mahmoudkandeel,arogozhnikov/einops
MtDeity,arogozhnikov/einops
andriyor,arogozhnikov/einops
pedoc,arogozhnikov/einops
p-raj,arogozhnikov/einops
taesiri,arogozhnikov/einops
ebigram,arogozhnikov/einops
zxhfirefox,arogozhnikov/einops
nobiit,arogozhnikov/einops
hamannju,arogozhnikov/einops
mbrukman,arogozhnikov/einops
frankfanslc,arogozhnikov/einops
senchabot-github,arogozhnikov/einops
utensil,arogozhnikov/einops
sergkop,arogozhnikov/einops
soma2000-lang,arogozhnikov/einops
Mithileshraj123,arogozhnikov/einops
hoangpq,arogozhnikov/einops
JeffCarpenter,arogozhnikov/einops
Siss3l,arogozhnikov/einops
pcaversaccio,arogozhnikov/einops
Panquesito7,SauravMukherjee44/CodeIN-Community-Website
NitinChakraborty2001,SauravMukherjee44/CodeIN-Community-Website
ravirathore,SauravMukherjee44/CodeIN-Community-Website
TenviLi,SauravMukherjee44/CodeIN-Community-Website
naveenkumarans,SauravMukherjee44/CodeIN-Community-Website
derhuerst,donnemartin/haxor-news
sourcepirate,donnemartin/haxor-news
Sliim,donnemartin/haxor-news
xrmr,donnemartin/haxor-news
evandrix,donnemartin/haxor-news
fly51fly,donnemartin/haxor-news
MaxfieldLewin,donnemartin/haxor-news
opt9,donnemartin/haxor-news
Jackneill,donnemartin/haxor-news
stefaneyr,donnemartin/haxor-news
wenzhihong2003,donnemartin/haxor-news
macint0sh,donnemartin/haxor-news
takuan-osho,donnemartin/haxor-news
xhs,donnemartin/haxor-news
jhermann,donnemartin/haxor-news
futoase,donnemartin/haxor-news
montanaflynn,donnemartin/haxor-news
nikivdev,donnemartin/haxor-news
roryrjb,donnemartin/haxor-news
sebinsua,donnemartin/haxor-news
pyadav,donnemartin/haxor-news
brennebeck,donnemartin/haxor-news
dufferzafar,donnemartin/haxor-news
michaelmior,donnemartin/haxor-news
fijimunkii,donnemartin/haxor-news
djvdorp,donnemartin/haxor-news
andreis,donnemartin/haxor-news
hapr05,donnemartin/haxor-news
andreipopovici,donnemartin/haxor-news
sriharshakappala,donnemartin/haxor-news
Amorymeltzer,donnemartin/haxor-news
falkirks,donnemartin/haxor-news
RickWong,donnemartin/haxor-news
chenruibin,donnemartin/haxor-news
pmuens,donnemartin/haxor-news
detailyang,donnemartin/haxor-news
bahmdev,donnemartin/haxor-news
lyuha,donnemartin/haxor-news
tensortalk,donnemartin/haxor-news
shoichiaizawa,donnemartin/haxor-news
karbon0x,donnemartin/haxor-news
adnils,donnemartin/haxor-news
nikolay,donnemartin/haxor-news
MSylvia,donnemartin/haxor-news
iCHAIT,donnemartin/haxor-news
wtigert,donnemartin/haxor-news
sibelius,donnemartin/haxor-news
xeoneux,donnemartin/haxor-news
snehesht,donnemartin/haxor-news
jonbaer,donnemartin/haxor-news
matthochler,donnemartin/haxor-news
jcampbell05,donnemartin/haxor-news
tadev,donnemartin/haxor-news
j-hernandez,donnemartin/haxor-news
dhuckins,donnemartin/haxor-news
MatejLach,donnemartin/haxor-news
TyrannosaurusREKT,donnemartin/haxor-news
mjhea0,donnemartin/haxor-news
roycewilliams,donnemartin/haxor-news
chitacan,donnemartin/haxor-news
Doppp,donnemartin/haxor-news
jbenner-radham,donnemartin/haxor-news
xuanhan863,donnemartin/haxor-news
hnq90,donnemartin/haxor-news
SantoshSrinivas79,donnemartin/haxor-news
coffee4code,donnemartin/haxor-news
petehouston,donnemartin/haxor-news
nerdfiles,donnemartin/haxor-news
FrankSansC,donnemartin/haxor-news
lmatt-bit,donnemartin/haxor-news
oudommeas,donnemartin/haxor-news
saturation,donnemartin/haxor-news
rtcoms,donnemartin/haxor-news
alihalabyah,donnemartin/haxor-news
wendigo,donnemartin/haxor-news
hawkup,donnemartin/haxor-news
NguyenTrungTin,donnemartin/haxor-news
rishipuri,donnemartin/haxor-news
nvanmeurs,donnemartin/haxor-news
peter50216,donnemartin/haxor-news
joseluisq,donnemartin/haxor-news
joshuarubin,donnemartin/haxor-news
shuber,donnemartin/haxor-news
mrjohannchang,donnemartin/haxor-news
fabiodr,donnemartin/haxor-news
ptsurbeleu,donnemartin/haxor-news
neosarchizo,donnemartin/haxor-news
0xdevalias,donnemartin/haxor-news
kriwil,donnemartin/haxor-news
Jerzerak,donnemartin/haxor-news
7h3rAm,donnemartin/haxor-news
EvgeneOskin,donnemartin/haxor-news
apmarshall,donnemartin/haxor-news
janroudaut,donnemartin/haxor-news
kevinmcalear,donnemartin/haxor-news
gmittal,donnemartin/haxor-news
bolerovt,donnemartin/haxor-news
zhaozhao,donnemartin/haxor-news
JBTech,donnemartin/haxor-news
djangosporti,donnemartin/haxor-news
hilarryxu,donnemartin/haxor-news
zhiyue,donnemartin/haxor-news
scalp42,donnemartin/haxor-news
yoCruzer,donnemartin/haxor-news
yvan-sraka,donnemartin/haxor-news
wdv4758h,donnemartin/haxor-news
PeterVatistas,donnemartin/haxor-news
NoisyNot,donnemartin/haxor-news
gamontal,donnemartin/haxor-news
christianboyle,donnemartin/haxor-news
dobestan,donnemartin/haxor-news
filipeoliveiraa,donnemartin/haxor-news
GeorgeErickson,donnemartin/haxor-news
esp10mm,donnemartin/haxor-news
jonathanegol,donnemartin/haxor-news
u0m3,donnemartin/haxor-news
pvergain,donnemartin/haxor-news
Solertis,donnemartin/haxor-news
guptarohit,donnemartin/haxor-news
wigust,donnemartin/haxor-news
barbietunnie,donnemartin/haxor-news
marctmiller,donnemartin/haxor-news
benmcp,donnemartin/haxor-news
Tatsh,donnemartin/haxor-news
dhamaniasad,donnemartin/haxor-news
nicholasadamou,donnemartin/haxor-news
nickolasburr,donnemartin/haxor-news
jalcine,donnemartin/haxor-news
bossjones,donnemartin/haxor-news
eiriklv,donnemartin/haxor-news
rustoceans,donnemartin/haxor-news
cwonrails,donnemartin/haxor-news
bntzio,donnemartin/haxor-news
AlexxNica,donnemartin/haxor-news
rbnx,donnemartin/haxor-news
narze,donnemartin/haxor-news
mvandermeulen,donnemartin/haxor-news
ifvictr,donnemartin/haxor-news
tedmiston,donnemartin/haxor-news
cmdplusr,donnemartin/haxor-news
rogeriomarques,donnemartin/haxor-news
vck,donnemartin/haxor-news
rrichards,donnemartin/haxor-news
WeiChiaChang,donnemartin/haxor-news
jrodrigomg,donnemartin/haxor-news
tuxcanfly,donnemartin/haxor-news
usmanakram232,donnemartin/haxor-news
rtdaly,donnemartin/haxor-news
ArunkumarRamanan,donnemartin/haxor-news
sagar-pardhi,donnemartin/haxor-news
juandc,donnemartin/haxor-news
studiovc,donnemartin/haxor-news
mikelnrd,donnemartin/haxor-news
ghosthamlet,donnemartin/haxor-news
old101,donnemartin/haxor-news
fkazimierczak,donnemartin/haxor-news
limkokhole,donnemartin/haxor-news
deep-programmer,donnemartin/haxor-news
modulexcite,donnemartin/haxor-news
eerie,donnemartin/haxor-news
7heaven,donnemartin/haxor-news
therealt3nzin,donnemartin/haxor-news
imsky,donnemartin/haxor-news
pushpendrapratap,donnemartin/haxor-news
likaihere,donnemartin/haxor-news
JeffCarpenter,donnemartin/haxor-news
muniz95,donnemartin/haxor-news
owen800q,donnemartin/haxor-news
batermj,donnemartin/haxor-news
vulcangz,donnemartin/haxor-news
canering,donnemartin/haxor-news
svercl,donnemartin/haxor-news
tddschn,donnemartin/haxor-news
scivey,donnemartin/haxor-news
tg-z,donnemartin/haxor-news
sguzman,donnemartin/haxor-news
doc22940,donnemartin/haxor-news
kousikan,donnemartin/haxor-news
DanielPetelin,donnemartin/haxor-news
sanjaypant99,donnemartin/haxor-news
halsten,donnemartin/haxor-news
AppServiceProvider,donnemartin/haxor-news
jstoobz,donnemartin/haxor-news
jon-chun,donnemartin/haxor-news
ebigram,donnemartin/haxor-news
jimbrig,donnemartin/haxor-news
Suburbanno,donnemartin/haxor-news
gauravssnl,donnemartin/haxor-news
nabiuddin6,donnemartin/haxor-news
fieu,donnemartin/haxor-news
yasinatesim,donnemartin/haxor-news
pedoc,donnemartin/haxor-news
apheon-terra,donnemartin/haxor-news
jamiedevsandbox,donnemartin/haxor-news
Ay-355,donnemartin/haxor-news
M3Try,donnemartin/haxor-news
nobiit,donnemartin/haxor-news
tracure1337,donnemartin/haxor-news
jimmyrcom,donnemartin/haxor-news
EtherTyper,donnemartin/haxor-news
colrack,donnemartin/haxor-news
rmetzler,donnemartin/haxor-news
yasenn,donnemartin/haxor-news
kwilczynski,donnemartin/haxor-news
tkersey,donnemartin/haxor-news
selftaught,donnemartin/haxor-news
jgmize,donnemartin/haxor-news
IvonaldoAmaral,donnemartin/haxor-news
Mudkipboo,donnemartin/haxor-news
reddysainathn,donnemartin/haxor-news
frankfanslc,donnemartin/haxor-news
antogerva,donnemartin/haxor-news
edersohe,donnemartin/haxor-news
maciej-src,donnemartin/haxor-news
gaybro8777,donnemartin/haxor-news
royswale,donnemartin/haxor-news
reedhhw,donnemartin/haxor-news
flumpus-dev,donnemartin/haxor-news
KNipunDananjaya,donnemartin/haxor-news
lordvins226,donnemartin/haxor-news
program247365,donnemartin/haxor-news
adotsloan,donnemartin/haxor-news
TenviLi,donnemartin/haxor-news
MilleniumSpark,donnemartin/haxor-news
Jermic,donnemartin/haxor-news
tuanductran,donnemartin/haxor-news
dipayan-code97,donnemartin/haxor-news
visualrobots,donnemartin/haxor-news
Adlinke,donnemartin/haxor-news
galaris,donnemartin/haxor-news
trinhminhtriet,donnemartin/haxor-news
omasanori,donnemartin/haxor-news
turdfire,donnemartin/haxor-news
yareyaredesuyo,donnemartin/haxor-news
utensil,donnemartin/haxor-news
dkapt,donnemartin/haxor-news
Suburbanno,anuraghazra/anuraghazra
yonycalsin,anuraghazra/anuraghazra
garimasingh128,anuraghazra/anuraghazra
MtDeity,anuraghazra/anuraghazra
fly51fly,anuraghazra/anuraghazra
CharlesCreativeContent,anuraghazra/anuraghazra
Lencof,anuraghazra/anuraghazra
Los-had,anuraghazra/anuraghazra
thisiskeanyvy,anuraghazra/anuraghazra
hercules261188,anuraghazra/anuraghazra
0l1v3rr,anuraghazra/anuraghazra
Good4lien,anuraghazra/anuraghazra
0A7V9A,anuraghazra/anuraghazra
reduxionist,sagesharp/foss-heartbeat
ur5us,sagesharp/foss-heartbeat
wdv4758h,sagesharp/foss-heartbeat
wendigo,sagesharp/foss-heartbeat
madhuakula,sagesharp/foss-heartbeat
jhermann,sagesharp/foss-heartbeat
mjhea0,sagesharp/foss-heartbeat
fly51fly,sagesharp/foss-heartbeat
vrachieru,sagesharp/foss-heartbeat
onlydole,sagesharp/foss-heartbeat
kgryte,sagesharp/foss-heartbeat
azu,sagesharp/foss-heartbeat
JoseCage,sagesharp/foss-heartbeat
AlexxNica,sagesharp/foss-heartbeat
krodyx,sagesharp/foss-heartbeat
markemer,sagesharp/foss-heartbeat
venkat-oss,sagesharp/foss-heartbeat
NexZhu,sagesharp/foss-heartbeat
jfexyz,sagesharp/foss-heartbeat
suriyaa,sagesharp/foss-heartbeat
ArunkumarRamanan,sagesharp/foss-heartbeat
gauravssnl,sagesharp/foss-heartbeat
neibla,sagesharp/foss-heartbeat
geduardcatalindev,sagesharp/foss-heartbeat
ourobouros,sagesharp/foss-heartbeat
the-cc-dev,sagesharp/foss-heartbeat
modulexcite,sagesharp/foss-heartbeat
tg-z,sagesharp/foss-heartbeat
reedhhw,sagesharp/foss-heartbeat
youngchief-btw,sagesharp/foss-heartbeat
purtyb1tch92,sagesharp/foss-heartbeat
jimbrig,sagesharp/foss-heartbeat
Mithileshraj123,sagesharp/foss-heartbeat
Sandalots,sagesharp/foss-heartbeat
nschlemm,sagesharp/foss-heartbeat
jalcine,donnemartin/interactive-coding-challenges
PSJoshi,donnemartin/interactive-coding-challenges
jubbon,donnemartin/interactive-coding-challenges
yoCruzer,donnemartin/interactive-coding-challenges
galaris,donnemartin/interactive-coding-challenges
nemesiscodex,donnemartin/interactive-coding-challenges
ducktype,donnemartin/interactive-coding-challenges
dladuke,donnemartin/interactive-coding-challenges
levbrie,donnemartin/interactive-coding-challenges
zackmore,donnemartin/interactive-coding-challenges
dyhpoon,donnemartin/interactive-coding-challenges
jiangplus,donnemartin/interactive-coding-challenges
oudommeas,donnemartin/interactive-coding-challenges
reduxionist,donnemartin/interactive-coding-challenges
xhs,donnemartin/interactive-coding-challenges
zxhfirefox,donnemartin/interactive-coding-challenges
hapr05,donnemartin/interactive-coding-challenges
utensil,donnemartin/interactive-coding-challenges
cchitsiang,donnemartin/interactive-coding-challenges
nvanmeurs,donnemartin/interactive-coding-challenges
balta2ar,donnemartin/interactive-coding-challenges
pasajero,donnemartin/interactive-coding-challenges
himalay,donnemartin/interactive-coding-challenges
zhaozhao,donnemartin/interactive-coding-challenges
avinashkoyyana,donnemartin/interactive-coding-challenges
marko-jankovic,donnemartin/interactive-coding-challenges
sarlalian,donnemartin/interactive-coding-challenges
wtigert,donnemartin/interactive-coding-challenges
izontm,donnemartin/interactive-coding-challenges
umaar,donnemartin/interactive-coding-challenges
peterbrinck,donnemartin/interactive-coding-challenges
hoangtx,donnemartin/interactive-coding-challenges
dritter,donnemartin/interactive-coding-challenges
bonfy,donnemartin/interactive-coding-challenges
akaralar,donnemartin/interactive-coding-challenges
mwarkentin,donnemartin/interactive-coding-challenges
rustoceans,donnemartin/interactive-coding-challenges
charlenopires,donnemartin/interactive-coding-challenges
hnq90,donnemartin/interactive-coding-challenges
karbon0x,donnemartin/interactive-coding-challenges
iCHAIT,donnemartin/interactive-coding-challenges
girish,donnemartin/interactive-coding-challenges
patrick91,donnemartin/interactive-coding-challenges
lyuha,donnemartin/interactive-coding-challenges
bhakthan,donnemartin/interactive-coding-challenges
secondwtq,donnemartin/interactive-coding-challenges
shunwang,donnemartin/interactive-coding-challenges
fkazimierczak,donnemartin/interactive-coding-challenges
jfexyz,donnemartin/interactive-coding-challenges
inferjay,donnemartin/interactive-coding-challenges
imikay,donnemartin/interactive-coding-challenges
Doppp,donnemartin/interactive-coding-challenges
neosarchizo,donnemartin/interactive-coding-challenges
kriwil,donnemartin/interactive-coding-challenges
MOZGIII,donnemartin/interactive-coding-challenges
sunsongxp,donnemartin/interactive-coding-challenges
janroudaut,donnemartin/interactive-coding-challenges
sourcepirate,donnemartin/interactive-coding-challenges
speckz,donnemartin/interactive-coding-challenges
ellisonleao,donnemartin/interactive-coding-challenges
indistinctTalk,donnemartin/interactive-coding-challenges
yvan-sraka,donnemartin/interactive-coding-challenges
juanchristensen,donnemartin/interactive-coding-challenges
rogeriomarques,donnemartin/interactive-coding-challenges
Layzie,donnemartin/interactive-coding-challenges
muminoff,donnemartin/interactive-coding-challenges
matthochler,donnemartin/interactive-coding-challenges
vmlinz,donnemartin/interactive-coding-challenges
jihchi,donnemartin/interactive-coding-challenges
iemejia,donnemartin/interactive-coding-challenges
soenkekluth,donnemartin/interactive-coding-challenges
slackmage,donnemartin/interactive-coding-challenges
kevinmcalear,donnemartin/interactive-coding-challenges
obahareth,donnemartin/interactive-coding-challenges
narze,donnemartin/interactive-coding-challenges
dhuckins,donnemartin/interactive-coding-challenges
jits,donnemartin/interactive-coding-challenges
smagellan,donnemartin/interactive-coding-challenges
rakhmad,donnemartin/interactive-coding-challenges
mjhea0,donnemartin/interactive-coding-challenges
dhamaniasad,donnemartin/interactive-coding-challenges
brennebeck,donnemartin/interactive-coding-challenges
wenzhihong2003,donnemartin/interactive-coding-challenges
codyphobe,donnemartin/interactive-coding-challenges
brianluby,donnemartin/interactive-coding-challenges
darkdown,donnemartin/interactive-coding-challenges
deadlocks,donnemartin/interactive-coding-challenges
anqur,donnemartin/interactive-coding-challenges
nhducit,donnemartin/interactive-coding-challenges
eyadsibai,donnemartin/interactive-coding-challenges
hsavit1,donnemartin/interactive-coding-challenges
pillowsoft,donnemartin/interactive-coding-challenges
matagus,donnemartin/interactive-coding-challenges
dufferzafar,donnemartin/interactive-coding-challenges
h2non,donnemartin/interactive-coding-challenges
Nangal,donnemartin/interactive-coding-challenges
jonasermert,donnemartin/interactive-coding-challenges
djangosporti,donnemartin/interactive-coding-challenges
angusshire,donnemartin/interactive-coding-challenges
michaelchiche,donnemartin/interactive-coding-challenges
barbietunnie,donnemartin/interactive-coding-challenges
dsoul,donnemartin/interactive-coding-challenges
kaoussi,donnemartin/interactive-coding-challenges
vck,donnemartin/interactive-coding-challenges
silverstone1903,donnemartin/interactive-coding-challenges
cookavich,donnemartin/interactive-coding-challenges
kprybol,donnemartin/interactive-coding-challenges
pranavlathigara,donnemartin/interactive-coding-challenges
andrewwxy,donnemartin/interactive-coding-challenges
rishipuri,donnemartin/interactive-coding-challenges
jaredthecoder,donnemartin/interactive-coding-challenges
joseluisq,donnemartin/interactive-coding-challenges
aburan28,donnemartin/interactive-coding-challenges
vrachieru,donnemartin/interactive-coding-challenges
NguyenTrungTin,donnemartin/interactive-coding-challenges
nschlemm,donnemartin/interactive-coding-challenges
TankMasterRL,donnemartin/interactive-coding-challenges
wassiim,donnemartin/interactive-coding-challenges
canering,donnemartin/interactive-coding-challenges
denisfitz57,donnemartin/interactive-coding-challenges
dobestan,donnemartin/interactive-coding-challenges
deadcoder0904,donnemartin/interactive-coding-challenges
saadshahd,donnemartin/interactive-coding-challenges
snehesht,donnemartin/interactive-coding-challenges
linhua55,donnemartin/interactive-coding-challenges
ifvictr,donnemartin/interactive-coding-challenges
imxiaohui,donnemartin/interactive-coding-challenges
esp10mm,donnemartin/interactive-coding-challenges
cvic,donnemartin/interactive-coding-challenges
jonathanegol,donnemartin/interactive-coding-challenges
chaitanyaphalak,donnemartin/interactive-coding-challenges
pvergain,donnemartin/interactive-coding-challenges
Solertis,donnemartin/interactive-coding-challenges
venkat-oss,donnemartin/interactive-coding-challenges
NikhilDoWhile,donnemartin/interactive-coding-challenges
onlurking,donnemartin/interactive-coding-challenges
arpit1997,donnemartin/interactive-coding-challenges
aviaryan,donnemartin/interactive-coding-challenges
madhuakula,donnemartin/interactive-coding-challenges
aashutoshrathi,donnemartin/interactive-coding-challenges
benqian,donnemartin/interactive-coding-challenges
mugli,donnemartin/interactive-coding-challenges
fabriceyopa,donnemartin/interactive-coding-challenges
BlancosWay,donnemartin/interactive-coding-challenges
yasenn,donnemartin/interactive-coding-challenges
tomoat,donnemartin/interactive-coding-challenges
nikolay,donnemartin/interactive-coding-challenges
nikivdev,donnemartin/interactive-coding-challenges
fly51fly,donnemartin/interactive-coding-challenges
haraball,donnemartin/interactive-coding-challenges
Jackneill,donnemartin/interactive-coding-challenges
wdv4758h,donnemartin/interactive-coding-challenges
xmonader,donnemartin/interactive-coding-challenges
haroldo-ok,donnemartin/interactive-coding-challenges
0xcpu,donnemartin/interactive-coding-challenges
zhiyue,donnemartin/interactive-coding-challenges
ptsurbeleu,donnemartin/interactive-coding-challenges
fabiodr,donnemartin/interactive-coding-challenges
orakle,donnemartin/interactive-coding-challenges
josedulanto,donnemartin/interactive-coding-challenges
weimingtom,donnemartin/interactive-coding-challenges
jessb321,donnemartin/interactive-coding-challenges
discountry,donnemartin/interactive-coding-challenges
7heaven,donnemartin/interactive-coding-challenges
lmatt-bit,donnemartin/interactive-coding-challenges
AnanthaRajuC,donnemartin/interactive-coding-challenges
shoichiaizawa,donnemartin/interactive-coding-challenges
ymn1k,donnemartin/interactive-coding-challenges
sriharshakappala,donnemartin/interactive-coding-challenges
guptarohit,donnemartin/interactive-coding-challenges
filipeoliveiraa,donnemartin/interactive-coding-challenges
khaled131,donnemartin/interactive-coding-challenges
quentinfayet,donnemartin/interactive-coding-challenges
jivoi,donnemartin/interactive-coding-challenges
andantonyan,donnemartin/interactive-coding-challenges
DonDebonair,donnemartin/interactive-coding-challenges
amilajack,donnemartin/interactive-coding-challenges
sponnusa,donnemartin/interactive-coding-challenges
andreis,donnemartin/interactive-coding-challenges
ThomasG77,donnemartin/interactive-coding-challenges
alexrigler,donnemartin/interactive-coding-challenges
darvid,donnemartin/interactive-coding-challenges
qbig,donnemartin/interactive-coding-challenges
sebinsua,donnemartin/interactive-coding-challenges
tensortalk,donnemartin/interactive-coding-challenges
tedmiston,donnemartin/interactive-coding-challenges
Josscii,donnemartin/interactive-coding-challenges
securitystreak,donnemartin/interactive-coding-challenges
Chan9390,donnemartin/interactive-coding-challenges
manrajgrover,donnemartin/interactive-coding-challenges
MaxfieldLewin,donnemartin/interactive-coding-challenges
stefanvanburen,donnemartin/interactive-coding-challenges
gmittal,donnemartin/interactive-coding-challenges
d-dozer,donnemartin/interactive-coding-challenges
saturation,donnemartin/interactive-coding-challenges
cooka,donnemartin/interactive-coding-challenges
eevmanu,donnemartin/interactive-coding-challenges
dbanck,donnemartin/interactive-coding-challenges
llazzaro,donnemartin/interactive-coding-challenges
trietptm,donnemartin/interactive-coding-challenges
antogerva,donnemartin/interactive-coding-challenges
cieplak,donnemartin/interactive-coding-challenges
rtzll,donnemartin/interactive-coding-challenges
samyk,donnemartin/interactive-coding-challenges
usmanakram232,donnemartin/interactive-coding-challenges
edersohe,donnemartin/interactive-coding-challenges
TyrannosaurusREKT,donnemartin/interactive-coding-challenges
ansarid,donnemartin/interactive-coding-challenges
sergkop,donnemartin/interactive-coding-challenges
macint0sh,donnemartin/interactive-coding-challenges
adelarsq,donnemartin/interactive-coding-challenges
bryant1410,donnemartin/interactive-coding-challenges
colrack,donnemartin/interactive-coding-challenges
pmuens,donnemartin/interactive-coding-challenges
MSylvia,donnemartin/interactive-coding-challenges
Good4lien,khannakshat7/Elektra
wpank,ethereum/act
MihalczGabor,ethereum/act
gakonst,ethereum/act
decanus,ethereum/act
0xmountaintop,ethereum/act
zouguangxian,ethereum/act
sambacha,ethereum/act
MOZGIII,ethereum/act
KenMan79,ethereum/act
byteshiva,ethereum/act
pynchmeister,ethereum/act
nikivdev,ethereum/act
pcaversaccio,ethereum/act
EtherTyper,ethereum/act
tuxcanfly,ethereum/act
jiangplus,ethereum/act
ysnbogt,ethereum/act
Sandalots,ethereum/act
Ramyromel,ethereum/act
tkersey,ethereum/act
wenzhihong2003,donnemartin/saws
michaelhood,donnemartin/saws
shuber,donnemartin/saws
levonk,donnemartin/saws
dhamaniasad,donnemartin/saws
sourcepirate,donnemartin/saws
zhaozhao,donnemartin/saws
hawkup,donnemartin/saws
nemesiscodex,donnemartin/saws
jimmyrcom,donnemartin/saws
karbon0x,donnemartin/saws
speckz,donnemartin/saws
montanaflynn,donnemartin/saws
mahmoudimus,donnemartin/saws
osantana,donnemartin/saws
ellisonleao,donnemartin/saws
rbnx,donnemartin/saws
kprybol,donnemartin/saws
darvid,donnemartin/saws
dansandland,donnemartin/saws
matagus,donnemartin/saws
Doppp,donnemartin/saws
chitacan,donnemartin/saws
sescobb27,donnemartin/saws
jiangplus,donnemartin/saws
nerdfiles,donnemartin/saws
cchitsiang,donnemartin/saws
hapr05,donnemartin/saws
ajmalafif,donnemartin/saws
indistinctTalk,donnemartin/saws
ff6347,donnemartin/saws
lyuha,donnemartin/saws
yvan-sraka,donnemartin/saws
brunowego,donnemartin/saws
iskedk,donnemartin/saws
valpackett,donnemartin/saws
slackmage,donnemartin/saws
jhermann,donnemartin/saws
ianko,donnemartin/saws
MOZGIII,donnemartin/saws
5y5tem5,donnemartin/saws
jonbaer,donnemartin/saws
wtigert,donnemartin/saws
joshuarubin,donnemartin/saws
cwonrails,donnemartin/saws
kgryte,donnemartin/saws
colrack,donnemartin/saws
nikolay,donnemartin/saws
wendigo,donnemartin/saws
hoangtx,donnemartin/saws
mwarkentin,donnemartin/saws
neosarchizo,donnemartin/saws
flrngel,donnemartin/saws
dobestan,donnemartin/saws
kriwil,donnemartin/saws
tralphy,donnemartin/saws
sunlei,donnemartin/saws
wjybluse,donnemartin/saws
oudommeas,donnemartin/saws
edersohe,donnemartin/saws
deadlocks,donnemartin/saws
iemejia,donnemartin/saws
avinashkoyyana,donnemartin/saws
arrmac,donnemartin/saws
bryant1410,donnemartin/saws
peterbrinck,donnemartin/saws
gabrielcorado,donnemartin/saws
matthochler,donnemartin/saws
make-github-pseudonymous-again,donnemartin/saws
khanhicetea,donnemartin/saws
onlydole,donnemartin/saws
kwcto,donnemartin/saws
yangwao,donnemartin/saws
dclambert,donnemartin/saws
filipeoliveiraa,donnemartin/saws
GeorgeErickson,donnemartin/saws
izontm,donnemartin/saws
fabiodr,donnemartin/saws
zxhfirefox,donnemartin/saws
futoase,donnemartin/saws
hnq90,donnemartin/saws
narze,donnemartin/saws
jfexyz,donnemartin/saws
RobertAudi,donnemartin/saws
MatejLach,donnemartin/saws
asaaki,donnemartin/saws
obahareth,donnemartin/saws
fkazimierczak,donnemartin/saws
agileone,donnemartin/saws
odyss009,donnemartin/saws
goshacmd,donnemartin/saws
falkirks,donnemartin/saws
dimon222,donnemartin/saws
jbenner-radham,donnemartin/saws
dewang-mistry,donnemartin/saws
brianluby,donnemartin/saws
macint0sh,donnemartin/saws
v9n,donnemartin/saws
levbrie,donnemartin/saws
h2non,donnemartin/saws
lanastasov,donnemartin/saws
smagellan,donnemartin/saws
shoichiaizawa,donnemartin/saws
dritter,donnemartin/saws
minhoryang,donnemartin/saws
julianxhokaxhiu,donnemartin/saws
he0x,donnemartin/saws
jits,donnemartin/saws
opragel,donnemartin/saws
johackim,donnemartin/saws
takuan-osho,donnemartin/saws
denji,donnemartin/saws
jgmize,donnemartin/saws
DonDebonair,donnemartin/saws
gamontal,donnemartin/saws
darkdown,donnemartin/saws
codyphobe,donnemartin/saws
scalp42,donnemartin/saws
reklis,donnemartin/saws
dimlev,donnemartin/saws
anqur,donnemartin/saws
mcanthony,donnemartin/saws
chentsulin,donnemartin/saws
djangosporti,donnemartin/saws
hsavit1,donnemartin/saws
folasm87,donnemartin/saws
angusshire,donnemartin/saws
jubbon,donnemartin/saws
barbietunnie,donnemartin/saws
rustoceans,donnemartin/saws
jaredthecoder,donnemartin/saws
marwanhilmi,donnemartin/saws
jivoi,donnemartin/saws
jianyuan,donnemartin/saws
silverstone1903,donnemartin/saws
kwilczynski,donnemartin/saws
rafi,donnemartin/saws
Jerzerak,donnemartin/saws
dhuckins,donnemartin/saws
madhuakula,donnemartin/saws
vmlinz,donnemartin/saws
andrewwxy,donnemartin/saws
bossjones,donnemartin/saws
cieplak,donnemartin/saws
NguyenTrungTin,donnemartin/saws
wdv4758h,donnemartin/saws
NoisyNot,donnemartin/saws
canering,donnemartin/saws
orakle,donnemartin/saws
nschlemm,donnemartin/saws
esp10mm,donnemartin/saws
johnowennixon,donnemartin/saws
jonathanegol,donnemartin/saws
u0m3,donnemartin/saws
pvergain,donnemartin/saws
marctmiller,donnemartin/saws
rrichards,donnemartin/saws
oanhnn,donnemartin/saws
yasenn,donnemartin/saws
modulexcite,donnemartin/saws
djvdorp,donnemartin/saws
patrick91,donnemartin/saws
cvic,donnemartin/saws
mrjohannchang,donnemartin/saws
Sliim,donnemartin/saws
roscopecoltran,donnemartin/saws
securitystreak,donnemartin/saws
cmdplusr,donnemartin/saws
theodesp,donnemartin/saws
likaihere,donnemartin/saws
posquit0,donnemartin/saws
benmcp,donnemartin/saws
ShawnAlexander,donnemartin/saws
AlexxNica,donnemartin/saws
ducphanduyagentp,donnemartin/saws
picatz,donnemartin/saws
mikalv,donnemartin/saws
ArunkumarRamanan,donnemartin/saws
mrluanma,donnemartin/saws
esneko,donnemartin/saws
dotsource,donnemartin/saws
old101,donnemartin/saws
leesander1,donnemartin/saws
jumbojett,donnemartin/saws
sahwar,donnemartin/saws
yyolk,donnemartin/saws
therealt3nzin,donnemartin/saws
scivey,donnemartin/saws
pushpendrapratap,donnemartin/saws
onlurking,donnemartin/saws
unixfox,donnemartin/saws
JeffCarpenter,donnemartin/saws
adelarsq,donnemartin/saws
qbig,donnemartin/saws
opexxx,donnemartin/saws
fly51fly,donnemartin/saws
tddschn,donnemartin/saws
vulcangz,donnemartin/saws
dsoul,donnemartin/saws
shunkakinoki,donnemartin/saws
DanielPetelin,donnemartin/saws
fannheyward,donnemartin/saws
Shifu-Engineer,donnemartin/saws
tg-z,donnemartin/saws
eyadsibai,donnemartin/saws
jstoobz,donnemartin/saws
tedmiston,donnemartin/saws
amilajack,donnemartin/saws
nikivdev,donnemartin/saws
fabriceyopa,donnemartin/saws
d3v3l0,donnemartin/saws
jon-chun,donnemartin/saws
mihaeu,donnemartin/saws
MtDeity,donnemartin/saws
huynhducduy,donnemartin/saws
ebigram,donnemartin/saws
jimbrig,donnemartin/saws
Suburbanno,donnemartin/saws
gauravssnl,donnemartin/saws
karaninder,donnemartin/saws
JesseTG,donnemartin/saws
opt9,donnemartin/saws
pedoc,donnemartin/saws
eevmanu,donnemartin/saws
sanjaypant99,donnemartin/saws
the-cc-dev,donnemartin/saws
discoweasel,donnemartin/saws
nabiuddin6,donnemartin/saws
mahmoudkandeel,donnemartin/saws
fieu,donnemartin/saws
yasinatesim,donnemartin/saws
herbygillot,donnemartin/saws
jamiedevsandbox,donnemartin/saws
Ay-355,donnemartin/saws
apheon-terra,donnemartin/saws
M3Try,donnemartin/saws
nobiit,donnemartin/saws
nir-zilberman,donnemartin/saws
mvandermeulen,donnemartin/saws
Mudkipboo,donnemartin/saws
frankfanslc,donnemartin/saws
zpaav,donnemartin/saws
naltun,donnemartin/saws
svercl,donnemartin/saws
gaybro8777,donnemartin/saws
agnosticlines,donnemartin/saws
Jackneill,donnemartin/saws
shuklayash10,donnemartin/saws
royswale,donnemartin/saws
morristech,donnemartin/saws
KNipunDananjaya,donnemartin/saws
BenjiTrapp,donnemartin/saws
flumpus-dev,donnemartin/saws
reedhhw,donnemartin/saws
whummer,localstack/docs
00mjk,localstack/docs
oieduardorabelo,localstack/docs
RustyCobalt36,localstack/docs
missAnneThorpe,localstack/docs
DPS0340,localstack/docs
kmorrow1,localstack/docs
MaxCodeXTC,adrianhajdin/project_graphql_blog
ANTON-IVANOVICH,adrianhajdin/project_graphql_blog
esneko,adrianhajdin/project_graphql_blog
ampodo,adrianhajdin/project_graphql_blog
NitinChakraborty2001,adrianhajdin/project_graphql_blog
joxtheman,adrianhajdin/project_graphql_blog
justacoolkid,adrianhajdin/project_graphql_blog
RasulSonmez,adrianhajdin/project_graphql_blog
johnyxu,adrianhajdin/project_graphql_blog
edwinmasri,adrianhajdin/project_graphql_blog
EronMahmuti,adrianhajdin/project_graphql_blog
Swifilaboroka,adrianhajdin/project_graphql_blog
hamdanhussein,adrianhajdin/project_graphql_blog
sephsa,adrianhajdin/project_graphql_blog
BiswajitDtta,adrianhajdin/project_graphql_blog
baronrustamov,adrianhajdin/project_graphql_blog
jem98devs,adrianhajdin/project_graphql_blog
shaheen7a,adrianhajdin/project_graphql_blog
dezobq,adrianhajdin/project_graphql_blog
manthanank,adrianhajdin/project_graphql_blog
AmirWorkplace,adrianhajdin/project_graphql_blog
N0t-Sur3,adrianhajdin/project_graphql_blog
paulgrunt,adrianhajdin/project_graphql_blog
tuanductran,adrianhajdin/project_graphql_blog
hackerbotsupreme,adrianhajdin/project_graphql_blog
soma2000-lang,adrianhajdin/project_graphql_blog
abhijit1990,adrianhajdin/project_graphql_blog
rr3s1,adrianhajdin/project_graphql_blog
San0740396762,adrianhajdin/project_graphql_blog
garimasingh128,garimasingh128/awesome-python-projects
max-hk,garimasingh128/awesome-python-projects
AppServiceProvider,garimasingh128/awesome-python-projects
Shifu-Engineer,garimasingh128/awesome-python-projects
FahimFBA,garimasingh128/awesome-python-projects
eueung,garimasingh128/awesome-python-projects
Butters3388214,garimasingh128/awesome-python-projects
TenviLi,garimasingh128/awesome-python-projects
abhijit1990,garimasingh128/awesome-python-projects
HarshalShende,garimasingh128/awesome-python-projects
jon-chun,garimasingh128/awesome-python-projects
dalakatt,garimasingh128/awesome-python-projects
KNipunDananjaya,garimasingh128/awesome-python-projects
elhadjx,garimasingh128/awesome-python-projects
gosoxharp,garimasingh128/awesome-python-projects
Good4lien,garimasingh128/awesome-python-projects
MahanRajabi80,garimasingh128/awesome-python-projects
nschlemm,garimasingh128/awesome-python-projects
reddysainathn,garimasingh128/awesome-python-projects
mvandermeulen,garimasingh128/awesome-python-projects
daedalus,garimasingh128/awesome-python-projects
umaar,WhiteHouse/api-standards
goshacmd,WhiteHouse/api-standards
valpackett,WhiteHouse/api-standards
savage69kr,WhiteHouse/api-standards
rmetzler,WhiteHouse/api-standards
jonbaer,WhiteHouse/api-standards
rakhmad,WhiteHouse/api-standards
rimenes,WhiteHouse/api-standards
ianko,WhiteHouse/api-standards
j-hernandez,WhiteHouse/api-standards
jfexyz,WhiteHouse/api-standards
jbenner-radham,WhiteHouse/api-standards
hilarryxu,WhiteHouse/api-standards
Jackneill,WhiteHouse/api-standards
jalcine,WhiteHouse/api-standards
puzzithinker,WhiteHouse/api-standards
chentsulin,WhiteHouse/api-standards
hartca,WhiteHouse/api-standards
Doppp,WhiteHouse/api-standards
alwayrun,WhiteHouse/api-standards
klihelp,WhiteHouse/api-standards
matagus,WhiteHouse/api-standards
floydwch,WhiteHouse/api-standards
ShikChen,WhiteHouse/api-standards
ramnes,WhiteHouse/api-standards
angusshire,WhiteHouse/api-standards
mugli,WhiteHouse/api-standards
BlancosWay,WhiteHouse/api-standards
chenruibin,WhiteHouse/api-standards
sivartravis,WhiteHouse/api-standards
xhs,WhiteHouse/api-standards
gamontal,WhiteHouse/api-standards
bluemix,WhiteHouse/api-standards
Widcket,WhiteHouse/api-standards
xrmr,WhiteHouse/api-standards
aviaryan,WhiteHouse/api-standards
gaybro8777,WhiteHouse/api-standards
pranavlathigara,WhiteHouse/api-standards
reduxionist,WhiteHouse/api-standards
leo424y,WhiteHouse/api-standards
GNURub,WhiteHouse/api-standards
bonfy,WhiteHouse/api-standards
rm3l,WhiteHouse/api-standards
nikivdev,WhiteHouse/api-standards
KevinRamsunder,WhiteHouse/api-standards
mhaidarhanif,WhiteHouse/api-standards
levonk,WhiteHouse/api-standards
NexZhu,WhiteHouse/api-standards
zce,WhiteHouse/api-standards
Nangal,WhiteHouse/api-standards
asaaki,WhiteHouse/api-standards
jhermann,WhiteHouse/api-standards
JBTech,WhiteHouse/api-standards
qbig,WhiteHouse/api-standards
clsource,WhiteHouse/api-standards
quantumpacket,WhiteHouse/api-standards
channprj,WhiteHouse/api-standards
gauravssnl,WhiteHouse/api-standards
ik5,WhiteHouse/api-standards
posquit0,WhiteHouse/api-standards
guerreiro,WhiteHouse/api-standards
imsky,WhiteHouse/api-standards
esneko,WhiteHouse/api-standards
the-cc-dev,WhiteHouse/api-standards
AnanthaRajuC,WhiteHouse/api-standards
gakonst,WhiteHouse/api-standards
hamannju,WhiteHouse/api-standards
sanjaypant99,WhiteHouse/api-standards
Shohan494,WhiteHouse/api-standards
jianyuan,WhiteHouse/api-standards
yasinatesim,WhiteHouse/api-standards
frankfanslc,WhiteHouse/api-standards
RinatValiullov,WhiteHouse/api-standards
mvandermeulen,WhiteHouse/api-standards
duksosleepy,WhiteHouse/api-standards
Kimpten,WhiteHouse/api-standards
Matt-Deacalion,WhiteHouse/api-standards
Abhimishra2424,adrianhajdin/ecommerce_sanity_stripe
NitinChakraborty2001,adrianhajdin/ecommerce_sanity_stripe
YulioV,adrianhajdin/ecommerce_sanity_stripe
Swifilaboroka,adrianhajdin/ecommerce_sanity_stripe
sephsa,adrianhajdin/ecommerce_sanity_stripe
MaxCodeXTC,adrianhajdin/ecommerce_sanity_stripe
ubongndoh,adrianhajdin/ecommerce_sanity_stripe
3m4r5,adrianhajdin/ecommerce_sanity_stripe
GNURub,adrianhajdin/ecommerce_sanity_stripe
Los-had,adrianhajdin/ecommerce_sanity_stripe
renruyi,adrianhajdin/ecommerce_sanity_stripe
nabiuddin6,adrianhajdin/ecommerce_sanity_stripe
Vishal-Isharani,adrianhajdin/ecommerce_sanity_stripe
GeovaRS,adrianhajdin/ecommerce_sanity_stripe
orakle,adrianhajdin/ecommerce_sanity_stripe
TenviLi,adrianhajdin/ecommerce_sanity_stripe
ampodo,adrianhajdin/ecommerce_sanity_stripe
FahimFBA,adrianhajdin/ecommerce_sanity_stripe
entrptaher,adrianhajdin/ecommerce_sanity_stripe
joxtheman,adrianhajdin/ecommerce_sanity_stripe
justacoolkid,adrianhajdin/ecommerce_sanity_stripe
HarshalShende,adrianhajdin/ecommerce_sanity_stripe
RasulSonmez,adrianhajdin/ecommerce_sanity_stripe
edwinmasri,adrianhajdin/ecommerce_sanity_stripe
EronMahmuti,adrianhajdin/ecommerce_sanity_stripe
Sandrex233,adrianhajdin/ecommerce_sanity_stripe
ravirathore,adrianhajdin/ecommerce_sanity_stripe
da-vaibhav,adrianhajdin/ecommerce_sanity_stripe
hamdanhussein,adrianhajdin/ecommerce_sanity_stripe
herberthk,adrianhajdin/ecommerce_sanity_stripe
jem98devs,adrianhajdin/ecommerce_sanity_stripe
shaheen7a,adrianhajdin/ecommerce_sanity_stripe
SUVENDU-CHHATOI,adrianhajdin/ecommerce_sanity_stripe
paulgrunt,adrianhajdin/ecommerce_sanity_stripe
Amadeo-Frontend,adrianhajdin/ecommerce_sanity_stripe
Vincent-coder-sang,adrianhajdin/ecommerce_sanity_stripe
dezobq,adrianhajdin/ecommerce_sanity_stripe
AmirWorkplace,adrianhajdin/ecommerce_sanity_stripe
N0t-Sur3,adrianhajdin/ecommerce_sanity_stripe
MrBlackBeeOsn,adrianhajdin/ecommerce_sanity_stripe
erikunha,adrianhajdin/ecommerce_sanity_stripe
naveenkumarans,adrianhajdin/ecommerce_sanity_stripe
Nullcano,adrianhajdin/ecommerce_sanity_stripe
hackerbotsupreme,adrianhajdin/ecommerce_sanity_stripe
thannhf,adrianhajdin/ecommerce_sanity_stripe
hwen020,adrianhajdin/ecommerce_sanity_stripe
CodebyCyrus,adrianhajdin/ecommerce_sanity_stripe
pemawangchuk2023,adrianhajdin/ecommerce_sanity_stripe
Adlinke,adrianhajdin/ecommerce_sanity_stripe
rr3s1,adrianhajdin/ecommerce_sanity_stripe
sayyidisal,adrianhajdin/ecommerce_sanity_stripe
raviShankarpisini,adrianhajdin/ecommerce_sanity_stripe
San0740396762,adrianhajdin/ecommerce_sanity_stripe
tadev,offensive-security/kali-nethunter
smagellan,offensive-security/kali-nethunter
MSylvia,offensive-security/kali-nethunter
marctmiller,offensive-security/kali-nethunter
JT5D,offensive-security/kali-nethunter
roycewilliams,offensive-security/kali-nethunter
fijimunkii,offensive-security/kali-nethunter
galaris,offensive-security/kali-nethunter
opexxx,offensive-security/kali-nethunter
stjordanis,offensive-security/kali-nethunter
trietptm,offensive-security/kali-nethunter
Sliim,offensive-security/kali-nethunter
taesiri,offensive-security/kali-nethunter
darkdown,offensive-security/kali-nethunter
theodorosc,offensive-security/kali-nethunter
madhuakula,offensive-security/kali-nethunter
angusshire,offensive-security/kali-nethunter
suriyaa,offensive-security/kali-nethunter
vmlinz,offensive-security/kali-nethunter
opt9,offensive-security/kali-nethunter
MOZGIII,offensive-security/kali-nethunter
LeoSolaris,offensive-security/kali-nethunter
Stankye,offensive-security/kali-nethunter
JBTech,offensive-security/kali-nethunter
NoisyNot,offensive-security/kali-nethunter
PeterVatistas,offensive-security/kali-nethunter
jiangplus,offensive-security/kali-nethunter
ghosthamlet,offensive-security/kali-nethunter
NetOpWibby,offensive-security/kali-nethunter
eerie,offensive-security/kali-nethunter
adnils,offensive-security/kali-nethunter
tensortalk,offensive-security/kali-nethunter
sshyran,offensive-security/kali-nethunter
bossjones,offensive-security/kali-nethunter
LJ001,offensive-security/kali-nethunter
llazzaro,offensive-security/kali-nethunter
appidiabhinav,offensive-security/kali-nethunter
AlexxNica,offensive-security/kali-nethunter
Solertis,offensive-security/kali-nethunter
jivoi,offensive-security/kali-nethunter
samyk,offensive-security/kali-nethunter
unixfox,offensive-security/kali-nethunter
conail,offensive-security/kali-nethunter
jaredthecoder,offensive-security/kali-nethunter
jmingov,offensive-security/kali-nethunter
jrodrigomg,offensive-security/kali-nethunter
mgeeky,offensive-security/kali-nethunter
ansarid,offensive-security/kali-nethunter
wigust,offensive-security/kali-nethunter
krodyx,offensive-security/kali-nethunter
MikeGolden,offensive-security/kali-nethunter
Jermic,offensive-security/kali-nethunter
unbaiat,offensive-security/kali-nethunter
Chan9390,offensive-security/kali-nethunter
7h3rAm,offensive-security/kali-nethunter
xvovx,offensive-security/kali-nethunter
NikhilDoWhile,offensive-security/kali-nethunter
kimocoder,offensive-security/kali-nethunter
linhua55,offensive-security/kali-nethunter
kaichen,offensive-security/kali-nethunter
gauravssnl,offensive-security/kali-nethunter
selftaught,offensive-security/kali-nethunter
NexZhu,offensive-security/kali-nethunter
Tatsh,offensive-security/kali-nethunter
fits2010,offensive-security/kali-nethunter
moon2l,offensive-security/kali-nethunter
0w3,offensive-security/kali-nethunter
own2pwn,offensive-security/kali-nethunter
vaginessa,offensive-security/kali-nethunter
quantumpacket,offensive-security/kali-nethunter
leesander1,offensive-security/kali-nethunter
ShawnAlexander,offensive-security/kali-nethunter
h1nk,offensive-security/kali-nethunter
halfx,offensive-security/kali-nethunter
liudonghua123,offensive-security/kali-nethunter
modulexcite,offensive-security/kali-nethunter
mehrdad-shokri,offensive-security/kali-nethunter
HowWeLand,offensive-security/kali-nethunter
u0m3,offensive-security/kali-nethunter
ducphanduyagentp,offensive-security/kali-nethunter
HinVec,offensive-security/kali-nethunter
denisse-dev,offensive-security/kali-nethunter
limkokhole,offensive-security/kali-nethunter
tchigher,offensive-security/kali-nethunter
merekemess,offensive-security/kali-nethunter
Sleek1598,offensive-security/kali-nethunter
hktalent,offensive-security/kali-nethunter
AzureCloudMonk,offensive-security/kali-nethunter
OrlandoANL,offensive-security/kali-nethunter
morristech,offensive-security/kali-nethunter
CloudBranch,offensive-security/kali-nethunter
andrewwxy,offensive-security/kali-nethunter
7heaven,offensive-security/kali-nethunter
likaihere,offensive-security/kali-nethunter
Hostn4me,offensive-security/kali-nethunter
ekovegeance,offensive-security/kali-nethunter
JeffCarpenter,offensive-security/kali-nethunter
KvaroverHeaven,offensive-security/kali-nethunter
tututu-patch,offensive-security/kali-nethunter
ThomasErhel,offensive-security/kali-nethunter
KEVINYZY,offensive-security/kali-nethunter
BxC1sF1E,offensive-security/kali-nethunter
sanjaypant99,offensive-security/kali-nethunter
Kimpten,offensive-security/kali-nethunter
reedhhw,offensive-security/kali-nethunter
bkhobbs39,offensive-security/kali-nethunter
HarshalShende,offensive-security/kali-nethunter
discoweasel,offensive-security/kali-nethunter
tofuzgz,offensive-security/kali-nethunter
simeononsecurity,offensive-security/kali-nethunter
jamiedevsandbox,offensive-security/kali-nethunter
abedpr,offensive-security/kali-nethunter
IshwaranRudhara,offensive-security/kali-nethunter
Mithileshraj123,offensive-security/kali-nethunter
Siss3l,offensive-security/kali-nethunter
cannabis09,offensive-security/kali-nethunter
KNipunDananjaya,offensive-security/kali-nethunter
kozmendo,offensive-security/kali-nethunter
MilleniumSpark,offensive-security/kali-nethunter
noods78,offensive-security/kali-nethunter
cbyt3,offensive-security/kali-nethunter
Eikonsphere,offensive-security/kali-nethunter
LuisDeSantana,offensive-security/kali-nethunter
suriyaa,octocat/git-consortium
tedmiston,octocat/git-consortium
youngchief-btw,octocat/git-consortium
itsimpeccable,octocat/git-consortium
Ramyromel,octocat/git-consortium
Ayokanmi-Adejola,octocat/git-consortium
eiriklv,btholt/complete-intro-to-react
brenopolanski,btholt/complete-intro-to-react
da-vaibhav,btholt/complete-intro-to-react
lanastasov,btholt/complete-intro-to-react
colejhudson,btholt/complete-intro-to-react
ajmalafif,btholt/complete-intro-to-react
mhaidarhanif,btholt/complete-intro-to-react
ThomasG77,btholt/complete-intro-to-react
charlenopires,btholt/complete-intro-to-react
karbon0x,btholt/complete-intro-to-react
kaoussi,btholt/complete-intro-to-react
dyhpoon,btholt/complete-intro-to-react
neophyt3,btholt/complete-intro-to-react
amite,btholt/complete-intro-to-react
mikesprague,btholt/complete-intro-to-react
tunnckoCore,btholt/complete-intro-to-react
gauravssnl,btholt/complete-intro-to-react
Joe-oss9527,btholt/complete-intro-to-react
lanqy,btholt/complete-intro-to-react
barbagrigia,btholt/complete-intro-to-react
denisfitz57,btholt/complete-intro-to-react
smanwarulislam,btholt/complete-intro-to-react
NikhilDoWhile,btholt/complete-intro-to-react
pushpendrapratap,btholt/complete-intro-to-react
muniz95,btholt/complete-intro-to-react
jaffreyjoy,btholt/complete-intro-to-react
vintagesucks,btholt/complete-intro-to-react
Jolaolu,btholt/complete-intro-to-react
ubongndoh,btholt/complete-intro-to-react
doc22940,btholt/complete-intro-to-react
maciej-src,btholt/complete-intro-to-react
pedoc,btholt/complete-intro-to-react
yasinatesim,btholt/complete-intro-to-react
M3Try,btholt/complete-intro-to-react
trinhminhtriet,btholt/complete-intro-to-react
goshacmd,feross/buffer
feross,feross/buffer
kgryte,feross/buffer
eiriklv,feross/buffer
h2non,feross/buffer
Doppp,feross/buffer
JT5D,feross/buffer
angusshire,feross/buffer
anqur,feross/buffer
fabiodr,feross/buffer
joseluisq,feross/buffer
Jerzerak,feross/buffer
appidiabhinav,feross/buffer
sourcepirate,feross/buffer
gamontal,feross/buffer
guerreiro,feross/buffer
brunowego,feross/buffer
marwanhilmi,feross/buffer
amilajack,feross/buffer
NexZhu,feross/buffer
yangwao,feross/buffer
SantoshSrinivas79,feross/buffer
YerkoPalma,feross/buffer
azu,feross/buffer
fieu,feross/buffer
AlexxNica,feross/buffer
neosarchizo,feross/buffer
roccomuso,feross/buffer
sibelius,feross/buffer
ShawnAlexander,feross/buffer
velveteer,feross/buffer
EvgeneOskin,feross/buffer
rtdaly,feross/buffer
deadcoder0904,feross/buffer
axjs,feross/buffer
fijimunkii,feross/buffer
saravntbe,feross/buffer
geduardcatalindev,feross/buffer
cwonrails,feross/buffer
iTonyYo,feross/buffer
derhuerst,feross/buffer
Joe-oss9527,feross/buffer
Hostn4me,feross/buffer
oudommeas,feross/buffer
nhducit,feross/buffer
denji,feross/buffer
thanhtoan1196,feross/buffer
channprj,feross/buffer
therealt3nzin,feross/buffer
vulcangz,feross/buffer
ifvictr,feross/buffer
jesusgoku,feross/buffer
mofelee,feross/buffer
a1300,feross/buffer
hartca,feross/buffer
v9n,feross/buffer
ThomasG77,feross/buffer
juandc,feross/buffer
xeoneux,feross/buffer
hoangpq,feross/buffer
modulexcite,feross/buffer
antick,feross/buffer
dcgithub,feross/buffer
vittee,feross/buffer
R-K-H,feross/buffer
Jinxiansen,feross/buffer
gvvynplaine,feross/buffer
Tatsh,feross/buffer
byteshiva,feross/buffer
DanielPetelin,feross/buffer
shanefontaine,feross/buffer
ghishadow,feross/buffer
dimon222,feross/buffer
krthr,feross/buffer
kangkot,feross/buffer
nobiit,feross/buffer
jedsada-gh,feross/buffer
Neo42,feross/buffer
haroldo-ok,feross/buffer
jamiedevsandbox,feross/buffer
johnowennixon,feross/buffer
nezlooy,feross/buffer
artob,feross/buffer
pedoc,feross/buffer
sebinsua,feross/buffer
nikivdev,feross/buffer
erikunha,feross/buffer
UltiRequiem,feross/buffer
mattbis,feross/buffer
AppServiceProvider,feross/buffer
lxsmnsyc,feross/buffer
mskian,feross/buffer
royswale,feross/buffer
hnq90,feross/buffer
Mithileshraj123,feross/buffer
Bvaudin,feross/buffer
whatwewant,feross/buffer
vitaly-z,feross/buffer
smorimoto,feross/buffer
uptonking,feross/buffer
hyperupcall,feross/buffer
gosoxharp,feross/buffer
flumpus-dev,feross/buffer
KNipunDananjaya,feross/buffer
tuanductran,feross/buffer
zouguangxian,feross/buffer
missAnneThorpe,feross/buffer
wpank,ethereum/beacon-APIs
MihalczGabor,ethereum/beacon-APIs
marcusrbrown,ethereum/beacon-APIs
dendisuhubdy,ethereum/beacon-APIs
0xmountaintop,ethereum/beacon-APIs
Qdigital,ethereum/beacon-APIs
arafat877,ethereum/beacon-APIs
shanefontaine,ethereum/beacon-APIs
AppServiceProvider,ethereum/beacon-APIs
KenMan79,ethereum/beacon-APIs
sambacha,ethereum/beacon-APIs
pcaversaccio,ethereum/beacon-APIs
decanus,ethereum/beacon-APIs
LuozhuZhang,ethereum/beacon-APIs
von-steinkirch,ethereum/beacon-APIs
shunkakinoki,ethereum/beacon-APIs
nikivdev,ethereum/beacon-APIs
Ramyromel,ethereum/beacon-APIs
Adlinke,ethereum/beacon-APIs
MilleniumSpark,ethereum/beacon-APIs
sreelakshmig009,loveBabbar/CodeHelp-DSA-Busted-Series
plamengj,loveBabbar/CodeHelp-DSA-Busted-Series
vulcangz,loveBabbar/CodeHelp-DSA-Busted-Series
Mudkipboo,loveBabbar/CodeHelp-DSA-Busted-Series
senchabot-github,loveBabbar/CodeHelp-DSA-Busted-Series
Pierrot-l3-F0U,loveBabbar/CodeHelp-DSA-Busted-Series
3m4r5,loveBabbar/CodeHelp-DSA-Busted-Series
Mithileshraj123,loveBabbar/CodeHelp-DSA-Busted-Series
anurag01a,loveBabbar/CodeHelp-DSA-Busted-Series
NitinChakraborty2001,loveBabbar/CodeHelp-DSA-Busted-Series
abhijit1990,loveBabbar/CodeHelp-DSA-Busted-Series
tchigher,loveBabbar/CodeHelp-DSA-Busted-Series
d3v3l0,loveBabbar/CodeHelp-DSA-Busted-Series
ravirathore,loveBabbar/CodeHelp-DSA-Busted-Series
ysnbogt,loveBabbar/CodeHelp-DSA-Busted-Series
Sandalots,loveBabbar/CodeHelp-DSA-Busted-Series
felipetruman,loveBabbar/CodeHelp-DSA-Busted-Series
antogerva,loveBabbar/CodeHelp-DSA-Busted-Series
KNipunDananjaya,loveBabbar/CodeHelp-DSA-Busted-Series
geduardcatalindev,loveBabbar/CodeHelp-DSA-Busted-Series
priyadhoundiyal,arkokoley/pdfvuer
snehesht,arkokoley/pdfvuer
axjs,arkokoley/pdfvuer
savage69kr,arkokoley/pdfvuer
peterbrinck,arkokoley/pdfvuer
ThomasG77,arkokoley/pdfvuer
owen800q,arkokoley/pdfvuer
tchigher,arkokoley/pdfvuer
denisfitz57,arkokoley/pdfvuer
hoangpq,arkokoley/pdfvuer
ik5,arkokoley/pdfvuer
mahmoudimus,arkokoley/pdfvuer
provpup,arkokoley/pdfvuer
jubbon,arkokoley/pdfvuer
fly51fly,arkokoley/pdfvuer
modulexcite,arkokoley/pdfvuer
axifive,arkokoley/pdfvuer
vulcangz,arkokoley/pdfvuer
sahwar,arkokoley/pdfvuer
Giovan,arkokoley/pdfvuer
Jolaolu,arkokoley/pdfvuer
Antonito,arkokoley/pdfvuer
Jackneill,arkokoley/pdfvuer
fkazimierczak,arkokoley/pdfvuer
doc22940,arkokoley/pdfvuer
YerkoPalma,arkokoley/pdfvuer
esneko,arkokoley/pdfvuer
ThomasErhel,arkokoley/pdfvuer
ericmm,arkokoley/pdfvuer
jumbojett,arkokoley/pdfvuer
mfaridzia,arkokoley/pdfvuer
Doppp,arkokoley/pdfvuer
antick,arkokoley/pdfvuer
TenviLi,arkokoley/pdfvuer
meafs,arkokoley/pdfvuer
liudonghua123,arkokoley/pdfvuer
dalakatt,arkokoley/pdfvuer
andriyor,arkokoley/pdfvuer
Good4lien,arkokoley/pdfvuer
tuanductran,arkokoley/pdfvuer
muniz95,rrousselGit/flutter_hooks
gaoypChina,rrousselGit/flutter_hooks
owen800q,rrousselGit/flutter_hooks
tchigher,rrousselGit/flutter_hooks
mahmoudkandeel,rrousselGit/flutter_hooks
mikelnrd,rrousselGit/flutter_hooks
aashutoshrathi,rrousselGit/flutter_hooks
mono0926,rrousselGit/flutter_hooks
bluemix,rrousselGit/flutter_hooks
hoangpq,rrousselGit/flutter_hooks
anatolinicolae,rrousselGit/flutter_hooks
sonnylazuardi,rrousselGit/flutter_hooks
NiksonX,rrousselGit/flutter_hooks
denji,rrousselGit/flutter_hooks
tkersey,rrousselGit/flutter_hooks
denisse-dev,rrousselGit/flutter_hooks
pranavlathigara,rrousselGit/flutter_hooks
inferjay,rrousselGit/flutter_hooks
EvgeneOskin,rrousselGit/flutter_hooks
esneko,rrousselGit/flutter_hooks
jubbon,rrousselGit/flutter_hooks
sachaarbonel,rrousselGit/flutter_hooks
dbanck,rrousselGit/flutter_hooks
JonReppDirectOneDesign,rrousselGit/flutter_hooks
modulexcite,rrousselGit/flutter_hooks
artob,rrousselGit/flutter_hooks
fly51fly,rrousselGit/flutter_hooks
TheMushrr00m,rrousselGit/flutter_hooks
aviaryan,rrousselGit/flutter_hooks
the-cc-dev,rrousselGit/flutter_hooks
oudommeas,rrousselGit/flutter_hooks
neibla,rrousselGit/flutter_hooks
pillowsoft,rrousselGit/flutter_hooks
alwayrun,rrousselGit/flutter_hooks
yongjhih,rrousselGit/flutter_hooks
lxsmnsyc,rrousselGit/flutter_hooks
phpmaple,rrousselGit/flutter_hooks
johnyxu,rrousselGit/flutter_hooks
obahareth,rrousselGit/flutter_hooks
erikunha,rrousselGit/flutter_hooks
sam-splat,rrousselGit/flutter_hooks
nelix,rrousselGit/flutter_hooks
esp10mm,rrousselGit/flutter_hooks
giovannism20,rrousselGit/flutter_hooks
smanwarulislam,rrousselGit/flutter_hooks
andantonyan,rrousselGit/flutter_hooks
gvvynplaine,rrousselGit/flutter_hooks
shunkakinoki,rrousselGit/flutter_hooks
mehrdad-shokri,rrousselGit/flutter_hooks
AppServiceProvider,rrousselGit/flutter_hooks
krthr,rrousselGit/flutter_hooks
morristech,rrousselGit/flutter_hooks
lordvins226,rrousselGit/flutter_hooks
studiovc,rrousselGit/flutter_hooks
orakle,rrousselGit/flutter_hooks
liudonghua123,rrousselGit/flutter_hooks
yasinatesim,rrousselGit/flutter_hooks
manikantag,rrousselGit/flutter_hooks
nikivdev,rrousselGit/flutter_hooks
Josscii,rrousselGit/flutter_hooks
max-hk,rrousselGit/flutter_hooks
xchanmolx,rrousselGit/flutter_hooks
mrluanma,rrousselGit/flutter_hooks
IvonaldoAmaral,rrousselGit/flutter_hooks
mskian,rrousselGit/flutter_hooks
hamannju,rrousselGit/flutter_hooks
RinatValiullov,rrousselGit/flutter_hooks
szy0syz,rrousselGit/flutter_hooks
TenviLi,rrousselGit/flutter_hooks
dalakatt,rrousselGit/flutter_hooks
yareyaredesuyo,rrousselGit/flutter_hooks
Jackneill,rrousselGit/flutter_hooks
rtzll,rrousselGit/flutter_hooks
khantzinthu2k1,rrousselGit/flutter_hooks
KNipunDananjaya,rrousselGit/flutter_hooks
jonasermert,rrousselGit/flutter_hooks
JeffCarpenter,rrousselGit/flutter_hooks
royswale,rrousselGit/flutter_hooks
CreatorMetaSky,rrousselGit/flutter_hooks
ysnbogt,rrousselGit/flutter_hooks
flumpus-dev,rrousselGit/flutter_hooks
dotsource,rrousselGit/flutter_hooks
Neo42,rrousselGit/flutter_hooks
anjingxz,rrousselGit/flutter_hooks
izontm,rrousselGit/flutter_hooks
CodeEagle,rrousselGit/flutter_hooks
luohaoyuan,donnemartin/dev-setup
cooka,donnemartin/dev-setup
iCHAIT,donnemartin/dev-setup
DonDebonair,donnemartin/dev-setup
djvdorp,donnemartin/dev-setup
levbrie,donnemartin/dev-setup
kyrre,donnemartin/dev-setup
karbon0x,donnemartin/dev-setup
kevinsegal,donnemartin/dev-setup
mjhea0,donnemartin/dev-setup
dufferzafar,donnemartin/dev-setup
sourcepirate,donnemartin/dev-setup
von-steinkirch,donnemartin/dev-setup
gamontal,donnemartin/dev-setup
speckz,donnemartin/dev-setup
zhaozhao,donnemartin/dev-setup
slackmage,donnemartin/dev-setup
sunsongxp,donnemartin/dev-setup
jivoi,donnemartin/dev-setup
juanchristensen,donnemartin/dev-setup
AlexSwensen,donnemartin/dev-setup
therebelrobot,donnemartin/dev-setup
dewang-mistry,donnemartin/dev-setup
smagellan,donnemartin/dev-setup
odyss009,donnemartin/dev-setup
Jerzerak,donnemartin/dev-setup
manikantag,donnemartin/dev-setup
Layzie,donnemartin/dev-setup
minhoryang,donnemartin/dev-setup
bonfy,donnemartin/dev-setup
mwarkentin,donnemartin/dev-setup
codyphobe,donnemartin/dev-setup
JBTech,donnemartin/dev-setup
peterbrinck,donnemartin/dev-setup
sunlei,donnemartin/dev-setup
wenzhihong2003,donnemartin/dev-setup
iskedk,donnemartin/dev-setup
hilarryxu,donnemartin/dev-setup
cwonrails,donnemartin/dev-setup
iemejia,donnemartin/dev-setup
make-github-pseudonymous-again,donnemartin/dev-setup
bhakthan,donnemartin/dev-setup
fannheyward,donnemartin/dev-setup
avinashkoyyana,donnemartin/dev-setup
djangosporti,donnemartin/dev-setup
jaredthecoder,donnemartin/dev-setup
RobertAudi,donnemartin/dev-setup
dhuckins,donnemartin/dev-setup
umaar,donnemartin/dev-setup
Quexint,donnemartin/dev-setup
phpmaple,donnemartin/dev-setup
zhiyue,donnemartin/dev-setup
nemesiscodex,donnemartin/dev-setup
dhamaniasad,donnemartin/dev-setup
cchitsiang,donnemartin/dev-setup
fabiodr,donnemartin/dev-setup
tadev,donnemartin/dev-setup
ianko,donnemartin/dev-setup
hawkup,donnemartin/dev-setup
hnq90,donnemartin/dev-setup
jiangplus,donnemartin/dev-setup
hapr05,donnemartin/dev-setup
brianluby,donnemartin/dev-setup
colrack,donnemartin/dev-setup
matagus,donnemartin/dev-setup
saravntbe,donnemartin/dev-setup
sg-s,donnemartin/dev-setup
lyuha,donnemartin/dev-setup
christianboyle,donnemartin/dev-setup
yangwao,donnemartin/dev-setup
wtigert,donnemartin/dev-setup
kaoussi,donnemartin/dev-setup
notyal,donnemartin/dev-setup
AnanthaRajuC,donnemartin/dev-setup
j-hernandez,donnemartin/dev-setup
vmlinz,donnemartin/dev-setup
benqian,donnemartin/dev-setup
khanhicetea,donnemartin/dev-setup
hoangtx,donnemartin/dev-setup
jits,donnemartin/dev-setup
rafi,donnemartin/dev-setup
MikeGolden,donnemartin/dev-setup
hsavit1,donnemartin/dev-setup
angusshire,donnemartin/dev-setup
jubbon,donnemartin/dev-setup
barbietunnie,donnemartin/dev-setup
jbenner-radham,donnemartin/dev-setup
qbig,donnemartin/dev-setup
BlancosWay,donnemartin/dev-setup
galaris,donnemartin/dev-setup
rishipuri,donnemartin/dev-setup
neibla,donnemartin/dev-setup
dansandland,donnemartin/dev-setup
mbrukman,donnemartin/dev-setup
vdt,donnemartin/dev-setup
TyrannosaurusREKT,donnemartin/dev-setup
vyorkin,donnemartin/dev-setup
program247365,donnemartin/dev-setup
Solertis,donnemartin/dev-setup
adelarsq,donnemartin/dev-setup
mahmoudimus,donnemartin/dev-setup
burkesquires,donnemartin/dev-setup
nikolay,donnemartin/dev-setup
marwanhilmi,donnemartin/dev-setup
NguyenTrungTin,donnemartin/dev-setup
CreatorMetaSky,donnemartin/dev-setup
canering,donnemartin/dev-setup
denisfitz57,donnemartin/dev-setup
josedulanto,donnemartin/dev-setup
nikivdev,donnemartin/dev-setup
inferjay,donnemartin/dev-setup
dobestan,donnemartin/dev-setup
LJ001,donnemartin/dev-setup
fabriceyopa,donnemartin/dev-setup
jonathanegol,donnemartin/dev-setup
pyadav,donnemartin/dev-setup
opexxx,donnemartin/dev-setup
da-vaibhav,donnemartin/dev-setup
pranavlathigara,donnemartin/dev-setup
AlexxNica,donnemartin/dev-setup
eyadsibai,donnemartin/dev-setup
marctmiller,donnemartin/dev-setup
biow0lf,donnemartin/dev-setup
macint0sh,donnemartin/dev-setup
muminoff,donnemartin/dev-setup
tomoat,donnemartin/dev-setup
nschlemm,donnemartin/dev-setup
ymn1k,donnemartin/dev-setup
nicholasadamou,donnemartin/dev-setup
eiriklv,donnemartin/dev-setup
jonasermert,donnemartin/dev-setup
modulexcite,donnemartin/dev-setup
deadcoder0904,donnemartin/dev-setup
jesusgoku,donnemartin/dev-setup
NexZhu,donnemartin/dev-setup
rustoceans,donnemartin/dev-setup
snehesht,donnemartin/dev-setup
jfexyz,donnemartin/dev-setup
likaihere,donnemartin/dev-setup
Jermic,donnemartin/dev-setup
cmdplusr,donnemartin/dev-setup
catplanet007,donnemartin/dev-setup
fly51fly,donnemartin/dev-setup
maxrugen,donnemartin/dev-setup
fieu,donnemartin/dev-setup
chibicode,donnemartin/dev-setup
TankMasterRL,donnemartin/dev-setup
priyadhoundiyal,donnemartin/dev-setup
hydrosquall,donnemartin/dev-setup
benmcp,donnemartin/dev-setup
ShikChen,donnemartin/dev-setup
iTonyYo,donnemartin/dev-setup
suriyaa,donnemartin/dev-setup
halsten,donnemartin/dev-setup
narze,donnemartin/dev-setup
amite,donnemartin/dev-setup
dotsource,donnemartin/dev-setup
fkazimierczak,donnemartin/dev-setup
mvandermeulen,donnemartin/dev-setup
sirgatez,donnemartin/dev-setup
ArunkumarRamanan,donnemartin/dev-setup
alexrigler,donnemartin/dev-setup
pmuens,donnemartin/dev-setup
damianesteban,donnemartin/dev-setup
chenruibin,donnemartin/dev-setup
Tatsh,donnemartin/dev-setup
kousikan,donnemartin/dev-setup
nvanmeurs,donnemartin/dev-setup
montanaflynn,donnemartin/dev-setup
bossjones,donnemartin/dev-setup
jalcine,donnemartin/dev-setup
kaichen,donnemartin/dev-setup
jedsada-gh,donnemartin/dev-setup
dendisuhubdy,donnemartin/dev-setup
kangkot,donnemartin/dev-setup
thanhtoan1196,donnemartin/dev-setup
maciej-src,donnemartin/dev-setup
morristech,donnemartin/dev-setup
juandc,donnemartin/dev-setup
agnosticlines,donnemartin/dev-setup
Ro9ueAdmin,donnemartin/dev-setup
AzureCloudMonk,donnemartin/dev-setup
pushpendrapratap,donnemartin/dev-setup
huynhducduy,donnemartin/dev-setup
i0Ek3,donnemartin/dev-setup
leesander1,donnemartin/dev-setup
owen800q,donnemartin/dev-setup
amilajack,donnemartin/dev-setup
ifvictr,donnemartin/dev-setup
batermj,donnemartin/dev-setup
victory-sokolov,donnemartin/dev-setup
layzhi,donnemartin/dev-setup
jessb321,donnemartin/dev-setup
nabiuddin6,donnemartin/dev-setup
JonReppDirectOneDesign,donnemartin/dev-setup
chaitanyaphalak,donnemartin/dev-setup
tracure1337,donnemartin/dev-setup
tg-z,donnemartin/dev-setup
apmarshall,donnemartin/dev-setup
achermannagement,donnemartin/dev-setup
erikunha,donnemartin/dev-setup
doc22940,donnemartin/dev-setup
DanielPetelin,donnemartin/dev-setup
sanjaypant99,donnemartin/dev-setup
vitaly-z,donnemartin/dev-setup
nelix,donnemartin/dev-setup
Pishtiko,donnemartin/dev-setup
oieduardorabelo,donnemartin/dev-setup
imxiaohui,donnemartin/dev-setup
jstoobz,donnemartin/dev-setup
gvvynplaine,donnemartin/dev-setup
ai-ml-architect,donnemartin/dev-setup
d3v3l0,donnemartin/dev-setup
MtDeity,donnemartin/dev-setup
mariamimmh,donnemartin/dev-setup
garimasingh128,donnemartin/dev-setup
jimbrig,donnemartin/dev-setup
apheon-terra,donnemartin/dev-setup
wjnbreu,donnemartin/dev-setup
gauravssnl,donnemartin/dev-setup
pedoc,donnemartin/dev-setup
MaxCodeXTC,adrianhajdin/project_chat_application
jessb321,adrianhajdin/project_chat_application
tchigher,adrianhajdin/project_chat_application
smanwarulislam,adrianhajdin/project_chat_application
cr7yash,adrianhajdin/project_chat_application
AppServiceProvider,adrianhajdin/project_chat_application
johndavemanuel,adrianhajdin/project_chat_application
jumbojett,adrianhajdin/project_chat_application
sayyidisal,adrianhajdin/project_chat_application
apheon-terra,adrianhajdin/project_chat_application
fabiodr,adrianhajdin/project_chat_application
herberthk,adrianhajdin/project_chat_application
DevAshleyD,adrianhajdin/project_chat_application
sephsa,adrianhajdin/project_chat_application
YulioV,adrianhajdin/project_chat_application
fly51fly,adrianhajdin/project_chat_application
IvonaldoAmaral,adrianhajdin/project_chat_application
tuanductran,adrianhajdin/project_chat_application
mahmoudkandeel,adrianhajdin/project_chat_application
GeovaRS,adrianhajdin/project_chat_application
Abhimishra2424,adrianhajdin/project_chat_application
araguaci,adrianhajdin/project_chat_application
arafat877,adrianhajdin/project_chat_application
hercules261188,adrianhajdin/project_chat_application
ImaniAN,adrianhajdin/project_chat_application
MtDeity,adrianhajdin/project_chat_application
jonasermert,adrianhajdin/project_chat_application
ampodo,adrianhajdin/project_chat_application
joxtheman,adrianhajdin/project_chat_application
justacoolkid,adrianhajdin/project_chat_application
RasulSonmez,adrianhajdin/project_chat_application
johnyxu,adrianhajdin/project_chat_application
edwinmasri,adrianhajdin/project_chat_application
EronMahmuti,adrianhajdin/project_chat_application
mvandermeulen,adrianhajdin/project_chat_application
Swifilaboroka,adrianhajdin/project_chat_application
hamdanhussein,adrianhajdin/project_chat_application
BiswajitDtta,adrianhajdin/project_chat_application
jem98devs,adrianhajdin/project_chat_application
khantzinthu2k1,adrianhajdin/project_chat_application
baronrustamov,adrianhajdin/project_chat_application
shaheen7a,adrianhajdin/project_chat_application
SUVENDU-CHHATOI,adrianhajdin/project_chat_application
paulgrunt,adrianhajdin/project_chat_application
Amadeo-Frontend,adrianhajdin/project_chat_application
dezobq,adrianhajdin/project_chat_application
tomoat,adrianhajdin/project_chat_application
oudommeas,adrianhajdin/project_chat_application
AmirWorkplace,adrianhajdin/project_chat_application
N0t-Sur3,adrianhajdin/project_chat_application
Vincent-coder-sang,adrianhajdin/project_chat_application
firdausakbarr,adrianhajdin/project_chat_application
MrBlackBeeOsn,adrianhajdin/project_chat_application
naveenkumarans,adrianhajdin/project_chat_application
Nullcano,adrianhajdin/project_chat_application
00mjk,adrianhajdin/project_chat_application
hackerbotsupreme,adrianhajdin/project_chat_application
dipayan-code97,adrianhajdin/project_chat_application
thannhf,adrianhajdin/project_chat_application
soma2000-lang,adrianhajdin/project_chat_application
hwen020,adrianhajdin/project_chat_application
missAnneThorpe,adrianhajdin/project_chat_application
CodebyCyrus,adrianhajdin/project_chat_application
abhijit1990,adrianhajdin/project_chat_application
mhaidarhanif,adrianhajdin/project_chat_application
pemawangchuk2023,adrianhajdin/project_chat_application
rr3s1,adrianhajdin/project_chat_application
raviShankarpisini,adrianhajdin/project_chat_application
San0740396762,adrianhajdin/project_chat_application
shunwang,thrau/jarchivelib
wendigo,thrau/jarchivelib
pranavlathigara,thrau/jarchivelib
angusshire,thrau/jarchivelib
evandrix,thrau/jarchivelib
whummer,thrau/jarchivelib
tuyucheng7,thrau/jarchivelib
ayush15k1994,arogozhnikov/hep_ml
stjordanis,arogozhnikov/hep_ml
silverstone1903,arogozhnikov/hep_ml
neibla,arogozhnikov/hep_ml
manrajgrover,arogozhnikov/hep_ml
likaihere,arogozhnikov/hep_ml
HinVec,arogozhnikov/hep_ml
appidiabhinav,arogozhnikov/hep_ml
Good4lien,wellington1993/avaliacao_desenvolvedor
linhua55,Tyriar/dotfiles
trinhminhtriet,Tyriar/dotfiles
gakonst,ralexstokes/ethereum-consensus
sambacha,ralexstokes/ethereum-consensus
pynchmeister,ralexstokes/ethereum-consensus
shunkakinoki,ralexstokes/ethereum-consensus
tuxcanfly,ralexstokes/ethereum-consensus
wpank,ralexstokes/ethereum-consensus
AppServiceProvider,ralexstokes/ethereum-consensus
esneko,ralexstokes/ethereum-consensus
puzzithinker,ralexstokes/ethereum-consensus
decanus,ralexstokes/ethereum-consensus
SebastianElvis,ralexstokes/ethereum-consensus
nikivdev,ralexstokes/ethereum-consensus
pcaversaccio,ralexstokes/ethereum-consensus
0xmountaintop,ralexstokes/ethereum-consensus
Sandalots,ralexstokes/ethereum-consensus
jmcph4,ralexstokes/ethereum-consensus
jcampbell05,majkinetor/au
joedf,majkinetor/au
speckz,majkinetor/au
dimon222,majkinetor/au
smorimoto,majkinetor/au
nelix,majkinetor/au
svercl,majkinetor/au
jimbrig,majkinetor/au
adotsloan,majkinetor/au
trinhminhtriet,majkinetor/au
trietptm,trailofbits/cb-multios
opragel,trailofbits/cb-multios
ShikChen,trailofbits/cb-multios
peter50216,trailofbits/cb-multios
janroudaut,trailofbits/cb-multios
5y5tem5,trailofbits/cb-multios
colejhudson,trailofbits/cb-multios
dladuke,trailofbits/cb-multios
Tatsh,trailofbits/cb-multios
0xcpu,trailofbits/cb-multios
LJ001,trailofbits/cb-multios
jevinskie,trailofbits/cb-multios
michaelmior,trailofbits/cb-multios
7h3rAm,trailofbits/cb-multios
marctmiller,trailofbits/cb-multios
opexxx,trailofbits/cb-multios
halfx,trailofbits/cb-multios
own2pwn,trailofbits/cb-multios
nezlooy,trailofbits/cb-multios
samyk,trailofbits/cb-multios
ShawnAlexander,trailofbits/cb-multios
agnosticlines,trailofbits/cb-multios
fly51fly,trailofbits/cb-multios
SeshatCZ,trailofbits/cb-multios
decanus,trailofbits/cb-multios
modulexcite,trailofbits/cb-multios
Stankye,trailofbits/cb-multios
filipeoliveiraa,trailofbits/cb-multios
KEVINYZY,trailofbits/cb-multios
lifa123,trailofbits/cb-multios
quantumpacket,trailofbits/cb-multios
Hostn4me,trailofbits/cb-multios
karaninder,trailofbits/cb-multios
gauravssnl,trailofbits/cb-multios
jstoobz,trailofbits/cb-multios
famasoon,trailofbits/cb-multios
hyp3r5pace,trailofbits/cb-multios
denji,trailofbits/cb-multios
FDlucifer,trailofbits/cb-multios
stjordanis,trailofbits/cb-multios
0A7V9A,trailofbits/cb-multios
Siss3l,trailofbits/cb-multios
galaris,trailofbits/cb-multios
JT5D,google/adb-sync
fly51fly,google/adb-sync
morristech,google/adb-sync
yongjhih,google/adb-sync
pranavlathigara,google/adb-sync
bluemix,google/adb-sync
tadev,google/adb-sync
angusshire,google/adb-sync
DylanKojiCheslin,google/adb-sync
agileone,google/adb-sync
jesusgoku,google/adb-sync
wdv4758h,google/adb-sync
jessb321,google/adb-sync
jalcine,google/adb-sync
dec0dOS,google/adb-sync
sirgatez,google/adb-sync
Sleek1598,google/adb-sync
vulcangz,google/adb-sync
linhua55,google/adb-sync
himalay,google/adb-sync
axifive,google/adb-sync
Shifu-Engineer,google/adb-sync
empjustine,google/adb-sync
MihalczGabor,google/adb-sync
tddschn,google/adb-sync
ttatanepvp123,google/adb-sync
tg-z,google/adb-sync
ShikChen,google/adb-sync
BxC1sF1E,google/adb-sync
artob,google/adb-sync
KaiDevrim,google/adb-sync
thisiskeanyvy,google/adb-sync
EtherTyper,google/adb-sync
JeffCarpenter,google/adb-sync
gosoxharp,google/adb-sync
famasoon,google/adb-sync
soma2000-lang,google/adb-sync
SeshatCZ,google/adb-sync
Sandalots,google/adb-sync
duksosleepy,google/adb-sync
itsimpeccable,google/adb-sync
MilleniumSpark,google/adb-sync
eerie,google/adb-sync
usmanakram232,google/adb-sync
ZigaoWang,google/adb-sync
taesiri,offensive-security/exploitdb
0xdevalias,offensive-security/exploitdb
Sliim,offensive-security/exploitdb
nezlooy,offensive-security/exploitdb
michaelhood,offensive-security/exploitdb
MOZGIII,offensive-security/exploitdb
shunwang,offensive-security/exploitdb
MSylvia,offensive-security/exploitdb
filipeoliveiraa,offensive-security/exploitdb
sunlei,offensive-security/exploitdb
j-hernandez,offensive-security/exploitdb
avinashkoyyana,offensive-security/exploitdb
umaar,offensive-security/exploitdb
hnq90,offensive-security/exploitdb
scalp42,offensive-security/exploitdb
flrngel,offensive-security/exploitdb
opexxx,offensive-security/exploitdb
dladuke,offensive-security/exploitdb
7h3rAm,offensive-security/exploitdb
trietptm,offensive-security/exploitdb
aburan28,offensive-security/exploitdb
galaris,offensive-security/exploitdb
PSJoshi,offensive-security/exploitdb
adnils,offensive-security/exploitdb
tralphy,offensive-security/exploitdb
TyrannosaurusREKT,offensive-security/exploitdb
marctmiller,offensive-security/exploitdb
jmingov,offensive-security/exploitdb
moon2l,offensive-security/exploitdb
u0m3,offensive-security/exploitdb
JT5D,offensive-security/exploitdb
nbosa,offensive-security/exploitdb
jivoi,offensive-security/exploitdb
ryanbaxendale,offensive-security/exploitdb
manikantag,offensive-security/exploitdb
pasajero,offensive-security/exploitdb
unixfox,offensive-security/exploitdb
jiangplus,offensive-security/exploitdb
dyhpoon,offensive-security/exploitdb
anjingxz,offensive-security/exploitdb
oudommeas,offensive-security/exploitdb
smagellan,offensive-security/exploitdb
ramnes,offensive-security/exploitdb
FrankSansC,offensive-security/exploitdb
hawkup,offensive-security/exploitdb
zhaozhao,offensive-security/exploitdb
jcampbell05,offensive-security/exploitdb
dritter,offensive-security/exploitdb
jhermann,offensive-security/exploitdb
theodorosc,offensive-security/exploitdb
securitystreak,offensive-security/exploitdb
he0x,offensive-security/exploitdb
cooka,offensive-security/exploitdb
juanchristensen,offensive-security/exploitdb
darkdown,offensive-security/exploitdb
notyal,offensive-security/exploitdb
mcanthony,offensive-security/exploitdb
futoase,offensive-security/exploitdb
quentinfayet,offensive-security/exploitdb
yeshuibo,offensive-security/exploitdb
0x2Adr1,offensive-security/exploitdb
zouguangxian,offensive-security/exploitdb
yoCruzer,offensive-security/exploitdb
angusshire,offensive-security/exploitdb
suriyaa,offensive-security/exploitdb
suxinde2009,offensive-security/exploitdb
madhuakula,offensive-security/exploitdb
Chan9390,offensive-security/exploitdb
xrmr,offensive-security/exploitdb
andrewwxy,offensive-security/exploitdb
Stankye,offensive-security/exploitdb
JBTech,offensive-security/exploitdb
ShikChen,offensive-security/exploitdb
peter50216,offensive-security/exploitdb
mrmign,offensive-security/exploitdb
xeoneux,offensive-security/exploitdb
colejhudson,offensive-security/exploitdb
PeterVatistas,offensive-security/exploitdb
quantumpacket,offensive-security/exploitdb
darvid,offensive-security/exploitdb
ghosthamlet,offensive-security/exploitdb
eerie,offensive-security/exploitdb
bossjones,offensive-security/exploitdb
dobestan,offensive-security/exploitdb
opragel,offensive-security/exploitdb
sshyran,offensive-security/exploitdb
jalcine,offensive-security/exploitdb
wdv4758h,offensive-security/exploitdb
macint0sh,offensive-security/exploitdb
opt9,offensive-security/exploitdb
fly51fly,offensive-security/exploitdb
jubbon,offensive-security/exploitdb
LJ001,offensive-security/exploitdb
zhiyue,offensive-security/exploitdb
triplekill,offensive-security/exploitdb
wigust,offensive-security/exploitdb
conail,offensive-security/exploitdb
lifa123,offensive-security/exploitdb
rmetzler,offensive-security/exploitdb
mgeeky,offensive-security/exploitdb
ducphanduyagentp,offensive-security/exploitdb
unbaiat,offensive-security/exploitdb
onlurking,offensive-security/exploitdb
haroldo-ok,offensive-security/exploitdb
mikalv,offensive-security/exploitdb
mofelee,offensive-security/exploitdb
roccomuso,offensive-security/exploitdb
krodyx,offensive-security/exploitdb
AlexxNica,offensive-security/exploitdb
denji,offensive-security/exploitdb
vck,offensive-security/exploitdb
orakle,offensive-security/exploitdb
wjybluse,offensive-security/exploitdb
Antonito,offensive-security/exploitdb
daedalus,offensive-security/exploitdb
esp10mm,offensive-security/exploitdb
0xfeeddeadbeef,offensive-security/exploitdb
insanitus,offensive-security/exploitdb
xvovx,offensive-security/exploitdb
eevmanu,offensive-security/exploitdb
7heaven,offensive-security/exploitdb
msenturk,offensive-security/exploitdb
dendisuhubdy,offensive-security/exploitdb
rm3l,offensive-security/exploitdb
NikhilDoWhile,offensive-security/exploitdb
ShawnAlexander,offensive-security/exploitdb
xuanhan863,offensive-security/exploitdb
edersohe,offensive-security/exploitdb
studiovc,offensive-security/exploitdb
halfx,offensive-security/exploitdb
merekemess,offensive-security/exploitdb
fits2010,offensive-security/exploitdb
cieplak,offensive-security/exploitdb
own2pwn,offensive-security/exploitdb
giovannism20,offensive-security/exploitdb
R-K-H,offensive-security/exploitdb
h1nk,offensive-security/exploitdb
leesander1,offensive-security/exploitdb
reklis,offensive-security/exploitdb
dec0dOS,offensive-security/exploitdb
discoweasel,offensive-security/exploitdb
modulexcite,offensive-security/exploitdb
mehrdad-shokri,offensive-security/exploitdb
saravntbe,offensive-security/exploitdb
BxC1sF1E,offensive-security/exploitdb
roscopecoltran,offensive-security/exploitdb
shubhamk06,offensive-security/exploitdb
ik5,offensive-security/exploitdb
Hostn4me,offensive-security/exploitdb
hktalent,offensive-security/exploitdb
SebastianElvis,offensive-security/exploitdb
puzzithinker,offensive-security/exploitdb
tadev,offensive-security/exploitdb
tchigher,offensive-security/exploitdb
agnosticlines,offensive-security/exploitdb
gauravssnl,offensive-security/exploitdb
nelix,offensive-security/exploitdb
selftaught,offensive-security/exploitdb
sguzman,offensive-security/exploitdb
i0Ek3,offensive-security/exploitdb
halsten,offensive-security/exploitdb
denisse-dev,offensive-security/exploitdb
mph-code,offensive-security/exploitdb
limkokhole,offensive-security/exploitdb
axifive,offensive-security/exploitdb
Sleek1598,offensive-security/exploitdb
Tatsh,offensive-security/exploitdb
AzureCloudMonk,offensive-security/exploitdb
vintagesucks,offensive-security/exploitdb
lightoyou,offensive-security/exploitdb
naltun,offensive-security/exploitdb
ansarid,offensive-security/exploitdb
py7hon,offensive-security/exploitdb
SeshatCZ,offensive-security/exploitdb
andriyor,offensive-security/exploitdb
TankMasterRL,offensive-security/exploitdb
nickolasburr,offensive-security/exploitdb
nicholasadamou,offensive-security/exploitdb
brianluby,offensive-security/exploitdb
0w3,offensive-security/exploitdb
likaihere,offensive-security/exploitdb
ekovegeance,offensive-security/exploitdb
fijimunkii,offensive-security/exploitdb
JeffCarpenter,offensive-security/exploitdb
KEVINYZY,offensive-security/exploitdb
karaninder,offensive-security/exploitdb
tututu-patch,offensive-security/exploitdb
KvaroverHeaven,offensive-security/exploitdb
sponnusa,offensive-security/exploitdb
jrodrigomg,offensive-security/exploitdb
thanhtoan1196,offensive-security/exploitdb
reedhhw,offensive-security/exploitdb
kimocoder,offensive-security/exploitdb
gvvynplaine,offensive-security/exploitdb
tddschn,offensive-security/exploitdb
hoangpq,offensive-security/exploitdb
andantonyan,offensive-security/exploitdb
ThomasErhel,offensive-security/exploitdb
evandrix,offensive-security/exploitdb
jstoobz,offensive-security/exploitdb
famasoon,offensive-security/exploitdb
Ro9ueAdmin,offensive-security/exploitdb
forestfoxx,offensive-security/exploitdb
HowWeLand,offensive-security/exploitdb
sanjaypant99,offensive-security/exploitdb
saadazghour,offensive-security/exploitdb
hsen-dev,offensive-security/exploitdb
layzhi,offensive-security/exploitdb
bkhobbs39,offensive-security/exploitdb
erikunha,offensive-security/exploitdb
Suburbanno,offensive-security/exploitdb
Kimpten,offensive-security/exploitdb
Pishtiko,offensive-security/exploitdb
FDlucifer,offensive-security/exploitdb
TheLastZombie,offensive-security/exploitdb
sirgatez,google/access-bridge-explorer
MihalczGabor,google/access-bridge-explorer
ttatanepvp123,google/access-bridge-explorer
KaiDevrim,google/access-bridge-explorer
thisiskeanyvy,google/access-bridge-explorer
itsimpeccable,google/access-bridge-explorer
dcgithub,google/access-bridge-explorer
program247365,btholt/complete-intro-to-react-v5
kaoussi,btholt/complete-intro-to-react-v5
neibla,btholt/complete-intro-to-react-v5
lanqy,btholt/complete-intro-to-react-v5
owen800q,btholt/complete-intro-to-react-v5
tchigher,btholt/complete-intro-to-react-v5
da-vaibhav,btholt/complete-intro-to-react-v5
eueung,btholt/complete-intro-to-react-v5
RinatValiullov,btholt/complete-intro-to-react-v5
Josscii,btholt/complete-intro-to-react-v5
pyadav,btholt/complete-intro-to-react-v5
kevinsegal,btholt/complete-intro-to-react-v5
orakle,btholt/complete-intro-to-react-v5
denji,btholt/complete-intro-to-react-v5
jaamaalxyz,btholt/complete-intro-to-react-v5
esneko,btholt/complete-intro-to-react-v5
Jolaolu,btholt/complete-intro-to-react-v5
matagus,btholt/complete-intro-to-react-v5
michaelchiche,btholt/complete-intro-to-react-v5
oudommeas,btholt/complete-intro-to-react-v5
sergkop,btholt/complete-intro-to-react-v5
saadshahd,btholt/complete-intro-to-react-v5
hoangtx,btholt/complete-intro-to-react-v5
Joe-oss9527,btholt/complete-intro-to-react-v5
andantonyan,btholt/complete-intro-to-react-v5
jessb321,btholt/complete-intro-to-react-v5
cwonrails,btholt/complete-intro-to-react-v5
lxsmnsyc,btholt/complete-intro-to-react-v5
hoangpq,btholt/complete-intro-to-react-v5
szy0syz,btholt/complete-intro-to-react-v5
denisfitz57,btholt/complete-intro-to-react-v5
hartca,btholt/complete-intro-to-react-v5
mph-code,btholt/complete-intro-to-react-v5
fly51fly,btholt/complete-intro-to-react-v5
the-cc-dev,btholt/complete-intro-to-react-v5
nelix,btholt/complete-intro-to-react-v5
mahmoudkandeel,btholt/complete-intro-to-react-v5
erikunha,btholt/complete-intro-to-react-v5
tunnckoCore,btholt/complete-intro-to-react-v5
namuit,btholt/complete-intro-to-react-v5
ubongndoh,btholt/complete-intro-to-react-v5
AppServiceProvider,btholt/complete-intro-to-react-v5
doc22940,btholt/complete-intro-to-react-v5
gvvynplaine,btholt/complete-intro-to-react-v5
maciej-src,btholt/complete-intro-to-react-v5
araguaci,btholt/complete-intro-to-react-v5
jomefavourite,btholt/complete-intro-to-react-v5
AlexSwensen,btholt/complete-intro-to-react-v5
wassiim,btholt/complete-intro-to-react-v5
DevAshleyD,btholt/complete-intro-to-react-v5
dimlev,btholt/complete-intro-to-react-v5
0xdevalias,btholt/complete-intro-to-react-v5
oieduardorabelo,btholt/complete-intro-to-react-v5
cr7yash,btholt/complete-intro-to-react-v5
Shohan494,btholt/complete-intro-to-react-v5
ktkization,btholt/complete-intro-to-react-v5
tracure1337,btholt/complete-intro-to-react-v5
yasinatesim,btholt/complete-intro-to-react-v5
d3v3l0,btholt/complete-intro-to-react-v5
KenMan79,btholt/complete-intro-to-react-v5
M3Try,btholt/complete-intro-to-react-v5
MilleniumSpark,btholt/complete-intro-to-react-v5
KNipunDananjaya,btholt/complete-intro-to-react-v5
barbietunnie,btholt/complete-intro-to-react-v5
saadazghour,btholt/complete-intro-to-react-v5
missAnneThorpe,btholt/complete-intro-to-react-v5
trinhminhtriet,btholt/complete-intro-to-react-v5
savage69kr,PawanKolhe/color-calendar
the-cc-dev,PawanKolhe/color-calendar
sreelakshmig009,PawanKolhe/color-calendar
Good4lien,PawanKolhe/color-calendar
Doppp,PawanKolhe/color-calendar
opexxx,majkinetor/au-packages
hsavit1,jgthms/css-reference
lanqy,jgthms/css-reference
nicholasadamou,jgthms/css-reference
snehesht,jgthms/css-reference
abduld,jgthms/css-reference
zhaozhao,jgthms/css-reference
arrmac,jgthms/css-reference
xrmr,jgthms/css-reference
peterbrinck,jgthms/css-reference
sriharshakappala,jgthms/css-reference
mhaidarhanif,jgthms/css-reference
kaoussi,jgthms/css-reference
fly51fly,jgthms/css-reference
savage69kr,jgthms/css-reference
haroldo-ok,jgthms/css-reference
pmuens,jgthms/css-reference
petehouston,jgthms/css-reference
rishipuri,jgthms/css-reference
josedulanto,jgthms/css-reference
jrodrigomg,jgthms/css-reference
filipeoliveiraa,jgthms/css-reference
odyss009,jgthms/css-reference
fabiodr,jgthms/css-reference
umaar,jgthms/css-reference
dyhpoon,jgthms/css-reference
quobit,jgthms/css-reference
darkdown,jgthms/css-reference
alwayrun,jgthms/css-reference
wdv4758h,jgthms/css-reference
soenkekluth,jgthms/css-reference
Nangal,jgthms/css-reference
chaitanyaphalak,jgthms/css-reference
jubbon,jgthms/css-reference
manikantag,jgthms/css-reference
sergkop,jgthms/css-reference
zhiyue,jgthms/css-reference
saadshahd,jgthms/css-reference
hapr05,jgthms/css-reference
weimingtom,jgthms/css-reference
king6cong,jgthms/css-reference
mugli,jgthms/css-reference
dritter,jgthms/css-reference
saravntbe,jgthms/css-reference
izontm,jgthms/css-reference
andantonyan,jgthms/css-reference
hartca,jgthms/css-reference
NguyenTrungTin,jgthms/css-reference
roccomuso,jgthms/css-reference
minhoryang,jgthms/css-reference
marko-jankovic,jgthms/css-reference
yasenn,jgthms/css-reference
ifvictr,jgthms/css-reference
AlexSwensen,jgthms/css-reference
jbenner-radham,jgthms/css-reference
timelyportfolio,jgthms/css-reference
whatwewant,jgthms/css-reference
sivartravis,jgthms/css-reference
patrick91,jgthms/css-reference
ThomasG77,jgthms/css-reference
julianxhokaxhiu,jgthms/css-reference
takuan-osho,jgthms/css-reference
lanastasov,jgthms/css-reference
mofelee,jgthms/css-reference
jiangplus,jgthms/css-reference
ajmalafif,jgthms/css-reference
StarZ3r0,jgthms/css-reference
secondwtq,jgthms/css-reference
vittee,jgthms/css-reference
TyrannosaurusREKT,jgthms/css-reference
samyk,jgthms/css-reference
sebinsua,jgthms/css-reference
kgryte,jgthms/css-reference
michaelchiche,jgthms/css-reference
fer-ri,jgthms/css-reference
YerkoPalma,jgthms/css-reference
nschlemm,jgthms/css-reference
Doppp,jgthms/css-reference
chenruibin,jgthms/css-reference
kousikan,jgthms/css-reference
brennebeck,jgthms/css-reference
neosarchizo,jgthms/css-reference
wassiim,jgthms/css-reference
zouguangxian,jgthms/css-reference
kriwil,jgthms/css-reference
fannheyward,jgthms/css-reference
slackmage,jgthms/css-reference
karbon0x,jgthms/css-reference
utensil,jgthms/css-reference
deadlocks,jgthms/css-reference
fengzilong,jgthms/css-reference
oudommeas,jgthms/css-reference
himalay,jgthms/css-reference
catplanet007,jgthms/css-reference
kevinsegal,jgthms/css-reference
khanhicetea,jgthms/css-reference
bonfy,jgthms/css-reference
thomasklemm,jgthms/css-reference
fabriceyopa,jgthms/css-reference
annonuser,jgthms/css-reference
maxrugen,jgthms/css-reference
janroudaut,jgthms/css-reference
ellisonleao,jgthms/css-reference
jaredthecoder,jgthms/css-reference
hilarryxu,jgthms/css-reference
anjingxz,jgthms/css-reference
speckz,jgthms/css-reference
ryoikarashi,jgthms/css-reference
dansandland,jgthms/css-reference
huynhducduy,jgthms/css-reference
vintagesucks,jgthms/css-reference
therebelrobot,jgthms/css-reference
dotsource,jgthms/css-reference
KevinRamsunder,jgthms/css-reference
alihalabyah,jgthms/css-reference
xeoneux,jgthms/css-reference
nikolay,jgthms/css-reference
hoangtx,jgthms/css-reference
discountry,jgthms/css-reference
leongkui,jgthms/css-reference
detailyang,jgthms/css-reference
AnanthaRajuC,jgthms/css-reference
Yukaii,jgthms/css-reference
PSJoshi,jgthms/css-reference
iTonyYo,jgthms/css-reference
imikay,jgthms/css-reference
mrluanma,jgthms/css-reference
lyuha,jgthms/css-reference
d-dozer,jgthms/css-reference
GeorgeErickson,jgthms/css-reference
ktkization,jgthms/css-reference
itsnotvalid,jgthms/css-reference
nvanmeurs,jgthms/css-reference
RickWong,jgthms/css-reference
manrajgrover,jgthms/css-reference
yvan-sraka,jgthms/css-reference
nhducit,jgthms/css-reference
amite,jgthms/css-reference
leo424y,jgthms/css-reference
Vishal-Isharani,jgthms/css-reference
conail,jgthms/css-reference
lucianosb,jgthms/css-reference
bahmdev,jgthms/css-reference
jonathanegol,jgthms/css-reference
mikesprague,jgthms/css-reference
onlydole,jgthms/css-reference
jfexyz,jgthms/css-reference
shuber,jgthms/css-reference
wtigert,jgthms/css-reference
zackmore,jgthms/css-reference
peter50216,jgthms/css-reference
obahareth,jgthms/css-reference
khaled131,jgthms/css-reference
LeoSolaris,jgthms/css-reference
bolerovt,jgthms/css-reference
reklis,jgthms/css-reference
ShikChen,jgthms/css-reference
folasm87,jgthms/css-reference
matthochler,jgthms/css-reference
ptsurbeleu,jgthms/css-reference
achermannagement,jgthms/css-reference
rtcoms,jgthms/css-reference
datasatori,jgthms/css-reference
vmlinz,jgthms/css-reference
reduxionist,jgthms/css-reference
mrjohannchang,jgthms/css-reference
AlexxNica,jgthms/css-reference
tensortalk,jgthms/css-reference
posquit0,jgthms/css-reference
inferjay,jgthms/css-reference
klihelp,jgthms/css-reference
sponnusa,jgthms/css-reference
tomoat,jgthms/css-reference
bntzio,jgthms/css-reference
hnq90,jgthms/css-reference
ymn1k,jgthms/css-reference
iRaul,jgthms/css-reference
chibicode,jgthms/css-reference
cookavich,jgthms/css-reference
cwonrails,jgthms/css-reference
NexZhu,jgthms/css-reference
avinashkoyyana,jgthms/css-reference
joseluisq,jgthms/css-reference
Suburbanno,jgthms/css-reference
zce,jgthms/css-reference
mattbis,jgthms/css-reference
rimenes,jgthms/css-reference
gauravssnl,jgthms/css-reference
szy0syz,jgthms/css-reference
RinatValiullov,jgthms/css-reference
tchigher,jgthms/css-reference
royswale,jgthms/css-reference
thanhtoan1196,jgthms/css-reference
nelix,jgthms/css-reference
jonasermert,jgthms/css-reference
priyadhoundiyal,jgthms/css-reference
channprj,jgthms/css-reference
TenviLi,jgthms/css-reference
scivey,jgthms/css-reference
johndavemanuel,jgthms/css-reference
onlurking,jgthms/css-reference
CreatorMetaSky,jgthms/css-reference
mph-code,jgthms/css-reference
vulcangz,jgthms/css-reference
KEVINYZY,jgthms/css-reference
WeiChiaChang,jgthms/css-reference
Josscii,jgthms/css-reference
victory-sokolov,jgthms/css-reference
yareyaredesuyo,jgthms/css-reference
johnyxu,jgthms/css-reference
yonycalsin,jgthms/css-reference
andriyor,jgthms/css-reference
wjnbreu,jgthms/css-reference
MaxCodeXTC,jgthms/css-reference
HinVec,jgthms/css-reference
nabiuddin6,jgthms/css-reference
TheLastZombie,jgthms/css-reference
the-cc-dev,jgthms/css-reference
mariamimmh,jgthms/css-reference
R-K-H,jgthms/css-reference
doc22940,jgthms/css-reference
max-hk,jgthms/css-reference
liudonghua123,jgthms/css-reference
pedoc,jgthms/css-reference
yasinatesim,jgthms/css-reference
jamiedevsandbox,jgthms/css-reference
Uvacoder,jgthms/css-reference
nobiit,jgthms/css-reference
dcgithub,jgthms/css-reference
ebigram,jgthms/css-reference
Mithileshraj123,jgthms/css-reference
nikivdev,jgthms/css-reference
mvandermeulen,jgthms/css-reference
manthanank,jgthms/css-reference
namuit,jgthms/css-reference
nir-zilberman,jgthms/css-reference
KNipunDananjaya,jgthms/css-reference
flumpus-dev,jgthms/css-reference
hyperupcall,jgthms/css-reference
khantzinthu2k1,jgthms/css-reference
AppServiceProvider,jgthms/css-reference
tuanductran,jgthms/css-reference
GeovaRS,jgthms/css-reference
firdausakbarr,jgthms/css-reference
turdfire,jgthms/css-reference
Eikonsphere,jgthms/css-reference
djangosporti,jgthms/css-reference
dkapt,jgthms/css-reference
YulioV,adrianhajdin/chat_application
fly51fly,adrianhajdin/chat_application
MaxCodeXTC,adrianhajdin/chat_application
M3Try,adrianhajdin/chat_application
mahmoudkandeel,adrianhajdin/chat_application
smanwarulislam,adrianhajdin/chat_application
GeovaRS,adrianhajdin/chat_application
arafat877,adrianhajdin/chat_application
owen800q,adrianhajdin/chat_application
ANTON-IVANOVICH,adrianhajdin/chat_application
CharlesCreativeContent,adrianhajdin/chat_application
joxtheman,adrianhajdin/chat_application
RasulSonmez,adrianhajdin/chat_application
EronMahmuti,adrianhajdin/chat_application
Swifilaboroka,adrianhajdin/chat_application
hamdanhussein,adrianhajdin/chat_application
BiswajitDtta,adrianhajdin/chat_application
baronrustamov,adrianhajdin/chat_application
shaheen7a,adrianhajdin/chat_application
SUVENDU-CHHATOI,adrianhajdin/chat_application
jem98devs,adrianhajdin/chat_application
Amadeo-Frontend,adrianhajdin/chat_application
dezobq,adrianhajdin/chat_application
AmirWorkplace,adrianhajdin/chat_application
N0t-Sur3,adrianhajdin/chat_application
Vincent-coder-sang,adrianhajdin/chat_application
paulgrunt,adrianhajdin/chat_application
MrBlackBeeOsn,adrianhajdin/chat_application
naveenkumarans,adrianhajdin/chat_application
hackerbotsupreme,adrianhajdin/chat_application
dipayan-code97,adrianhajdin/chat_application
thannhf,adrianhajdin/chat_application
uptonking,adrianhajdin/chat_application
hwen020,adrianhajdin/chat_application
CodebyCyrus,adrianhajdin/chat_application
abhijit1990,adrianhajdin/chat_application
pemawangchuk2023,adrianhajdin/chat_application
rr3s1,adrianhajdin/chat_application
raviShankarpisini,adrianhajdin/chat_application
San0740396762,adrianhajdin/chat_application
decanus,ethereum/cbc-casper
KevinRamsunder,ethereum/cbc-casper
unixfox,ethereum/cbc-casper
colrack,ethereum/cbc-casper
futoase,ethereum/cbc-casper
gakonst,ethereum/cbc-casper
wpank,ethereum/cbc-casper
ik5,ethereum/cbc-casper
SebastianElvis,ethereum/cbc-casper
NexZhu,ethereum/cbc-casper
shanefontaine,ethereum/cbc-casper
pynchmeister,ethereum/cbc-casper
kaichen,ethereum/cbc-casper
MihalczGabor,ethereum/cbc-casper
0xmountaintop,ethereum/cbc-casper
LuozhuZhang,ethereum/cbc-casper
puzzithinker,ethereum/cbc-casper
Ramyromel,ethereum/cbc-casper
RobertAudi,kdeldycke/meta-package-manager
roscopecoltran,kdeldycke/meta-package-manager
canering,kdeldycke/meta-package-manager
rtdaly,kdeldycke/meta-package-manager
nschlemm,kdeldycke/meta-package-manager
markemer,kdeldycke/meta-package-manager
opexxx,kdeldycke/meta-package-manager
andriyor,kdeldycke/meta-package-manager
scivey,kdeldycke/meta-package-manager
tg-z,kdeldycke/meta-package-manager
gauravssnl,kdeldycke/meta-package-manager
jefftriplett,kdeldycke/meta-package-manager
MikeGolden,kdeldycke/meta-package-manager
harrygallagher4,kdeldycke/meta-package-manager
jimbrig,kdeldycke/meta-package-manager
jfexyz,kdeldycke/meta-package-manager
sguzman,kdeldycke/meta-package-manager
Widcket,kdeldycke/meta-package-manager
mskian,kdeldycke/meta-package-manager
nikivdev,kdeldycke/meta-package-manager
tddschn,kdeldycke/meta-package-manager
hyperupcall,kdeldycke/meta-package-manager
adotsloan,kdeldycke/meta-package-manager
flumpus-dev,kdeldycke/meta-package-manager
00mjk,kdeldycke/meta-package-manager
JeffCarpenter,kdeldycke/meta-package-manager
nikolay,kdeldycke/meta-package-manager
vaginessa,kdeldycke/meta-package-manager
tuanductran,kdeldycke/meta-package-manager
0A7V9A,kdeldycke/meta-package-manager
dec0dOS,kdeldycke/meta-package-manager
TheLastZombie,kdeldycke/meta-package-manager
tuxcanfly,kdeldycke/meta-package-manager
MahanRajabi80,kdeldycke/meta-package-manager
lyuha,kdeldycke/meta-package-manager
Adlinke,kdeldycke/meta-package-manager
usmanakram232,kdeldycke/meta-package-manager
missAnneThorpe,kdeldycke/meta-package-manager
araguaci,kdeldycke/meta-package-manager
Matt-Deacalion,kdeldycke/meta-package-manager
3m4r5,kdeldycke/meta-package-manager
takuan-osho,rupa/epub
zackmore,rupa/epub
program247365,rupa/epub
eerie,rupa/epub
cooka,rupa/epub
bonfy,rupa/epub
angusshire,rupa/epub
matagus,rupa/epub
Solertis,rupa/epub
cwonrails,rupa/epub
gauravssnl,rupa/epub
limkokhole,rupa/epub
ansarid,rupa/epub
MatejLach,rupa/epub
geduardcatalindev,rupa/epub
adelarsq,rupa/epub
tg-z,rupa/epub
Shifu-Engineer,rupa/epub
DanielPetelin,rupa/epub
empjustine,rupa/epub
d3v3l0,rupa/epub
gbowne1,rupa/epub
dkapt,rupa/epub
trinhminhtriet,rupa/epub
halfx,LiveOverflow/PwnAdventure3
lightoyou,LiveOverflow/PwnAdventure3
dec0dOS,LiveOverflow/PwnAdventure3
ducphanduyagentp,LiveOverflow/PwnAdventure3
nbosa,LiveOverflow/PwnAdventure3
quantumpacket,LiveOverflow/PwnAdventure3
Sliim,LiveOverflow/PwnAdventure3
famasoon,LiveOverflow/PwnAdventure3
7heaven,LiveOverflow/PwnAdventure3
moon2l,LiveOverflow/PwnAdventure3
Antonito,LiveOverflow/PwnAdventure3
cooka,LiveOverflow/PwnAdventure3
layzhi,LiveOverflow/PwnAdventure3
MSylvia,LiveOverflow/PwnAdventure3
owen800q,LiveOverflow/PwnAdventure3
h1nk,LiveOverflow/PwnAdventure3
zpaav,LiveOverflow/PwnAdventure3
galaris,LiveOverflow/PwnAdventure3
andrewwxy,LiveOverflow/PwnAdventure3
vigneshv92,LiveOverflow/PwnAdventure3
Bvaudin,LiveOverflow/PwnAdventure3
BxC1sF1E,LiveOverflow/PwnAdventure3
3m4r5,LiveOverflow/PwnAdventure3
FDlucifer,LiveOverflow/PwnAdventure3
meafs,LiveOverflow/PwnAdventure3
x0nu11byt3,LiveOverflow/PwnAdventure3
spiri-leo,LiveOverflow/PwnAdventure3
0A7V9A,LiveOverflow/PwnAdventure3
forestfoxx,LiveOverflow/PwnAdventure3
samyk,ethereum/casper
ansarid,ethereum/casper
rm3l,ethereum/casper
fly51fly,ethereum/casper
DylanKojiCheslin,ethereum/casper
ifvictr,ethereum/casper
kaichen,ethereum/casper
shanefontaine,ethereum/casper
gakonst,ethereum/casper
rtdaly,ethereum/casper
ik5,ethereum/casper
rtzll,ethereum/casper
decanus,ethereum/casper
NexZhu,ethereum/casper
wpank,ethereum/casper
channprj,ethereum/casper
pynchmeister,ethereum/casper
marcusrbrown,ethereum/casper
denisse-dev,ethereum/casper
SebastianElvis,ethereum/casper
jiangplus,ethereum/casper
nschlemm,ethereum/casper
zouguangxian,ethereum/casper
xmonader,ethereum/casper
KEVINYZY,ethereum/casper
MihalczGabor,ethereum/casper
0xmountaintop,ethereum/casper
Qdigital,ethereum/casper
KenMan79,ethereum/casper
LuozhuZhang,ethereum/casper
omasanori,ethereum/casper
von-steinkirch,ethereum/casper
shunkakinoki,ethereum/casper
Ramyromel,ethereum/casper
garimasingh128,garimasingh128/Alexa-skills-starters
elhadjx,garimasingh128/Alexa-skills-starters
reduxionist,google/addlicense
xhs,google/addlicense
wendigo,google/addlicense
jhermann,google/addlicense
madhuakula,google/addlicense
detailyang,google/addlicense
AlexxNica,google/addlicense
krodyx,google/addlicense
mbrukman,google/addlicense
denji,google/addlicense
roscopecoltran,google/addlicense
sirgatez,google/addlicense
old101,google/addlicense
gabrielcorado,google/addlicense
tuxcanfly,google/addlicense
pyadav,google/addlicense
scivey,google/addlicense
decimalbell,google/addlicense
vintagesucks,google/addlicense
MihalczGabor,google/addlicense
NexZhu,google/addlicense
ttatanepvp123,google/addlicense
sambacha,google/addlicense
mrluanma,google/addlicense
d-led,google/addlicense
ik5,google/addlicense
chibicode,google/addlicense
lanastasov,google/addlicense
shoichiaizawa,google/addlicense
hoangpq,google/addlicense
i0Ek3,google/addlicense
jianyuan,google/addlicense
KaiDevrim,google/addlicense
thisiskeanyvy,google/addlicense
herbygillot,google/addlicense
jamiedevsandbox,google/addlicense
rm3l,google/addlicense
shunkakinoki,google/addlicense
gaybro8777,google/addlicense
wigust,google/addlicense
00mjk,google/addlicense
HinVec,google/addlicense
nikolay,google/addlicense
frankfanslc,google/addlicense
ghishadow,google/addlicense
omasanori,google/addlicense
stefanvanburen,google/addlicense
itsimpeccable,google/addlicense
xrmr,google/addlicense
Sandalots,google/addlicense
fly51fly,google/addlicense
zouguangxian,google/addlicense
usmanakram232,google/addlicense
RustyCobalt36,google/addlicense
ZigaoWang,google/addlicense
dkapt,google/addlicense
Doppp,google/addlicense
brianluby,google/addlicense
puppycodes,davglass/doorbot
jay3ss,davglass/doorbot
hartca,davglass/doorbot
Pierrot-l3-F0U,davglass/doorbot
gbowne1,benawad/astral-bugs
denji,vicky002/AlgoWiki
neophyt3,vicky002/AlgoWiki
angusshire,vicky002/AlgoWiki
karbon0x,vicky002/AlgoWiki
hartca,vicky002/AlgoWiki
dufferzafar,vicky002/AlgoWiki
petehouston,vicky002/AlgoWiki
guptarohit,vicky002/AlgoWiki
aburan28,vicky002/AlgoWiki
nikolay,vicky002/AlgoWiki
peterbrinck,vicky002/AlgoWiki
andrewwxy,vicky002/AlgoWiki
BlancosWay,vicky002/AlgoWiki
reduxionist,vicky002/AlgoWiki
ShikChen,vicky002/AlgoWiki
peter50216,vicky002/AlgoWiki
girish,vicky002/AlgoWiki
marctmiller,vicky002/AlgoWiki
pranavlathigara,vicky002/AlgoWiki
NikhilDoWhile,vicky002/AlgoWiki
Solertis,vicky002/AlgoWiki
nikivdev,vicky002/AlgoWiki
studiovc,vicky002/AlgoWiki
chaitanyaphalak,vicky002/AlgoWiki
denisse-dev,vicky002/AlgoWiki
cookavich,vicky002/AlgoWiki
ptsurbeleu,vicky002/AlgoWiki
yasenn,vicky002/AlgoWiki
suriyaa,vicky002/AlgoWiki
rogeriomarques,vicky002/AlgoWiki
sponnusa,vicky002/AlgoWiki
obahareth,vicky002/AlgoWiki
brennebeck,vicky002/AlgoWiki
kwilczynski,vicky002/AlgoWiki
qbig,vicky002/AlgoWiki
0w3,vicky002/AlgoWiki
esp10mm,vicky002/AlgoWiki
Doppp,vicky002/AlgoWiki
ai-ml-architect,vicky002/AlgoWiki
hoangpq,vicky002/AlgoWiki
FrankSansC,vicky002/AlgoWiki
xeoneux,vicky002/AlgoWiki
Jackneill,vicky002/AlgoWiki
balta2ar,vicky002/AlgoWiki
flrngel,vicky002/AlgoWiki
namuit,vicky002/AlgoWiki
dclambert,vicky002/AlgoWiki
gauravssnl,vicky002/AlgoWiki
sriharshakappala,vicky002/AlgoWiki
dhuckins,vicky002/AlgoWiki
smagellan,vicky002/AlgoWiki
michaelmior,vicky002/AlgoWiki
macint0sh,vicky002/AlgoWiki
burkesquires,vicky002/AlgoWiki
andantonyan,vicky002/AlgoWiki
khaled131,vicky002/AlgoWiki
venkat-oss,vicky002/AlgoWiki
mihaeu,vicky002/AlgoWiki
marko-jankovic,vicky002/AlgoWiki
jonasermert,vicky002/AlgoWiki
ghosthamlet,vicky002/AlgoWiki
valpackett,vicky002/AlgoWiki
filipeoliveiraa,vicky002/AlgoWiki
himalay,vicky002/AlgoWiki
sescobb27,vicky002/AlgoWiki
kaoussi,vicky002/AlgoWiki
colrack,vicky002/AlgoWiki
eueung,vicky002/AlgoWiki
LeoSolaris,vicky002/AlgoWiki
neibla,vicky002/AlgoWiki
jessb321,vicky002/AlgoWiki
reddysainathn,vicky002/AlgoWiki
weimingtom,vicky002/AlgoWiki
takuan-osho,vicky002/AlgoWiki
ccl0326,vicky002/AlgoWiki
wjybluse,vicky002/AlgoWiki
darkdown,vicky002/AlgoWiki
crazyguitar,vicky002/AlgoWiki
soenkekluth,vicky002/AlgoWiki
chenruibin,vicky002/AlgoWiki
pasajero,vicky002/AlgoWiki
tomoat,vicky002/AlgoWiki
coffee4code,vicky002/AlgoWiki
RobertAudi,vicky002/AlgoWiki
zhiyue,vicky002/AlgoWiki
michaelchiche,vicky002/AlgoWiki
rishipuri,vicky002/AlgoWiki
Wallace121980,vicky002/AlgoWiki
misterT2525,vicky002/AlgoWiki
TankMasterRL,vicky002/AlgoWiki
Jinxiansen,vicky002/AlgoWiki
oudommeas,vicky002/AlgoWiki
hapr05,vicky002/AlgoWiki
folasm87,vicky002/AlgoWiki
apmarshall,vicky002/AlgoWiki
zhaozhao,vicky002/AlgoWiki
NiksonX,vicky002/AlgoWiki
maxrugen,vicky002/AlgoWiki
speckz,vicky002/AlgoWiki
dhamaniasad,vicky002/AlgoWiki
dewang-mistry,vicky002/AlgoWiki
haroldo-ok,vicky002/AlgoWiki
Nangal,vicky002/AlgoWiki
annonuser,vicky002/AlgoWiki
jalcine,vicky002/AlgoWiki
zbeekman,vicky002/AlgoWiki
samyk,vicky002/AlgoWiki
orakle,vicky002/AlgoWiki
MatejLach,vicky002/AlgoWiki
0xfeeddeadbeef,vicky002/AlgoWiki
neosarchizo,vicky002/AlgoWiki
kriwil,vicky002/AlgoWiki
odyss009,vicky002/AlgoWiki
jubbon,vicky002/AlgoWiki
lmatt-bit,vicky002/AlgoWiki
ryoikarashi,vicky002/AlgoWiki
saravntbe,vicky002/AlgoWiki
quentinfayet,vicky002/AlgoWiki
fabiodr,vicky002/AlgoWiki
catplanet007,vicky002/AlgoWiki
slackmage,vicky002/AlgoWiki
rrichards,vicky002/AlgoWiki
julianxhokaxhiu,vicky002/AlgoWiki
Yukaii,vicky002/AlgoWiki
hub33k,vicky002/AlgoWiki
king6cong,vicky002/AlgoWiki
jihchi,vicky002/AlgoWiki
leo424y,vicky002/AlgoWiki
zxhfirefox,vicky002/AlgoWiki
priyadhoundiyal,vicky002/AlgoWiki
kyrre,vicky002/AlgoWiki
mrmign,vicky002/AlgoWiki
fijimunkii,vicky002/AlgoWiki
abduld,vicky002/AlgoWiki
datasatori,vicky002/AlgoWiki
akaralar,vicky002/AlgoWiki
hnq90,vicky002/AlgoWiki
secondwtq,vicky002/AlgoWiki
mehrdad-shokri,vicky002/AlgoWiki
AnanthaRajuC,vicky002/AlgoWiki
AlexxNica,vicky002/AlgoWiki
colejhudson,vicky002/AlgoWiki
selftaught,vicky002/AlgoWiki
rtcoms,vicky002/AlgoWiki
onlurking,vicky002/AlgoWiki
aashutoshrathi,vicky002/AlgoWiki
vintagesucks,vicky002/AlgoWiki
dsoul,vicky002/AlgoWiki
nfultz,vicky002/AlgoWiki
roscopecoltran,vicky002/AlgoWiki
sagar-pardhi,vicky002/AlgoWiki
ArunkumarRamanan,vicky002/AlgoWiki
tchigher,vicky002/AlgoWiki
batermj,vicky002/AlgoWiki
trietptm,vicky002/AlgoWiki
wassiim,vicky002/AlgoWiki
jaamaalxyz,vicky002/AlgoWiki
NexZhu,vicky002/AlgoWiki
iAhsanJaved,vicky002/AlgoWiki
KvaroverHeaven,vicky002/AlgoWiki
the-cc-dev,vicky002/AlgoWiki
iTonyYo,vicky002/AlgoWiki
KEVINYZY,vicky002/AlgoWiki
RinatValiullov,vicky002/AlgoWiki
victory-sokolov,vicky002/AlgoWiki
axifive,vicky002/AlgoWiki
agnosticlines,vicky002/AlgoWiki
muminoff,vicky002/AlgoWiki
eyadsibai,vicky002/AlgoWiki
veris-pr,vicky002/AlgoWiki
DanielPetelin,vicky002/AlgoWiki
layzhi,vicky002/AlgoWiki
MtDeity,vicky002/AlgoWiki
SantoshSrinivas79,vicky002/AlgoWiki
dotsource,vicky002/AlgoWiki
wjnbreu,vicky002/AlgoWiki
cybernetics,vicky002/AlgoWiki
garimasingh128,vicky002/AlgoWiki
CharlesCreativeContent,vicky002/AlgoWiki
nabiuddin6,vicky002/AlgoWiki
p-raj,vicky002/AlgoWiki
mariamimmh,vicky002/AlgoWiki
jamiedevsandbox,vicky002/AlgoWiki
nobiit,vicky002/AlgoWiki
Mudkipboo,vicky002/AlgoWiki
IvonaldoAmaral,vicky002/AlgoWiki
anurag01a,vicky002/AlgoWiki
Mithileshraj123,vicky002/AlgoWiki
frankfanslc,vicky002/AlgoWiki
araguaci,vicky002/AlgoWiki
omasanori,vicky002/AlgoWiki
ravirathore,vicky002/AlgoWiki
TenviLi,vicky002/AlgoWiki
ur5us,vicky002/AlgoWiki
Murplugg,vicky002/AlgoWiki
KNipunDananjaya,vicky002/AlgoWiki
shuklayash10,vicky002/AlgoWiki
flumpus-dev,vicky002/AlgoWiki
BiswajitDtta,vicky002/AlgoWiki
MilleniumSpark,vicky002/AlgoWiki
duksosleepy,vicky002/AlgoWiki
mvandermeulen,vicky002/AlgoWiki
dipayan-code97,vicky002/AlgoWiki
galaris,vicky002/AlgoWiki
Adlinke,vicky002/AlgoWiki
MaxCodeXTC,bradtraversy/alexis_speech_assistant
eueung,bradtraversy/alexis_speech_assistant
fly51fly,bradtraversy/alexis_speech_assistant
mouadTaoussi,bradtraversy/alexis_speech_assistant
herberthk,bradtraversy/alexis_speech_assistant
NitinChakraborty2001,bradtraversy/alexis_speech_assistant
ahronlu,bradtraversy/alexis_speech_assistant
stefan02brunner,bradtraversy/alexis_speech_assistant
yusuf-ozdemir,bradtraversy/alexis_speech_assistant
dolev146,bradtraversy/alexis_speech_assistant
arafat877,bradtraversy/alexis_speech_assistant
MrBennySolomon,bradtraversy/alexis_speech_assistant
xchanmolx,EddieHubCommunity/good-first-issue-finder
gptkrsh,EddieHubCommunity/good-first-issue-finder
saadazghour,EddieHubCommunity/good-first-issue-finder
frankfanslc,EddieHubCommunity/good-first-issue-finder
FahimFBA,EddieHubCommunity/good-first-issue-finder
Panquesito7,EddieHubCommunity/good-first-issue-finder
mvandermeulen,EddieHubCommunity/good-first-issue-finder
shuklayash10,EddieHubCommunity/good-first-issue-finder
3m4r5,EddieHubCommunity/good-first-issue-finder
0l1v3rr,EddieHubCommunity/good-first-issue-finder
ysnbogt,EddieHubCommunity/good-first-issue-finder
hub33k,EddieHubCommunity/good-first-issue-finder
MilleniumSpark,EddieHubCommunity/good-first-issue-finder
00mjk,EddieHubCommunity/good-first-issue-finder
tchigher,EddieHubCommunity/good-first-issue-finder
ImaniAN,EddieHubCommunity/good-first-issue-finder
0A7V9A,EddieHubCommunity/good-first-issue-finder
nschlemm,EddieHubCommunity/good-first-issue-finder
araguaci,EddieHubCommunity/good-first-issue-finder
kmorrow1,EddieHubCommunity/good-first-issue-finder
eddiejaoude,EddieHubCommunity/EddieBot
garimasingh128,EddieHubCommunity/EddieBot
max-hk,EddieHubCommunity/EddieBot
Lencof,EddieHubCommunity/EddieBot
AppServiceProvider,EddieHubCommunity/EddieBot
00mjk,EddieHubCommunity/EddieBot
Panquesito7,EddieHubCommunity/EddieBot
Los-had,EddieHubCommunity/EddieBot
hercules261188,EddieHubCommunity/EddieBot
Pierrot-l3-F0U,EddieHubCommunity/EddieBot
shuklayash10,EddieHubCommunity/EddieBot
gptkrsh,EddieHubCommunity/EddieBot
0l1v3rr,EddieHubCommunity/EddieBot
ImaniAN,EddieHubCommunity/EddieBot
Adlinke,EddieHubCommunity/EddieBot
kmorrow1,EddieHubCommunity/EddieBot
Ayokanmi-Adejola,EddieHubCommunity/EddieBot
taesiri,offensive-security/nethunter-app
JT5D,offensive-security/nethunter-app
trietptm,offensive-security/nethunter-app
Sliim,offensive-security/nethunter-app
angusshire,offensive-security/nethunter-app
vmlinz,offensive-security/nethunter-app
PeterVatistas,offensive-security/nethunter-app
galaris,offensive-security/nethunter-app
marctmiller,offensive-security/nethunter-app
linhua55,offensive-security/nethunter-app
fits2010,offensive-security/nethunter-app
kimocoder,offensive-security/nethunter-app
vaginessa,offensive-security/nethunter-app
leesander1,offensive-security/nethunter-app
discoweasel,offensive-security/nethunter-app
modulexcite,offensive-security/nethunter-app
quantumpacket,offensive-security/nethunter-app
insanitus,offensive-security/nethunter-app
shubhamk06,offensive-security/nethunter-app
Jermic,offensive-security/nethunter-app
merekemess,offensive-security/nethunter-app
Sleek1598,offensive-security/nethunter-app
morristech,offensive-security/nethunter-app
ekovegeance,offensive-security/nethunter-app
KvaroverHeaven,offensive-security/nethunter-app
HowWeLand,offensive-security/nethunter-app
vulcangz,offensive-security/nethunter-app
ThomasErhel,offensive-security/nethunter-app
bkhobbs39,offensive-security/nethunter-app
simeononsecurity,offensive-security/nethunter-app
tofuzgz,offensive-security/nethunter-app
abedpr,offensive-security/nethunter-app
IshwaranRudhara,offensive-security/nethunter-app
cannabis09,offensive-security/nethunter-app
kozmendo,offensive-security/nethunter-app
OrlandoANL,offensive-security/nethunter-app
noods78,offensive-security/nethunter-app
Eikonsphere,offensive-security/nethunter-app
LuisDeSantana,offensive-security/nethunter-app
tracure1337,anuraghazra/BugVilla
garimasingh128,anuraghazra/BugVilla
yonycalsin,anuraghazra/BugVilla
appidiabhinav,anuraghazra/BugVilla
AppServiceProvider,anuraghazra/BugVilla
tuanductran,anuraghazra/BugVilla
gauravssnl,anuraghazra/BugVilla
hercules261188,anuraghazra/BugVilla
UltiRequiem,anuraghazra/BugVilla
mvandermeulen,anuraghazra/BugVilla
fabiodr,anuraghazra/BugVilla
0l1v3rr,anuraghazra/BugVilla
Good4lien,anuraghazra/BugVilla
omasanori,anuraghazra/BugVilla
hsen-dev,Shreeshrii/tessdata_shreetest
victory-sokolov,Shreeshrii/tessdata_shreetest
anurag01a,salil-naik/css-art-gallery
Uvacoder,salil-naik/css-art-gallery
dalakatt,salil-naik/css-art-gallery
firdausakbarr,salil-naik/css-art-gallery
turdfire,salil-naik/css-art-gallery
denji,xoreaxeaxeax/movfuscator
reklis,xoreaxeaxeax/movfuscator
wdv4758h,xoreaxeaxeax/movfuscator
stefaneyr,xoreaxeaxeax/movfuscator
samyk,xoreaxeaxeax/movfuscator
alihalabyah,xoreaxeaxeax/movfuscator
secondwtq,xoreaxeaxeax/movfuscator
filipeoliveiraa,xoreaxeaxeax/movfuscator
sebinsua,xoreaxeaxeax/movfuscator
MOZGIII,xoreaxeaxeax/movfuscator
Jackneill,xoreaxeaxeax/movfuscator
Doppp,xoreaxeaxeax/movfuscator
ur5us,xoreaxeaxeax/movfuscator
0xfeeddeadbeef,xoreaxeaxeax/movfuscator
zhaozhao,xoreaxeaxeax/movfuscator
utensil,xoreaxeaxeax/movfuscator
ducktype,xoreaxeaxeax/movfuscator
jiangplus,xoreaxeaxeax/movfuscator
valpackett,xoreaxeaxeax/movfuscator
artob,xoreaxeaxeax/movfuscator
dufferzafar,xoreaxeaxeax/movfuscator
marctmiller,xoreaxeaxeax/movfuscator
xhs,xoreaxeaxeax/movfuscator
MSylvia,xoreaxeaxeax/movfuscator
falkirks,xoreaxeaxeax/movfuscator
nvanmeurs,xoreaxeaxeax/movfuscator
galaris,xoreaxeaxeax/movfuscator
hartca,xoreaxeaxeax/movfuscator
ShikChen,xoreaxeaxeax/movfuscator
osantana,xoreaxeaxeax/movfuscator
trietptm,xoreaxeaxeax/movfuscator
wendigo,xoreaxeaxeax/movfuscator
codyphobe,xoreaxeaxeax/movfuscator
jmingov,xoreaxeaxeax/movfuscator
neosarchizo,xoreaxeaxeax/movfuscator
kyrre,xoreaxeaxeax/movfuscator
obahareth,xoreaxeaxeax/movfuscator
0x2Adr1,xoreaxeaxeax/movfuscator
jevinskie,xoreaxeaxeax/movfuscator
nfultz,xoreaxeaxeax/movfuscator
asaaki,xoreaxeaxeax/movfuscator
smagellan,xoreaxeaxeax/movfuscator
savage69kr,xoreaxeaxeax/movfuscator
rakhmad,xoreaxeaxeax/movfuscator
saturation,xoreaxeaxeax/movfuscator
iskedk,xoreaxeaxeax/movfuscator
adnils,xoreaxeaxeax/movfuscator
pmuens,xoreaxeaxeax/movfuscator
haroldo-ok,xoreaxeaxeax/movfuscator
ghosthamlet,xoreaxeaxeax/movfuscator
iemejia,xoreaxeaxeax/movfuscator
h2non,xoreaxeaxeax/movfuscator
gabrielcorado,xoreaxeaxeax/movfuscator
tadev,xoreaxeaxeax/movfuscator
markemer,xoreaxeaxeax/movfuscator
v9n,xoreaxeaxeax/movfuscator
yvan-sraka,xoreaxeaxeax/movfuscator
evandrix,xoreaxeaxeax/movfuscator
llazzaro,xoreaxeaxeax/movfuscator
LuaxY,xoreaxeaxeax/movfuscator
he0x,xoreaxeaxeax/movfuscator
taesiri,xoreaxeaxeax/movfuscator
colrack,xoreaxeaxeax/movfuscator
ryanbaxendale,xoreaxeaxeax/movfuscator
nezlooy,xoreaxeaxeax/movfuscator
MatejLach,xoreaxeaxeax/movfuscator
mcanthony,xoreaxeaxeax/movfuscator
nbosa,xoreaxeaxeax/movfuscator
von-steinkirch,xoreaxeaxeax/movfuscator
angusshire,xoreaxeaxeax/movfuscator
7h3rAm,xoreaxeaxeax/movfuscator
gamontal,xoreaxeaxeax/movfuscator
orakle,xoreaxeaxeax/movfuscator
Quexint,xoreaxeaxeax/movfuscator
tralphy,xoreaxeaxeax/movfuscator
Stankye,xoreaxeaxeax/movfuscator
Jermic,xoreaxeaxeax/movfuscator
mgeeky,xoreaxeaxeax/movfuscator
Tatsh,xoreaxeaxeax/movfuscator
JesseTG,xoreaxeaxeax/movfuscator
colejhudson,xoreaxeaxeax/movfuscator
xeoneux,xoreaxeaxeax/movfuscator
NguyenTrungTin,xoreaxeaxeax/movfuscator
5y5tem5,xoreaxeaxeax/movfuscator
theodorosc,xoreaxeaxeax/movfuscator
marcusrbrown,xoreaxeaxeax/movfuscator
M1suzu,xoreaxeaxeax/movfuscator
erdii,xoreaxeaxeax/movfuscator
janroudaut,xoreaxeaxeax/movfuscator
marwanhilmi,xoreaxeaxeax/movfuscator
TyrannosaurusREKT,xoreaxeaxeax/movfuscator
vittee,xoreaxeaxeax/movfuscator
slackmage,xoreaxeaxeax/movfuscator
dobestan,xoreaxeaxeax/movfuscator
rbnx,xoreaxeaxeax/movfuscator
wjybluse,xoreaxeaxeax/movfuscator
michaelmior,xoreaxeaxeax/movfuscator
detailyang,xoreaxeaxeax/movfuscator
fly51fly,xoreaxeaxeax/movfuscator
MaxfieldLewin,xoreaxeaxeax/movfuscator
fkazimierczak,xoreaxeaxeax/movfuscator
mgilbir,xoreaxeaxeax/movfuscator
ramnes,xoreaxeaxeax/movfuscator
onlurking,xoreaxeaxeax/movfuscator
LJ001,xoreaxeaxeax/movfuscator
studiovc,xoreaxeaxeax/movfuscator
jianyuan,xoreaxeaxeax/movfuscator
triplekill,xoreaxeaxeax/movfuscator
neophyt3,xoreaxeaxeax/movfuscator
famasoon,xoreaxeaxeax/movfuscator
Antonito,xoreaxeaxeax/movfuscator
daedalus,xoreaxeaxeax/movfuscator
0xcpu,xoreaxeaxeax/movfuscator
krodyx,xoreaxeaxeax/movfuscator
ymn1k,xoreaxeaxeax/movfuscator
antogerva,xoreaxeaxeax/movfuscator
notyal,xoreaxeaxeax/movfuscator
d-dozer,xoreaxeaxeax/movfuscator
JoseCage,xoreaxeaxeax/movfuscator
mrjohannchang,xoreaxeaxeax/movfuscator
hapr05,xoreaxeaxeax/movfuscator
roryrjb,xoreaxeaxeax/movfuscator
lyuha,xoreaxeaxeax/movfuscator
axjs,xoreaxeaxeax/movfuscator
wassiim,xoreaxeaxeax/movfuscator
opexxx,xoreaxeaxeax/movfuscator
agnosticlines,xoreaxeaxeax/movfuscator
NikhilDoWhile,xoreaxeaxeax/movfuscator
mikalv,xoreaxeaxeax/movfuscator
johnowennixon,xoreaxeaxeax/movfuscator
jgmize,xoreaxeaxeax/movfuscator
stefanvanburen,xoreaxeaxeax/movfuscator
roycewilliams,xoreaxeaxeax/movfuscator
theodesp,xoreaxeaxeax/movfuscator
own2pwn,xoreaxeaxeax/movfuscator
halfx,xoreaxeaxeax/movfuscator
j-hernandez,xoreaxeaxeax/movfuscator
0xdevalias,xoreaxeaxeax/movfuscator
dec0dOS,xoreaxeaxeax/movfuscator
bryant1410,xoreaxeaxeax/movfuscator
guerreiro,xoreaxeaxeax/movfuscator
anqur,xoreaxeaxeax/movfuscator
Vishal-Isharani,xoreaxeaxeax/movfuscator
YerkoPalma,xoreaxeaxeax/movfuscator
unbaiat,xoreaxeaxeax/movfuscator
ShawnAlexander,xoreaxeaxeax/movfuscator
FrankSansC,xoreaxeaxeax/movfuscator
cvic,xoreaxeaxeax/movfuscator
minhoryang,xoreaxeaxeax/movfuscator
aburan28,xoreaxeaxeax/movfuscator
opragel,xoreaxeaxeax/movfuscator
tchigher,xoreaxeaxeax/movfuscator
AlexxNica,xoreaxeaxeax/movfuscator
lightoyou,xoreaxeaxeax/movfuscator
oudommeas,xoreaxeaxeax/movfuscator
Murplugg,xoreaxeaxeax/movfuscator
andreis,xoreaxeaxeax/movfuscator
jrodrigomg,xoreaxeaxeax/movfuscator
dhuckins,xoreaxeaxeax/movfuscator
wpank,xoreaxeaxeax/movfuscator
ik5,xoreaxeaxeax/movfuscator
cieplak,xoreaxeaxeax/movfuscator
balta2ar,xoreaxeaxeax/movfuscator
SantoshSrinivas79,xoreaxeaxeax/movfuscator
fijimunkii,xoreaxeaxeax/movfuscator
khaled131,xoreaxeaxeax/movfuscator
annonuser,xoreaxeaxeax/movfuscator
dbanck,xoreaxeaxeax/movfuscator
vyorkin,xoreaxeaxeax/movfuscator
selftaught,xoreaxeaxeax/movfuscator
nikolay,xoreaxeaxeax/movfuscator
dimon222,xoreaxeaxeax/movfuscator
alwayrun,xoreaxeaxeax/movfuscator
ifvictr,xoreaxeaxeax/movfuscator
nerdfiles,xoreaxeaxeax/movfuscator
leo424y,xoreaxeaxeax/movfuscator
weimingtom,xoreaxeaxeax/movfuscator
pachacamac,xoreaxeaxeax/movfuscator
jumbojett,xoreaxeaxeax/movfuscator
cwonrails,xoreaxeaxeax/movfuscator
jcampbell05,xoreaxeaxeax/movfuscator
mwarkentin,xoreaxeaxeax/movfuscator
Giovan,xoreaxeaxeax/movfuscator
velveteer,xoreaxeaxeax/movfuscator
nikivdev,xoreaxeaxeax/movfuscator
sirgatez,xoreaxeaxeax/movfuscator
roscopecoltran,xoreaxeaxeax/movfuscator
abduld,xoreaxeaxeax/movfuscator
old101,xoreaxeaxeax/movfuscator
dendisuhubdy,xoreaxeaxeax/movfuscator
0w3,xoreaxeaxeax/movfuscator
ducphanduyagentp,xoreaxeaxeax/movfuscator
decimalbell,xoreaxeaxeax/movfuscator
h1nk,xoreaxeaxeax/movfuscator
macint0sh,xoreaxeaxeax/movfuscator
biow0lf,xoreaxeaxeax/movfuscator
karaninder,xoreaxeaxeax/movfuscator
pedoc,xoreaxeaxeax/movfuscator
axifive,xoreaxeaxeax/movfuscator
nickolasburr,xoreaxeaxeax/movfuscator
usmanakram232,xoreaxeaxeax/movfuscator
achermannagement,xoreaxeaxeax/movfuscator
denisse-dev,xoreaxeaxeax/movfuscator
naltun,xoreaxeaxeax/movfuscator
joedf,xoreaxeaxeax/movfuscator
max-hk,smaranjitghose/awesome-portfolio-websites
CharlesCreativeContent,smaranjitghose/awesome-portfolio-websites
ktkization,smaranjitghose/awesome-portfolio-websites
garimasingh128,smaranjitghose/awesome-portfolio-websites
DPS0340,smaranjitghose/awesome-portfolio-websites
AppServiceProvider,smaranjitghose/awesome-portfolio-websites
TenviLi,smaranjitghose/awesome-portfolio-websites
byteshiva,smaranjitghose/awesome-portfolio-websites
Los-had,smaranjitghose/awesome-portfolio-websites
nabiuddin6,smaranjitghose/awesome-portfolio-websites
yonycalsin,smaranjitghose/awesome-portfolio-websites
jaamaalxyz,smaranjitghose/awesome-portfolio-websites
dendisuhubdy,smaranjitghose/awesome-portfolio-websites
layzhi,smaranjitghose/awesome-portfolio-websites
sreelakshmig009,smaranjitghose/awesome-portfolio-websites
KenMan79,smaranjitghose/awesome-portfolio-websites
shunkakinoki,smaranjitghose/awesome-portfolio-websites
Panquesito7,smaranjitghose/awesome-portfolio-websites
vdt,smaranjitghose/awesome-portfolio-websites
NS007-dev,smaranjitghose/awesome-portfolio-websites
youngchief-btw,smaranjitghose/awesome-portfolio-websites
NitinChakraborty2001,smaranjitghose/awesome-portfolio-websites
dcgithub,smaranjitghose/awesome-portfolio-websites
mehrdad-shokri,smaranjitghose/awesome-portfolio-websites
hyp3r5pace,smaranjitghose/awesome-portfolio-websites
araguaci,smaranjitghose/awesome-portfolio-websites
nelix,smaranjitghose/awesome-portfolio-websites
3m4r5,smaranjitghose/awesome-portfolio-websites
Pierrot-l3-F0U,smaranjitghose/awesome-portfolio-websites
fly51fly,smaranjitghose/awesome-portfolio-websites
soma2000-lang,smaranjitghose/awesome-portfolio-websites
omasanori,smaranjitghose/awesome-portfolio-websites
johnyxu,smaranjitghose/awesome-portfolio-websites
tddschn,smaranjitghose/awesome-portfolio-websites
anurag01a,smaranjitghose/awesome-portfolio-websites
MilleniumSpark,smaranjitghose/awesome-portfolio-websites
mvandermeulen,smaranjitghose/awesome-portfolio-websites
makotot,smaranjitghose/awesome-portfolio-websites
ravirathore,smaranjitghose/awesome-portfolio-websites
Swifilaboroka,smaranjitghose/awesome-portfolio-websites
firdausakbarr,smaranjitghose/awesome-portfolio-websites
tuanductran,smaranjitghose/awesome-portfolio-websites
ysnbogt,smaranjitghose/awesome-portfolio-websites
Murplugg,smaranjitghose/awesome-portfolio-websites
Nullcano,smaranjitghose/awesome-portfolio-websites
visualrobots,smaranjitghose/awesome-portfolio-websites
smanwarulislam,smaranjitghose/awesome-portfolio-websites
mrjohannchang,smaranjitghose/awesome-portfolio-websites
tchigher,smaranjitghose/awesome-portfolio-websites
sponnusa,smaranjitghose/awesome-portfolio-websites
0xfeeddeadbeef,google/acme
misterT2525,google/acme
jfexyz,google/acme
andreipopovici,google/acme
joshuarubin,google/acme
colrack,google/acme
hapr05,google/acme
Tatsh,google/acme
herbygillot,google/acme
Jerzerak,google/acme
denji,google/acme
gamontal,google/acme
AlexxNica,google/acme
wdv4758h,google/acme
eevmanu,google/acme
mgilbir,google/acme
erdii,google/acme
juanchristensen,google/acme
NexZhu,google/acme
cwonrails,google/acme
djvdorp,google/acme
DonDebonair,google/acme
andreis,google/acme
johnowennixon,google/acme
snehesht,google/acme
axifive,google/acme
roscopecoltran,google/acme
sguzman,google/acme
sirgatez,google/acme
Ro9ueAdmin,google/acme
mikalv,google/acme
modulexcite,google/acme
vulcangz,google/acme
Shifu-Engineer,google/acme
MihalczGabor,google/acme
ttatanepvp123,google/acme
KaiDevrim,google/acme
thisiskeanyvy,google/acme
tddschn,google/acme
frankfanslc,google/acme
hktalent,google/acme
itsimpeccable,google/acme
ZigaoWang,google/acme
jaamaalxyz,florinpop17/100Days100Projects
Wallace121980,florinpop17/100Days100Projects
jstoobz,florinpop17/100Days100Projects
smanwarulislam,florinpop17/100Days100Projects
karaninder,florinpop17/100Days100Projects
saadazghour,florinpop17/100Days100Projects
a1300,florinpop17/100Days100Projects
mariamimmh,florinpop17/100Days100Projects
SantoshSrinivas79,florinpop17/100Days100Projects
MaxCodeXTC,florinpop17/100Days100Projects
mph-code,florinpop17/100Days100Projects
AppServiceProvider,florinpop17/100Days100Projects
Lencof,florinpop17/100Days100Projects
M3Try,florinpop17/100Days100Projects
Shohan494,florinpop17/100Days100Projects
GeovaRS,florinpop17/100Days100Projects
xchanmolx,florinpop17/100Days100Projects
00mjk,florinpop17/100Days100Projects
PeterVatistas,ethereum/btcrelay
marcusrbrown,ethereum/btcrelay
DylanKojiCheslin,ethereum/btcrelay
matagus,ethereum/btcrelay
vyorkin,ethereum/btcrelay
R-K-H,ethereum/btcrelay
dec0dOS,ethereum/btcrelay
NexZhu,ethereum/btcrelay
yareyaredesuyo,ethereum/btcrelay
wpank,ethereum/btcrelay
qbig,ethereum/btcrelay
sshyran,ethereum/btcrelay
shanefontaine,ethereum/btcrelay
kaichen,ethereum/btcrelay
gakonst,ethereum/btcrelay
SebastianElvis,ethereum/btcrelay
0xmountaintop,ethereum/btcrelay
vulcangz,ethereum/btcrelay
MihalczGabor,ethereum/btcrelay
Butters3388214,ethereum/btcrelay
ThomasErhel,ethereum/btcrelay
pcaversaccio,ethereum/btcrelay
Sandalots,ethereum/btcrelay
shunkakinoki,ethereum/btcrelay
Ramyromel,ethereum/btcrelay
filipeoliveiraa,WhiteHouse/fortyfour
JT5D,WhiteHouse/fortyfour
Doppp,WhiteHouse/fortyfour
chibicode,WhiteHouse/fortyfour
jubbon,WhiteHouse/fortyfour
MOZGIII,WhiteHouse/fortyfour
Amorymeltzer,WhiteHouse/fortyfour
angusshire,WhiteHouse/fortyfour
gaybro8777,WhiteHouse/fortyfour
dobestan,WhiteHouse/fortyfour
NexZhu,WhiteHouse/fortyfour
MilleniumSpark,WhiteHouse/fortyfour
Panquesito7,EddieHubCommunity/EddieHubLive
gptkrsh,EddieHubCommunity/EddieHubLive
Ayokanmi-Adejola,EddieHubCommunity/EddieHubLive
vigneshv92,curiousily/Getting-Things-Done-with-Pytorch
fly51fly,curiousily/Getting-Things-Done-with-Pytorch
cooka,curiousily/Getting-Things-Done-with-Pytorch
eueung,curiousily/Getting-Things-Done-with-Pytorch
neibla,curiousily/Getting-Things-Done-with-Pytorch
JonReppDirectOneDesign,curiousily/Getting-Things-Done-with-Pytorch
AppServiceProvider,curiousily/Getting-Things-Done-with-Pytorch
jon-chun,curiousily/Getting-Things-Done-with-Pytorch
hoangpq,curiousily/Getting-Things-Done-with-Pytorch
tchigher,curiousily/Getting-Things-Done-with-Pytorch
jubbon,curiousily/Getting-Things-Done-with-Pytorch
deep-programmer,curiousily/Getting-Things-Done-with-Pytorch
pushpendrapratap,curiousily/Getting-Things-Done-with-Pytorch
SantoshSrinivas79,curiousily/Getting-Things-Done-with-Pytorch
MtDeity,curiousily/Getting-Things-Done-with-Pytorch
he0x,curiousily/Getting-Things-Done-with-Pytorch
byteshiva,curiousily/Getting-Things-Done-with-Pytorch
ericmm,curiousily/Getting-Things-Done-with-Pytorch
stjordanis,curiousily/Getting-Things-Done-with-Pytorch
vck,curiousily/Getting-Things-Done-with-Pytorch
Ay-355,curiousily/Getting-Things-Done-with-Pytorch
likaihere,curiousily/Getting-Things-Done-with-Pytorch
Mudkipboo,curiousily/Getting-Things-Done-with-Pytorch
Mithileshraj123,curiousily/Getting-Things-Done-with-Pytorch
adotsloan,curiousily/Getting-Things-Done-with-Pytorch
Murplugg,curiousily/Getting-Things-Done-with-Pytorch
omasanori,curiousily/Getting-Things-Done-with-Pytorch
eyadsibai,curiousily/Getting-Things-Done-with-Pytorch
sguzman,curiousily/Getting-Things-Done-with-Pytorch
mvandermeulen,curiousily/Getting-Things-Done-with-Pytorch
galaris,curiousily/Getting-Things-Done-with-Pytorch
dkapt,curiousily/Getting-Things-Done-with-Pytorch
cwonrails,jgthms/bulma-website
denji,jgthms/bulma-website
kwcto,jgthms/bulma-website
kaoussi,jgthms/bulma-website
juandc,benawad/codeponder
da-vaibhav,benawad/codeponder
chibicode,benawad/codeponder
benqian,benawad/codeponder
shunkakinoki,benawad/codeponder
victory-sokolov,benawad/codeponder
KaiDevrim,benawad/codeponder
gbowne1,benawad/codeponder
BiswajitDtta,benawad/codeponder
trinhminhtriet,benawad/codeponder
angusshire,taniarascia/new-moon
jbenner-radham,taniarascia/new-moon
mhaidarhanif,taniarascia/new-moon
barbagrigia,taniarascia/new-moon
vdt,taniarascia/new-moon
peterbrinck,taniarascia/new-moon
py7hon,taniarascia/new-moon
mfaridzia,taniarascia/new-moon
tadev,taniarascia/new-moon
juandc,taniarascia/new-moon
RinatValiullov,taniarascia/new-moon
oudommeas,taniarascia/new-moon
lanqy,taniarascia/new-moon
sebinsua,taniarascia/new-moon
fly51fly,taniarascia/new-moon
thanhtoan1196,taniarascia/new-moon
zce,taniarascia/new-moon
NetOpWibby,taniarascia/new-moon
gauravssnl,taniarascia/new-moon
ik5,taniarascia/new-moon
dec0dOS,taniarascia/new-moon
sonnylazuardi,taniarascia/new-moon
tracure1337,taniarascia/new-moon
canering,taniarascia/new-moon
jaamaalxyz,taniarascia/new-moon
ourobouros,taniarascia/new-moon
cwonrails,taniarascia/new-moon
gvvynplaine,taniarascia/new-moon
Jolaolu,taniarascia/new-moon
jesusgoku,taniarascia/new-moon
saadshahd,taniarascia/new-moon
vintagesucks,taniarascia/new-moon
DanielPetelin,taniarascia/new-moon
Doppp,taniarascia/new-moon
doc22940,taniarascia/new-moon
channprj,taniarascia/new-moon
johndavemanuel,taniarascia/new-moon
rtcoms,taniarascia/new-moon
royswale,taniarascia/new-moon
yonycalsin,taniarascia/new-moon
mikelnrd,taniarascia/new-moon
mrluanma,taniarascia/new-moon
uptonking,taniarascia/new-moon
visualrobots,taniarascia/new-moon
SelimHorri,taniarascia/new-moon
Mithileshraj123,taniarascia/new-moon
UltiRequiem,taniarascia/new-moon
deepyes02,taniarascia/new-moon
ampodo,taniarascia/new-moon
KNipunDananjaya,taniarascia/new-moon
theodesp,taniarascia/new-moon
jonasermert,taniarascia/new-moon
NEBULA1978,taniarascia/new-moon
nir-zilberman,taniarascia/new-moon
MahanRajabi80,taniarascia/new-moon
hyperupcall,taniarascia/new-moon
ur5us,taniarascia/new-moon
Abhimishra2424,adrianhajdin/project_medical_pager_chat
ubongndoh,adrianhajdin/project_medical_pager_chat
GeovaRS,adrianhajdin/project_medical_pager_chat
manthanank,adrianhajdin/project_medical_pager_chat
TenviLi,adrianhajdin/project_medical_pager_chat
sephsa,adrianhajdin/project_medical_pager_chat
YulioV,adrianhajdin/project_medical_pager_chat
apheon-terra,adrianhajdin/project_medical_pager_chat
MaxCodeXTC,adrianhajdin/project_medical_pager_chat
ANTON-IVANOVICH,adrianhajdin/project_medical_pager_chat
ImaniAN,adrianhajdin/project_medical_pager_chat
senchabot-github,adrianhajdin/project_medical_pager_chat
NitinChakraborty2001,adrianhajdin/project_medical_pager_chat
joxtheman,adrianhajdin/project_medical_pager_chat
justacoolkid,adrianhajdin/project_medical_pager_chat
sachaarbonel,adrianhajdin/project_medical_pager_chat
RasulSonmez,adrianhajdin/project_medical_pager_chat
edwinmasri,adrianhajdin/project_medical_pager_chat
EronMahmuti,adrianhajdin/project_medical_pager_chat
Swifilaboroka,adrianhajdin/project_medical_pager_chat
hamdanhussein,adrianhajdin/project_medical_pager_chat
BiswajitDtta,adrianhajdin/project_medical_pager_chat
baronrustamov,adrianhajdin/project_medical_pager_chat
shaheen7a,adrianhajdin/project_medical_pager_chat
paulgrunt,adrianhajdin/project_medical_pager_chat
jem98devs,adrianhajdin/project_medical_pager_chat
Amadeo-Frontend,adrianhajdin/project_medical_pager_chat
dezobq,adrianhajdin/project_medical_pager_chat
AmirWorkplace,adrianhajdin/project_medical_pager_chat
co-bby,adrianhajdin/project_medical_pager_chat
N0t-Sur3,adrianhajdin/project_medical_pager_chat
MrBlackBeeOsn,adrianhajdin/project_medical_pager_chat
naveenkumarans,adrianhajdin/project_medical_pager_chat
Vincent-coder-sang,adrianhajdin/project_medical_pager_chat
hackerbotsupreme,adrianhajdin/project_medical_pager_chat
dipayan-code97,adrianhajdin/project_medical_pager_chat
thannhf,adrianhajdin/project_medical_pager_chat
hwen020,adrianhajdin/project_medical_pager_chat
CodebyCyrus,adrianhajdin/project_medical_pager_chat
mvandermeulen,adrianhajdin/project_medical_pager_chat
abhijit1990,adrianhajdin/project_medical_pager_chat
pemawangchuk2023,adrianhajdin/project_medical_pager_chat
rr3s1,adrianhajdin/project_medical_pager_chat
raviShankarpisini,adrianhajdin/project_medical_pager_chat
San0740396762,adrianhajdin/project_medical_pager_chat
moon2l,trailofbits/blight
nezlooy,trailofbits/blight
agnosticlines,trailofbits/blight
gkze,trailofbits/blight
samyk,trailofbits/blight
youngchief-btw,trailofbits/blight
xchanmolx,trailofbits/blight
jgmize,trailofbits/blight
CharlesCreativeContent,trailofbits/blight
AppServiceProvider,trailofbits/blight
jevinskie,trailofbits/blight
modulexcite,trailofbits/blight
stjordanis,trailofbits/blight
nikivdev,trailofbits/blight
nschlemm,trailofbits/blight
SeshatCZ,trailofbits/blight
JeffCarpenter,trailofbits/blight
kmorrow1,trailofbits/blight
forestfoxx,trailofbits/blight
ik5,antonmedv/codejar
mikelnrd,antonmedv/codejar
evandrix,antonmedv/codejar
nikivdev,antonmedv/codejar
Tatsh,antonmedv/codejar
thanhtoan1196,antonmedv/codejar
AppServiceProvider,antonmedv/codejar
achermannagement,antonmedv/codejar
ccl0326,antonmedv/codejar
Doppp,antonmedv/codejar
luohaoyuan,antonmedv/codejar
fly51fly,antonmedv/codejar
Widcket,antonmedv/codejar
jumbojett,antonmedv/codejar
levbrie,antonmedv/codejar
bntzio,antonmedv/codejar
Giovan,antonmedv/codejar
tchigher,antonmedv/codejar
namuit,antonmedv/codejar
wjnbreu,antonmedv/codejar
tg-z,antonmedv/codejar
tomoat,antonmedv/codejar
ericmm,antonmedv/codejar
Jermic,antonmedv/codejar
antogerva,antonmedv/codejar
the-cc-dev,antonmedv/codejar
codyphobe,antonmedv/codejar
wigust,antonmedv/codejar
tracure1337,antonmedv/codejar
savage69kr,antonmedv/codejar
sergkop,antonmedv/codejar
MatejLach,antonmedv/codejar
ur5us,antonmedv/codejar
peterbrinck,antonmedv/codejar
esp10mm,antonmedv/codejar
iRaul,antonmedv/codejar
Yukaii,antonmedv/codejar
vintagesucks,antonmedv/codejar
NetOpWibby,antonmedv/codejar
bluemix,antonmedv/codejar
thomasklemm,antonmedv/codejar
matagus,antonmedv/codejar
purtyb1tch92,antonmedv/codejar
fieu,antonmedv/codejar
HarshalShende,antonmedv/codejar
veris-pr,antonmedv/codejar
program247365,antonmedv/codejar
chitacan,antonmedv/codejar
lanastasov,antonmedv/codejar
Neo42,antonmedv/codejar
TenviLi,antonmedv/codejar
TheLastZombie,antonmedv/codejar
clsource,antonmedv/codejar
p-raj,antonmedv/codejar
d3v3l0,antonmedv/codejar
lxsmnsyc,antonmedv/codejar
orakle,antonmedv/codejar
pachacamac,antonmedv/codejar
nir-zilberman,antonmedv/codejar
youngchief-btw,antonmedv/codejar
svercl,antonmedv/codejar
jbenner-radham,antonmedv/codejar
oanhnn,antonmedv/codejar
hnq90,antonmedv/codejar
royswale,antonmedv/codejar
Pierrot-l3-F0U,antonmedv/codejar
gauravssnl,antonmedv/codejar
WinstonFassett,antonmedv/codejar
canering,antonmedv/codejar
gosoxharp,antonmedv/codejar
hyperupcall,antonmedv/codejar
KNipunDananjaya,antonmedv/codejar
flumpus-dev,antonmedv/codejar
Sandalots,antonmedv/codejar
visualrobots,antonmedv/codejar
dec0dOS,antonmedv/codejar
esneko,antonmedv/codejar
Matt-Deacalion,antonmedv/codejar
uptonking,antonmedv/codejar
mrluanma,antonmedv/codejar
marcusrbrown,antonmedv/codejar
mvandermeulen,antonmedv/codejar
vitaly-z,antonmedv/codejar
fengzilong,antonmedv/codejar
trietptm,defuse/defuse.ca
pmuens,defuse/defuse.ca
krodyx,defuse/defuse.ca
taesiri,offensive-security/nethunter-devices
adnils,offensive-security/nethunter-devices
dladuke,offensive-security/nethunter-devices
jmingov,offensive-security/nethunter-devices
sshyran,offensive-security/nethunter-devices
conail,offensive-security/nethunter-devices
marctmiller,offensive-security/nethunter-devices
krodyx,offensive-security/nethunter-devices
vaginessa,offensive-security/nethunter-devices
xvovx,offensive-security/nethunter-devices
kimocoder,offensive-security/nethunter-devices
fits2010,offensive-security/nethunter-devices
purtyb1tch92,offensive-security/nethunter-devices
leesander1,offensive-security/nethunter-devices
modulexcite,offensive-security/nethunter-devices
discoweasel,offensive-security/nethunter-devices
AlexxNica,offensive-security/nethunter-devices
HowWeLand,offensive-security/nethunter-devices
unbaiat,offensive-security/nethunter-devices
shubhamk06,offensive-security/nethunter-devices
NoisyNot,offensive-security/nethunter-devices
HinVec,offensive-security/nethunter-devices
i0Ek3,offensive-security/nethunter-devices
ShawnAlexander,offensive-security/nethunter-devices
merekemess,offensive-security/nethunter-devices
Sleek1598,offensive-security/nethunter-devices
ekovegeance,offensive-security/nethunter-devices
KvaroverHeaven,offensive-security/nethunter-devices
0w3,offensive-security/nethunter-devices
morristech,offensive-security/nethunter-devices
ThomasErhel,offensive-security/nethunter-devices
bkhobbs39,offensive-security/nethunter-devices
simeononsecurity,offensive-security/nethunter-devices
tofuzgz,offensive-security/nethunter-devices
abedpr,offensive-security/nethunter-devices
IshwaranRudhara,offensive-security/nethunter-devices
cannabis09,offensive-security/nethunter-devices
kozmendo,offensive-security/nethunter-devices
OrlandoANL,offensive-security/nethunter-devices
felipetruman,offensive-security/nethunter-devices
noods78,offensive-security/nethunter-devices
Eikonsphere,offensive-security/nethunter-devices
LuisDeSantana,offensive-security/nethunter-devices
JT5D,offensive-security/kali-arm-build-scripts
taesiri,offensive-security/kali-arm-build-scripts
futoase,offensive-security/kali-arm-build-scripts
angusshire,offensive-security/kali-arm-build-scripts
suriyaa,offensive-security/kali-arm-build-scripts
vulcangz,offensive-security/kali-arm-build-scripts
opexxx,offensive-security/kali-arm-build-scripts
NoisyNot,offensive-security/kali-arm-build-scripts
ghosthamlet,offensive-security/kali-arm-build-scripts
mikalv,offensive-security/kali-arm-build-scripts
Solertis,offensive-security/kali-arm-build-scripts
eerie,offensive-security/kali-arm-build-scripts
dobestan,offensive-security/kali-arm-build-scripts
sshyran,offensive-security/kali-arm-build-scripts
opt9,offensive-security/kali-arm-build-scripts
marctmiller,offensive-security/kali-arm-build-scripts
NetOpWibby,offensive-security/kali-arm-build-scripts
JBTech,offensive-security/kali-arm-build-scripts
7heaven,offensive-security/kali-arm-build-scripts
nezlooy,offensive-security/kali-arm-build-scripts
selftaught,offensive-security/kali-arm-build-scripts
merekemess,offensive-security/kali-arm-build-scripts
fits2010,offensive-security/kali-arm-build-scripts
discoweasel,offensive-security/kali-arm-build-scripts
ShawnAlexander,offensive-security/kali-arm-build-scripts
modulexcite,offensive-security/kali-arm-build-scripts
AlexxNica,offensive-security/kali-arm-build-scripts
shubhamk06,offensive-security/kali-arm-build-scripts
HowWeLand,offensive-security/kali-arm-build-scripts
nbosa,offensive-security/kali-arm-build-scripts
nicholasadamou,offensive-security/kali-arm-build-scripts
daedalus,offensive-security/kali-arm-build-scripts
i0Ek3,offensive-security/kali-arm-build-scripts
llazzaro,offensive-security/kali-arm-build-scripts
Sleek1598,offensive-security/kali-arm-build-scripts
hktalent,offensive-security/kali-arm-build-scripts
u0m3,offensive-security/kali-arm-build-scripts
AzureCloudMonk,offensive-security/kali-arm-build-scripts
ansarid,offensive-security/kali-arm-build-scripts
morristech,offensive-security/kali-arm-build-scripts
kimocoder,offensive-security/kali-arm-build-scripts
PeterVatistas,offensive-security/kali-arm-build-scripts
ekovegeance,offensive-security/kali-arm-build-scripts
KvaroverHeaven,offensive-security/kali-arm-build-scripts
ThomasErhel,offensive-security/kali-arm-build-scripts
reedhhw,offensive-security/kali-arm-build-scripts
bkhobbs39,offensive-security/kali-arm-build-scripts
00mjk,offensive-security/kali-arm-build-scripts
simeononsecurity,offensive-security/kali-arm-build-scripts
abedpr,offensive-security/kali-arm-build-scripts
IshwaranRudhara,offensive-security/kali-arm-build-scripts
Mithileshraj123,offensive-security/kali-arm-build-scripts
cannabis09,offensive-security/kali-arm-build-scripts
kozmendo,offensive-security/kali-arm-build-scripts
OrlandoANL,offensive-security/kali-arm-build-scripts
cbyt3,offensive-security/kali-arm-build-scripts
Eikonsphere,offensive-security/kali-arm-build-scripts
LuisDeSantana,offensive-security/kali-arm-build-scripts
sirgatez,google/active-qa
fly51fly,google/active-qa
orakle,google/active-qa
xuanhan863,google/active-qa
flrngel,google/active-qa
jubbon,google/active-qa
oudommeas,google/active-qa
old101,google/active-qa
hsen-dev,google/active-qa
takuan-osho,google/active-qa
mikelnrd,google/active-qa
alexrigler,google/active-qa
ccl0326,google/active-qa
denji,google/active-qa
stjordanis,google/active-qa
MihalczGabor,google/active-qa
ttatanepvp123,google/active-qa
KaiDevrim,google/active-qa
thisiskeanyvy,google/active-qa
SeshatCZ,google/active-qa
itsimpeccable,google/active-qa
ZigaoWang,google/active-qa
gaybro8777,benfoxall/benfoxall.github.com
cmdplusr,antonmedv/fx
iskedk,antonmedv/fx
khanhicetea,antonmedv/fx
darvid,antonmedv/fx
antogerva,antonmedv/fx
montanaflynn,antonmedv/fx
yasenn,antonmedv/fx
anatolinicolae,antonmedv/fx
modulexcite,antonmedv/fx
ff6347,antonmedv/fx
amite,antonmedv/fx
thomasklemm,antonmedv/fx
patrick91,antonmedv/fx
azu,antonmedv/fx
julianxhokaxhiu,antonmedv/fx
futoase,antonmedv/fx
v9n,antonmedv/fx
conail,antonmedv/fx
mgilbir,antonmedv/fx
barbagrigia,antonmedv/fx
goblindegook,antonmedv/fx
JesseTG,antonmedv/fx
denji,antonmedv/fx
picatz,antonmedv/fx
hartca,antonmedv/fx
Yukaii,antonmedv/fx
ur5us,antonmedv/fx
old101,antonmedv/fx
esneko,antonmedv/fx
program247365,antonmedv/fx
nfultz,antonmedv/fx
klihelp,antonmedv/fx
valpackett,antonmedv/fx
mfaridzia,antonmedv/fx
eueung,antonmedv/fx
karbon0x,antonmedv/fx
geduardcatalindev,antonmedv/fx
tchigher,antonmedv/fx
whatwewant,antonmedv/fx
WeiChiaChang,antonmedv/fx
fengzilong,antonmedv/fx
neibla,antonmedv/fx
damianesteban,antonmedv/fx
xhs,antonmedv/fx
shoichiaizawa,antonmedv/fx
sagar-pardhi,antonmedv/fx
tomoat,antonmedv/fx
mihaeu,antonmedv/fx
oudommeas,antonmedv/fx
fabriceyopa,antonmedv/fx
crazyguitar,antonmedv/fx
bolerovt,antonmedv/fx
opragel,antonmedv/fx
jiangplus,antonmedv/fx
cchitsiang,antonmedv/fx
krthr,antonmedv/fx
cometkim,antonmedv/fx
sibelius,antonmedv/fx
RickWong,antonmedv/fx
balta2ar,antonmedv/fx
giovannism20,antonmedv/fx
entrptaher,antonmedv/fx
vintagesucks,antonmedv/fx
smorimoto,antonmedv/fx
fly51fly,antonmedv/fx
jrodrigomg,antonmedv/fx
brenopolanski,antonmedv/fx
haroldo-ok,antonmedv/fx
theodesp,antonmedv/fx
flrngel,antonmedv/fx
annonuser,antonmedv/fx
nikolay,antonmedv/fx
bryant1410,antonmedv/fx
CloudBranch,antonmedv/fx
timelyportfolio,antonmedv/fx
ducktype,antonmedv/fx
amilajack,antonmedv/fx
hoangtx,antonmedv/fx
umaar,antonmedv/fx
filipeoliveiraa,antonmedv/fx
kevinsegal,antonmedv/fx
xeoneux,antonmedv/fx
jessb321,antonmedv/fx
wendigo,antonmedv/fx
KevinRamsunder,antonmedv/fx
make-github-pseudonymous-again,antonmedv/fx
zackmore,antonmedv/fx
jbenner-radham,antonmedv/fx
anqur,antonmedv/fx
notyal,antonmedv/fx
chenruibin,antonmedv/fx
Doppp,antonmedv/fx
anjingxz,antonmedv/fx
johnyxu,antonmedv/fx
phpmaple,antonmedv/fx
yongjhih,antonmedv/fx
posquit0,antonmedv/fx
kriwil,antonmedv/fx
hnq90,antonmedv/fx
FrankSansC,antonmedv/fx
bntzio,antonmedv/fx
hoangpq,antonmedv/fx
jaffreyjoy,antonmedv/fx
saadshahd,antonmedv/fx
SantoshSrinivas79,antonmedv/fx
christianboyle,antonmedv/fx
denisse-dev,antonmedv/fx
mikesprague,antonmedv/fx
tunnckoCore,antonmedv/fx
jalcine,antonmedv/fx
ktkization,antonmedv/fx
ifvictr,antonmedv/fx
neosarchizo,antonmedv/fx
studiovc,antonmedv/fx
zxhfirefox,antonmedv/fx
misterT2525,antonmedv/fx
michaelmior,antonmedv/fx
deadcoder0904,antonmedv/fx
brennebeck,antonmedv/fx
eiriklv,antonmedv/fx
CreatorMetaSky,antonmedv/fx
guerreiro,antonmedv/fx
kaoussi,antonmedv/fx
nikivdev,antonmedv/fx
dimlev,antonmedv/fx
ianko,antonmedv/fx
onlydole,antonmedv/fx
muniz95,antonmedv/fx
therealt3nzin,antonmedv/fx
reddysainathn,antonmedv/fx
samyk,antonmedv/fx
codyphobe,antonmedv/fx
gaoypChina,antonmedv/fx
chentsulin,antonmedv/fx
NguyenTrungTin,antonmedv/fx
vittee,antonmedv/fx
jubbon,antonmedv/fx
Jackneill,antonmedv/fx
Jinxiansen,antonmedv/fx
takuan-osho,antonmedv/fx
obahareth,antonmedv/fx
falkirks,antonmedv/fx
R-K-H,antonmedv/fx
MOZGIII,antonmedv/fx
mofelee,antonmedv/fx
narze,antonmedv/fx
inferjay,antonmedv/fx
asaaki,antonmedv/fx
avinashkoyyana,antonmedv/fx
snehesht,antonmedv/fx
pyadav,antonmedv/fx
iAhsanJaved,antonmedv/fx
orakle,antonmedv/fx
ThomasG77,antonmedv/fx
lanqy,antonmedv/fx
kousikan,antonmedv/fx
hsen-dev,antonmedv/fx
axjs,antonmedv/fx
EvgeneOskin,antonmedv/fx
datasatori,antonmedv/fx
reklis,antonmedv/fx
AlexSwensen,antonmedv/fx
cieplak,antonmedv/fx
neophyt3,antonmedv/fx
rmetzler,antonmedv/fx
fkazimierczak,antonmedv/fx
itsnotvalid,antonmedv/fx
Vishal-Isharani,antonmedv/fx
sriharshakappala,antonmedv/fx
msenturk,antonmedv/fx
pedoc,antonmedv/fx
darkdown,antonmedv/fx
rogeriomarques,antonmedv/fx
indistinctTalk,antonmedv/fx
hapr05,antonmedv/fx
StarZ3r0,antonmedv/fx
oieduardorabelo,antonmedv/fx
roccomuso,antonmedv/fx
sescobb27,antonmedv/fx
YerkoPalma,antonmedv/fx
owen800q,antonmedv/fx
mahmoudkandeel,antonmedv/fx
nhducit,antonmedv/fx
naltun,antonmedv/fx
linhua55,antonmedv/fx
leo424y,antonmedv/fx
ik5,antonmedv/fx
jedsada-gh,antonmedv/fx
dufferzafar,antonmedv/fx
iCHAIT,antonmedv/fx
makotot,antonmedv/fx
axifive,antonmedv/fx
ansarid,antonmedv/fx
ai-ml-architect,antonmedv/fx
NiksonX,antonmedv/fx
girish,antonmedv/fx
MatejLach,antonmedv/fx
Layzie,antonmedv/fx
ArunkumarRamanan,antonmedv/fx
provpup,antonmedv/fx
Nangal,antonmedv/fx
markemer,antonmedv/fx
imikay,antonmedv/fx
Amorymeltzer,antonmedv/fx
marwanhilmi,antonmedv/fx
renruyi,antonmedv/fx
mikelnrd,antonmedv/fx
gauravssnl,antonmedv/fx
fer-ri,antonmedv/fx
sunsongxp,antonmedv/fx
brunowego,antonmedv/fx
andantonyan,antonmedv/fx
rafi,antonmedv/fx
manrajgrover,antonmedv/fx
LeoSolaris,antonmedv/fx
esp10mm,antonmedv/fx
peterbrinck,antonmedv/fx
saravntbe,antonmedv/fx
scivey,antonmedv/fx
mrmign,antonmedv/fx
TheLastZombie,antonmedv/fx
edersohe,antonmedv/fx
da-vaibhav,antonmedv/fx
iTonyYo,antonmedv/fx
speckz,antonmedv/fx
yyolk,antonmedv/fx
wigust,antonmedv/fx
detailyang,antonmedv/fx
fannheyward,antonmedv/fx
NetOpWibby,antonmedv/fx
unixfox,antonmedv/fx
likaihere,antonmedv/fx
imsky,antonmedv/fx
johnowennixon,antonmedv/fx
CodeEagle,antonmedv/fx
RobertAudi,antonmedv/fx
RinatValiullov,antonmedv/fx
Neo42,antonmedv/fx
mugli,antonmedv/fx
stefanvanburen,antonmedv/fx
guptarohit,antonmedv/fx
mwarkentin,antonmedv/fx
dimon222,antonmedv/fx
aashutoshrathi,antonmedv/fx
jihchi,antonmedv/fx
iRaul,antonmedv/fx
dritter,antonmedv/fx
decimalbell,antonmedv/fx
oanhnn,antonmedv/fx
mono0926,antonmedv/fx
benmcp,antonmedv/fx
soenkekluth,antonmedv/fx
jhermann,antonmedv/fx
therebelrobot,antonmedv/fx
juandc,antonmedv/fx
Widcket,antonmedv/fx
ptsurbeleu,antonmedv/fx
wpank,ethereum/async-service
MihalczGabor,ethereum/async-service
Ramyromel,ethereum/async-service
kaichen,ethereum/clef-ui
marcusrbrown,ethereum/clef-ui
MihalczGabor,ethereum/clef-ui
dendisuhubdy,ethereum/clef-ui
Ramyromel,ethereum/clef-ui
JT5D,davglass/cpr
angusshire,davglass/cpr
kgryte,davglass/cpr
the-cc-dev,davglass/cpr
vitaly-z,davglass/cpr
gakonst,ethereum/builder-specs
jmcph4,ethereum/builder-specs
decanus,ethereum/builder-specs
pcaversaccio,ethereum/builder-specs
von-steinkirch,ethereum/builder-specs
pynchmeister,ethereum/builder-specs
TenviLi,ethereum/builder-specs
shanefontaine,ethereum/builder-specs
tuxcanfly,ethereum/builder-specs
shunkakinoki,ethereum/builder-specs
LuozhuZhang,ethereum/builder-specs
sambacha,ethereum/builder-specs
Ramyromel,ethereum/builder-specs
jiangplus,ethereum/builder-specs
mhaidarhanif,devongovett/atom-jade
chibicode,devongovett/atom-jade
charlenopires,devongovett/atom-jade
eddiejaoude,EddieHubCommunity/EddieHubCommunity.github.io
garimasingh128,EddieHubCommunity/EddieHubCommunity.github.io
AppServiceProvider,EddieHubCommunity/EddieHubCommunity.github.io
thanhtoan1196,EddieHubCommunity/EddieHubCommunity.github.io
Lencof,EddieHubCommunity/EddieHubCommunity.github.io
Panquesito7,EddieHubCommunity/EddieHubCommunity.github.io
gptkrsh,EddieHubCommunity/EddieHubCommunity.github.io
shuklayash10,EddieHubCommunity/EddieHubCommunity.github.io
0l1v3rr,EddieHubCommunity/EddieHubCommunity.github.io
00mjk,EddieHubCommunity/EddieHubCommunity.github.io
kmorrow1,EddieHubCommunity/EddieHubCommunity.github.io
Ayokanmi-Adejola,EddieHubCommunity/EddieHubCommunity.github.io
gauravssnl,HarshCasper/AllNotes
dcgithub,HarshCasper/AllNotes
NS007-dev,EddieHubCommunity/EventCalendar
Panquesito7,EddieHubCommunity/EventCalendar
eddiejaoude,EddieHubCommunity/EventCalendar
xchanmolx,EddieHubCommunity/EventCalendar
SantoshSrinivas79,EddieHubCommunity/EventCalendar
shuklayash10,EddieHubCommunity/EventCalendar
gptkrsh,EddieHubCommunity/EventCalendar
MaxCodeXTC,adrianhajdin/project_corona_tracker
szy0syz,adrianhajdin/project_corona_tracker
tchigher,adrianhajdin/project_corona_tracker
AppServiceProvider,adrianhajdin/project_corona_tracker
yareyaredesuyo,adrianhajdin/project_corona_tracker
cr7yash,adrianhajdin/project_corona_tracker
WeiChiaChang,adrianhajdin/project_corona_tracker
DevAshleyD,adrianhajdin/project_corona_tracker
lanastasov,adrianhajdin/project_corona_tracker
sephsa,adrianhajdin/project_corona_tracker
reddysainathn,adrianhajdin/project_corona_tracker
Wallace121980,adrianhajdin/project_corona_tracker
GeovaRS,adrianhajdin/project_corona_tracker
ayush15k1994,adrianhajdin/project_corona_tracker
jonasermert,adrianhajdin/project_corona_tracker
arafat877,adrianhajdin/project_corona_tracker
hercules261188,adrianhajdin/project_corona_tracker
joxtheman,adrianhajdin/project_corona_tracker
justacoolkid,adrianhajdin/project_corona_tracker
RasulSonmez,adrianhajdin/project_corona_tracker
johnyxu,adrianhajdin/project_corona_tracker
edwinmasri,adrianhajdin/project_corona_tracker
EronMahmuti,adrianhajdin/project_corona_tracker
hamdanhussein,adrianhajdin/project_corona_tracker
jem98devs,adrianhajdin/project_corona_tracker
shaheen7a,adrianhajdin/project_corona_tracker
SUVENDU-CHHATOI,adrianhajdin/project_corona_tracker
paulgrunt,adrianhajdin/project_corona_tracker
Amadeo-Frontend,adrianhajdin/project_corona_tracker
dezobq,adrianhajdin/project_corona_tracker
AmirWorkplace,adrianhajdin/project_corona_tracker
N0t-Sur3,adrianhajdin/project_corona_tracker
MrBlackBeeOsn,adrianhajdin/project_corona_tracker
Nullcano,adrianhajdin/project_corona_tracker
firdausakbarr,adrianhajdin/project_corona_tracker
hackerbotsupreme,adrianhajdin/project_corona_tracker
dipayan-code97,adrianhajdin/project_corona_tracker
thannhf,adrianhajdin/project_corona_tracker
CodebyCyrus,adrianhajdin/project_corona_tracker
abhijit1990,adrianhajdin/project_corona_tracker
pemawangchuk2023,adrianhajdin/project_corona_tracker
saadazghour,adrianhajdin/project_corona_tracker
rr3s1,adrianhajdin/project_corona_tracker
raviShankarpisini,adrianhajdin/project_corona_tracker
sonnylazuardi,adrianhajdin/project_corona_tracker
San0740396762,adrianhajdin/project_corona_tracker
cvic,openfoodfacts/hungergames-old
Josscii,casatwy/CTVideoPlayerView
luohaoyuan,casatwy/CTVideoPlayerView
Jinxiansen,casatwy/CTVideoPlayerView
lanqy,casatwy/CTVideoPlayerView
phpmaple,casatwy/CTVideoPlayerView
annonuser,casatwy/CTVideoPlayerView
oudommeas,casatwy/CTVideoPlayerView
karbon0x,casatwy/CTVideoPlayerView
kevinsegal,casatwy/CTVideoPlayerView
sriharshakappala,casatwy/CTVideoPlayerView
fly51fly,casatwy/CTVideoPlayerView
likaihere,casatwy/CTVideoPlayerView
pranavlathigara,casatwy/CTVideoPlayerView
suxinde2009,casatwy/CTVideoPlayerView
akaralar,casatwy/CTVideoPlayerView
CodeEagle,casatwy/CTVideoPlayerView
gaoypChina,casatwy/CTVideoPlayerView
garimasingh128,btholt/citr-v6-project
Josscii,btholt/citr-v6-project
saadazghour,btholt/citr-v6-project
TenviLi,btholt/citr-v6-project
szy0syz,btholt/citr-v6-project
jomefavourite,btholt/citr-v6-project
AppServiceProvider,btholt/citr-v6-project
Sandrex233,btholt/citr-v6-project
trinhminhtriet,btholt/citr-v6-project
saadazghour,btholt/complete-intro-to-react-v6
oieduardorabelo,btholt/complete-intro-to-react-v6
Josscii,btholt/complete-intro-to-react-v6
esneko,btholt/complete-intro-to-react-v6
AppServiceProvider,btholt/complete-intro-to-react-v6
TenviLi,btholt/complete-intro-to-react-v6
whatwewant,btholt/complete-intro-to-react-v6
dimlev,btholt/complete-intro-to-react-v6
mahmoudkandeel,btholt/complete-intro-to-react-v6
namuit,btholt/complete-intro-to-react-v6
AlexSwensen,btholt/complete-intro-to-react-v6
szy0syz,btholt/complete-intro-to-react-v6
mariamimmh,btholt/complete-intro-to-react-v6
jomefavourite,btholt/complete-intro-to-react-v6
theodesp,btholt/complete-intro-to-react-v6
lanqy,btholt/complete-intro-to-react-v6
RinatValiullov,btholt/complete-intro-to-react-v6
mehrdad-shokri,btholt/complete-intro-to-react-v6
erikunha,btholt/complete-intro-to-react-v6
pmuens,btholt/complete-intro-to-react-v6
Sandrex233,btholt/complete-intro-to-react-v6
johnyxu,btholt/complete-intro-to-react-v6
trinhminhtriet,btholt/complete-intro-to-react-v6
saadazghour,EddieHubCommunity/infrastructure
eddiejaoude,EddieHubCommunity/infrastructure
xchanmolx,EddieHubCommunity/infrastructure
FahimFBA,EddieHubCommunity/infrastructure
mskian,EddieHubCommunity/infrastructure
TenviLi,EddieHubCommunity/infrastructure
MilleniumSpark,EddieHubCommunity/infrastructure
youngchief-btw,benawad/astralfans-landing
svercl,benawad/astralfans-landing
gbowne1,benawad/astralfans-landing
Good4lien,devraj/PassCodeInput
KenMan79,iamshaunjp/Complete-React-Tutorial
eueung,iamshaunjp/Complete-React-Tutorial
jimbrig,iamshaunjp/Complete-React-Tutorial
RinatValiullov,iamshaunjp/Complete-React-Tutorial
johndavemanuel,iamshaunjp/Complete-React-Tutorial
royswale,iamshaunjp/Complete-React-Tutorial
ANTON-IVANOVICH,iamshaunjp/Complete-React-Tutorial
roycewilliams,iamshaunjp/Complete-React-Tutorial
AbhiImReal403,iamshaunjp/Complete-React-Tutorial
ianlaporte,iamshaunjp/Complete-React-Tutorial
firdausakbarr,iamshaunjp/Complete-React-Tutorial
oudommeas,iamshaunjp/Complete-React-Tutorial
MrBlackBeeOsn,iamshaunjp/Complete-React-Tutorial
studiovc,iamshaunjp/Complete-React-Tutorial
jonasermert,iamshaunjp/Complete-React-Tutorial
Jinxiansen,casatwy/CTNetworking
suxinde2009,casatwy/CTNetworking
gaoypChina,casatwy/CTNetworking
tchigher,casatwy/CTNetworking
rogeriomarques,donnemartin/data-science-ipython-notebooks
kgryte,donnemartin/data-science-ipython-notebooks
dewang-mistry,donnemartin/data-science-ipython-notebooks
dclambert,donnemartin/data-science-ipython-notebooks
dhuckins,donnemartin/data-science-ipython-notebooks
shunwang,donnemartin/data-science-ipython-notebooks
kwcto,donnemartin/data-science-ipython-notebooks
zxhfirefox,donnemartin/data-science-ipython-notebooks
zhaozhao,donnemartin/data-science-ipython-notebooks
smagellan,donnemartin/data-science-ipython-notebooks
reduxionist,donnemartin/data-science-ipython-notebooks
haraball,donnemartin/data-science-ipython-notebooks
eyadsibai,donnemartin/data-science-ipython-notebooks
denisfitz57,donnemartin/data-science-ipython-notebooks
iCHAIT,donnemartin/data-science-ipython-notebooks
mjhea0,donnemartin/data-science-ipython-notebooks
sarlalian,donnemartin/data-science-ipython-notebooks
renruyi,donnemartin/data-science-ipython-notebooks
zhiyue,donnemartin/data-science-ipython-notebooks
cchitsiang,donnemartin/data-science-ipython-notebooks
floydwch,donnemartin/data-science-ipython-notebooks
utensil,donnemartin/data-science-ipython-notebooks
he0x,donnemartin/data-science-ipython-notebooks
karbon0x,donnemartin/data-science-ipython-notebooks
vmlinz,donnemartin/data-science-ipython-notebooks
slackmage,donnemartin/data-science-ipython-notebooks
jiangplus,donnemartin/data-science-ipython-notebooks
kyrre,donnemartin/data-science-ipython-notebooks
darkdown,donnemartin/data-science-ipython-notebooks
jonbaer,donnemartin/data-science-ipython-notebooks
muminoff,donnemartin/data-science-ipython-notebooks
sunsongxp,donnemartin/data-science-ipython-notebooks
odyss009,donnemartin/data-science-ipython-notebooks
burkesquires,donnemartin/data-science-ipython-notebooks
jmingov,donnemartin/data-science-ipython-notebooks
juanchristensen,donnemartin/data-science-ipython-notebooks
secondwtq,donnemartin/data-science-ipython-notebooks
PSJoshi,donnemartin/data-science-ipython-notebooks
neophyt3,donnemartin/data-science-ipython-notebooks
filipeoliveiraa,donnemartin/data-science-ipython-notebooks
rtcoms,donnemartin/data-science-ipython-notebooks
levbrie,donnemartin/data-science-ipython-notebooks
iemejia,donnemartin/data-science-ipython-notebooks
rakhmad,donnemartin/data-science-ipython-notebooks
jits,donnemartin/data-science-ipython-notebooks
jubbon,donnemartin/data-science-ipython-notebooks
macint0sh,donnemartin/data-science-ipython-notebooks
jgmize,donnemartin/data-science-ipython-notebooks
kriwil,donnemartin/data-science-ipython-notebooks
pvergain,donnemartin/data-science-ipython-notebooks
dimlev,donnemartin/data-science-ipython-notebooks
nikolay,donnemartin/data-science-ipython-notebooks
takuan-osho,donnemartin/data-science-ipython-notebooks
michaelhood,donnemartin/data-science-ipython-notebooks
bhakthan,donnemartin/data-science-ipython-notebooks
LeoSolaris,donnemartin/data-science-ipython-notebooks
anqur,donnemartin/data-science-ipython-notebooks
d-dozer,donnemartin/data-science-ipython-notebooks
nfultz,donnemartin/data-science-ipython-notebooks
jimmyrcom,donnemartin/data-science-ipython-notebooks
dyhpoon,donnemartin/data-science-ipython-notebooks
matthochler,donnemartin/data-science-ipython-notebooks
hnq90,donnemartin/data-science-ipython-notebooks
yoCruzer,donnemartin/data-science-ipython-notebooks
lyuha,donnemartin/data-science-ipython-notebooks
linhua55,donnemartin/data-science-ipython-notebooks
Jerzerak,donnemartin/data-science-ipython-notebooks
arrmac,donnemartin/data-science-ipython-notebooks
GeorgeErickson,donnemartin/data-science-ipython-notebooks
gmittal,donnemartin/data-science-ipython-notebooks
kevinmcalear,donnemartin/data-science-ipython-notebooks
cooka,donnemartin/data-science-ipython-notebooks
mwarkentin,donnemartin/data-science-ipython-notebooks
wenzhihong2003,donnemartin/data-science-ipython-notebooks
luohaoyuan,donnemartin/data-science-ipython-notebooks
pillowsoft,donnemartin/data-science-ipython-notebooks
balta2ar,donnemartin/data-science-ipython-notebooks
hsavit1,donnemartin/data-science-ipython-notebooks
avinashkoyyana,donnemartin/data-science-ipython-notebooks
vdt,donnemartin/data-science-ipython-notebooks
djangosporti,donnemartin/data-science-ipython-notebooks
angusshire,donnemartin/data-science-ipython-notebooks
kprybol,donnemartin/data-science-ipython-notebooks
barbietunnie,donnemartin/data-science-ipython-notebooks
silverstone1903,donnemartin/data-science-ipython-notebooks
king6cong,donnemartin/data-science-ipython-notebooks
vck,donnemartin/data-science-ipython-notebooks
dladuke,donnemartin/data-science-ipython-notebooks
rishipuri,donnemartin/data-science-ipython-notebooks
chenruibin,donnemartin/data-science-ipython-notebooks
lmatt-bit,donnemartin/data-science-ipython-notebooks
anjingxz,donnemartin/data-science-ipython-notebooks
neibla,donnemartin/data-science-ipython-notebooks
dansandland,donnemartin/data-science-ipython-notebooks
alihalabyah,donnemartin/data-science-ipython-notebooks
zouguangxian,donnemartin/data-science-ipython-notebooks
petehouston,donnemartin/data-science-ipython-notebooks
ghosthamlet,donnemartin/data-science-ipython-notebooks
shoichiaizawa,donnemartin/data-science-ipython-notebooks
hapr05,donnemartin/data-science-ipython-notebooks
nemesiscodex,donnemartin/data-science-ipython-notebooks
bolerovt,donnemartin/data-science-ipython-notebooks
deadlocks,donnemartin/data-science-ipython-notebooks
sg-s,donnemartin/data-science-ipython-notebooks
xeoneux,donnemartin/data-science-ipython-notebooks
llazzaro,donnemartin/data-science-ipython-notebooks
madhuakula,donnemartin/data-science-ipython-notebooks
mbrukman,donnemartin/data-science-ipython-notebooks
brianluby,donnemartin/data-science-ipython-notebooks
DonDebonair,donnemartin/data-science-ipython-notebooks
wtigert,donnemartin/data-science-ipython-notebooks
abduld,donnemartin/data-science-ipython-notebooks
coffee4code,donnemartin/data-science-ipython-notebooks
mono0926,donnemartin/data-science-ipython-notebooks
sriharshakappala,donnemartin/data-science-ipython-notebooks
obahareth,donnemartin/data-science-ipython-notebooks
levonk,donnemartin/data-science-ipython-notebooks
stefaneyr,donnemartin/data-science-ipython-notebooks
JohnClema,donnemartin/data-science-ipython-notebooks
aburan28,donnemartin/data-science-ipython-notebooks
ryoikarashi,donnemartin/data-science-ipython-notebooks
Doppp,donnemartin/data-science-ipython-notebooks
MatejLach,donnemartin/data-science-ipython-notebooks
yvan-sraka,donnemartin/data-science-ipython-notebooks
bryant1410,donnemartin/data-science-ipython-notebooks
jianyuan,donnemartin/data-science-ipython-notebooks
saturation,donnemartin/data-science-ipython-notebooks
colrack,donnemartin/data-science-ipython-notebooks
jmcph4,donnemartin/data-science-ipython-notebooks
ianko,donnemartin/data-science-ipython-notebooks
flrngel,donnemartin/data-science-ipython-notebooks
himalay,donnemartin/data-science-ipython-notebooks
girish,donnemartin/data-science-ipython-notebooks
Jackneill,donnemartin/data-science-ipython-notebooks
eevmanu,donnemartin/data-science-ipython-notebooks
marko-jankovic,donnemartin/data-science-ipython-notebooks
gamontal,donnemartin/data-science-ipython-notebooks
neosarchizo,donnemartin/data-science-ipython-notebooks
xhs,donnemartin/data-science-ipython-notebooks
orakle,donnemartin/data-science-ipython-notebooks
dufferzafar,donnemartin/data-science-ipython-notebooks
dsoul,donnemartin/data-science-ipython-notebooks
wendigo,donnemartin/data-science-ipython-notebooks
discountry,donnemartin/data-science-ipython-notebooks
mirguest,donnemartin/data-science-ipython-notebooks
pasajero,donnemartin/data-science-ipython-notebooks
0xfeeddeadbeef,donnemartin/data-science-ipython-notebooks
TyrannosaurusREKT,donnemartin/data-science-ipython-notebooks
marctmiller,donnemartin/data-science-ipython-notebooks
hydrosquall,donnemartin/data-science-ipython-notebooks
Amorymeltzer,donnemartin/data-science-ipython-notebooks
WinstonFassett,donnemartin/data-science-ipython-notebooks
sivartravis,donnemartin/data-science-ipython-notebooks
detailyang,donnemartin/data-science-ipython-notebooks
joseluisq,donnemartin/data-science-ipython-notebooks
guptarohit,donnemartin/data-science-ipython-notebooks
johnowennixon,donnemartin/data-science-ipython-notebooks
xrmr,donnemartin/data-science-ipython-notebooks
jaredthecoder,donnemartin/data-science-ipython-notebooks
Stankye,donnemartin/data-science-ipython-notebooks
JT5D,donnemartin/data-science-ipython-notebooks
andrewwxy,donnemartin/data-science-ipython-notebooks
stjordanis,donnemartin/data-science-ipython-notebooks
DylanKojiCheslin,donnemartin/data-science-ipython-notebooks
wassiim,donnemartin/data-science-ipython-notebooks
MikeGolden,donnemartin/data-science-ipython-notebooks
opt9,donnemartin/data-science-ipython-notebooks
TankMasterRL,donnemartin/data-science-ipython-notebooks
Quexint,donnemartin/data-science-ipython-notebooks
bossjones,donnemartin/data-science-ipython-notebooks
whummer,localstack/cockpit
eddiejaoude,stemount/automated-cloud-radio-station
shuklayash10,stemount/automated-cloud-radio-station
elhadjx,stemount/automated-cloud-radio-station
whummer,localstack/localstack-java-utils
tuyucheng7,localstack/localstack-java-utils
retrde,jishanshaikh4/adblocker-ultimate
pr0733k,jishanshaikh4/adblocker-ultimate
jishanshaikh-gep,jishanshaikh4/adblocker-ultimate
jishanshaikh4,jishanshaikh4/adblocker-ultimate
JaeQueCoder,jishanshaikh4/adblocker-ultimate
langmr0,jishanshaikh4/adblocker-ultimate
8bitmamba,jishanshaikh4/adblocker-ultimate
sunitawill,jishanshaikh4/adblocker-ultimate
ekanshdixit,jishanshaikh4/adblocker-ultimate
1ndradhanush,jishanshaikh4/adblocker-ultimate
sutaTyagi,jishanshaikh4/adblocker-ultimate
teharsingh,jishanshaikh4/adblocker-ultimate
MihalczGabor,jishanshaikh4/adblocker-ultimate
umaar,jakearchibald/byte-storage
amilajack,jakearchibald/byte-storage
ThomasG77,jakearchibald/byte-storage
azu,jakearchibald/byte-storage
ptsurbeleu,jakearchibald/byte-storage
erdii,jakearchibald/byte-storage
denji,jakearchibald/byte-storage
derhuerst,jakearchibald/byte-storage
charlenopires,jakearchibald/byte-storage
mariamimmh,mrdbourke/machine-learning-roadmap
filipeoliveiraa,mrdbourke/machine-learning-roadmap
MaxCodeXTC,mrdbourke/machine-learning-roadmap
mehrdad-shokri,mrdbourke/machine-learning-roadmap
reedhhw,mrdbourke/machine-learning-roadmap
himalay,mrdbourke/machine-learning-roadmap
andantonyan,mrdbourke/machine-learning-roadmap
jcampbell05,mrdbourke/machine-learning-roadmap
CloudBranch,mrdbourke/machine-learning-roadmap
plamengj,mrdbourke/machine-learning-roadmap
gaoypChina,mrdbourke/machine-learning-roadmap
fly51fly,mrdbourke/machine-learning-roadmap
likaihere,mrdbourke/machine-learning-roadmap
venkat-oss,mrdbourke/machine-learning-roadmap
pushpendrapratap,mrdbourke/machine-learning-roadmap
quantumpacket,mrdbourke/machine-learning-roadmap
tkersey,mrdbourke/machine-learning-roadmap
chenruibin,mrdbourke/machine-learning-roadmap
PSJoshi,mrdbourke/machine-learning-roadmap
vigneshv92,mrdbourke/machine-learning-roadmap
rm3l,mrdbourke/machine-learning-roadmap
veris-pr,mrdbourke/machine-learning-roadmap
dendisuhubdy,mrdbourke/machine-learning-roadmap
quobit,mrdbourke/machine-learning-roadmap
JonReppDirectOneDesign,mrdbourke/machine-learning-roadmap
layzhi,mrdbourke/machine-learning-roadmap
quentinfayet,mrdbourke/machine-learning-roadmap
ik5,mrdbourke/machine-learning-roadmap
ur5us,mrdbourke/machine-learning-roadmap
neosarchizo,mrdbourke/machine-learning-roadmap
Doppp,mrdbourke/machine-learning-roadmap
ccl0326,mrdbourke/machine-learning-roadmap
Nangal,mrdbourke/machine-learning-roadmap
xeoneux,mrdbourke/machine-learning-roadmap
jits,mrdbourke/machine-learning-roadmap
mikesprague,mrdbourke/machine-learning-roadmap
naltun,mrdbourke/machine-learning-roadmap
saadazghour,mrdbourke/machine-learning-roadmap
tchigher,mrdbourke/machine-learning-roadmap
manikantag,mrdbourke/machine-learning-roadmap
amilajack,mrdbourke/machine-learning-roadmap
clsource,mrdbourke/machine-learning-roadmap
mfaridzia,mrdbourke/machine-learning-roadmap
esneko,mrdbourke/machine-learning-roadmap
rakhmad,mrdbourke/machine-learning-roadmap
flrngel,mrdbourke/machine-learning-roadmap
cybernetics,mrdbourke/machine-learning-roadmap
nabiuddin6,mrdbourke/machine-learning-roadmap
kangkot,mrdbourke/machine-learning-roadmap
mhaidarhanif,mrdbourke/machine-learning-roadmap
GNURub,mrdbourke/machine-learning-roadmap
mahmoudkandeel,mrdbourke/machine-learning-roadmap
shunkakinoki,mrdbourke/machine-learning-roadmap
hamannju,mrdbourke/machine-learning-roadmap
lanastasov,mrdbourke/machine-learning-roadmap
morristech,mrdbourke/machine-learning-roadmap
JohnClema,mrdbourke/machine-learning-roadmap
Tatsh,mrdbourke/machine-learning-roadmap
SantoshSrinivas79,mrdbourke/machine-learning-roadmap
bhakthan,mrdbourke/machine-learning-roadmap
entrptaher,mrdbourke/machine-learning-roadmap
burkesquires,mrdbourke/machine-learning-roadmap
DPS0340,mrdbourke/machine-learning-roadmap
jon-chun,mrdbourke/machine-learning-roadmap
jubbon,mrdbourke/machine-learning-roadmap
smanwarulislam,mrdbourke/machine-learning-roadmap
nikivdev,mrdbourke/machine-learning-roadmap
zhiyue,mrdbourke/machine-learning-roadmap
MtDeity,mrdbourke/machine-learning-roadmap
deep-programmer,mrdbourke/machine-learning-roadmap
victory-sokolov,mrdbourke/machine-learning-roadmap
RinatValiullov,mrdbourke/machine-learning-roadmap
imxiaohui,mrdbourke/machine-learning-roadmap
IvonaldoAmaral,mrdbourke/machine-learning-roadmap
studiovc,mrdbourke/machine-learning-roadmap
Lencof,mrdbourke/machine-learning-roadmap
ebigram,mrdbourke/machine-learning-roadmap
hyperupcall,mrdbourke/machine-learning-roadmap
xchanmolx,mrdbourke/machine-learning-roadmap
p-raj,mrdbourke/machine-learning-roadmap
benqian,mrdbourke/machine-learning-roadmap
ubongndoh,mrdbourke/machine-learning-roadmap
ayush15k1994,mrdbourke/machine-learning-roadmap
mirguest,mrdbourke/machine-learning-roadmap
nobiit,mrdbourke/machine-learning-roadmap
djangosporti,mrdbourke/machine-learning-roadmap
stjordanis,mrdbourke/machine-learning-roadmap
denji,defuse/DAWr
Sliim,trailofbits/ctf
trietptm,trailofbits/ctf
shunwang,trailofbits/ctf
kyrre,trailofbits/ctf
nbosa,trailofbits/ctf
u0m3,trailofbits/ctf
evandrix,trailofbits/ctf
moon2l,trailofbits/ctf
galaris,trailofbits/ctf
dladuke,trailofbits/ctf
ryanbaxendale,trailofbits/ctf
marctmiller,trailofbits/ctf
aburan28,trailofbits/ctf
jivoi,trailofbits/ctf
he0x,trailofbits/ctf
madhuakula,trailofbits/ctf
theodorosc,trailofbits/ctf
jevinskie,trailofbits/ctf
Quexint,trailofbits/ctf
yeshuibo,trailofbits/ctf
0x2Adr1,trailofbits/ctf
angusshire,trailofbits/ctf
0xcpu,trailofbits/ctf
vck,trailofbits/ctf
halfx,trailofbits/ctf
PeterVatistas,trailofbits/ctf
Stankye,trailofbits/ctf
dobestan,trailofbits/ctf
mgeeky,trailofbits/ctf
LuaxY,trailofbits/ctf
picatz,trailofbits/ctf
krodyx,trailofbits/ctf
nicholasadamou,trailofbits/ctf
opexxx,trailofbits/ctf
FrankSansC,trailofbits/ctf
0xdevalias,trailofbits/ctf
colejhudson,trailofbits/ctf
dimon222,trailofbits/ctf
onlurking,trailofbits/ctf
fijimunkii,trailofbits/ctf
macint0sh,trailofbits/ctf
wigust,trailofbits/ctf
naltun,trailofbits/ctf
agnosticlines,trailofbits/ctf
dec0dOS,trailofbits/ctf
dufferzafar,trailofbits/ctf
KvaroverHeaven,trailofbits/ctf
lifa123,trailofbits/ctf
BxC1sF1E,trailofbits/ctf
dendisuhubdy,trailofbits/ctf
BenjiTrapp,trailofbits/ctf
gvvynplaine,trailofbits/ctf
famasoon,trailofbits/ctf
jstoobz,trailofbits/ctf
puzzithinker,trailofbits/ctf
Hostn4me,trailofbits/ctf
Kimpten,trailofbits/ctf
DPS0340,trailofbits/ctf
Mudkipboo,trailofbits/ctf
stjordanis,trailofbits/ctf
Siss3l,trailofbits/ctf
tracure1337,trailofbits/ctf
marwanhilmi,trailofbits/ctf
nir-zilberman,trailofbits/ctf
SeshatCZ,trailofbits/ctf
daedalus,trailofbits/ctf
duksosleepy,trailofbits/ctf
felipetruman,trailofbits/ctf
mrluanma,trailofbits/ctf
forestfoxx,trailofbits/ctf
kmorrow1,trailofbits/ctf
dkapt,trailofbits/ctf
cbyt3,trailofbits/ctf
x0nu11byt3,trailofbits/ctf
derhuerst,aviaryan/awesome-no-login-web-apps
aashutoshrathi,aviaryan/awesome-no-login-web-apps
pachacamac,aviaryan/awesome-no-login-web-apps
deadcoder0904,aviaryan/awesome-no-login-web-apps
peterbrinck,aviaryan/awesome-no-login-web-apps
oudommeas,aviaryan/awesome-no-login-web-apps
usmanakram232,aviaryan/awesome-no-login-web-apps
jubbon,aviaryan/awesome-no-login-web-apps
fly51fly,aviaryan/awesome-no-login-web-apps
tralphy,aviaryan/awesome-no-login-web-apps
Chan9390,aviaryan/awesome-no-login-web-apps
valpackett,aviaryan/awesome-no-login-web-apps
Tatsh,aviaryan/awesome-no-login-web-apps
aviaryan,aviaryan/awesome-no-login-web-apps
RobertAudi,aviaryan/awesome-no-login-web-apps
obahareth,aviaryan/awesome-no-login-web-apps
haroldo-ok,aviaryan/awesome-no-login-web-apps
msenturk,aviaryan/awesome-no-login-web-apps
mrmign,aviaryan/awesome-no-login-web-apps
hub33k,aviaryan/awesome-no-login-web-apps
Jerzerak,aviaryan/awesome-no-login-web-apps
nschlemm,aviaryan/awesome-no-login-web-apps
jesusgoku,aviaryan/awesome-no-login-web-apps
hartca,aviaryan/awesome-no-login-web-apps
jmingov,aviaryan/awesome-no-login-web-apps
guptarohit,aviaryan/awesome-no-login-web-apps
appidiabhinav,aviaryan/awesome-no-login-web-apps
sarlalian,aviaryan/awesome-no-login-web-apps
gauravssnl,aviaryan/awesome-no-login-web-apps
thanhtoan1196,aviaryan/awesome-no-login-web-apps
catplanet007,aviaryan/awesome-no-login-web-apps
jonasermert,aviaryan/awesome-no-login-web-apps
cwonrails,aviaryan/awesome-no-login-web-apps
dufferzafar,aviaryan/awesome-no-login-web-apps
rtdaly,aviaryan/awesome-no-login-web-apps
quobit,aviaryan/awesome-no-login-web-apps
canering,aviaryan/awesome-no-login-web-apps
Shohan494,aviaryan/awesome-no-login-web-apps
wigust,aviaryan/awesome-no-login-web-apps
JesseTG,aviaryan/awesome-no-login-web-apps
markemer,aviaryan/awesome-no-login-web-apps
sponnusa,aviaryan/awesome-no-login-web-apps
arpit1997,aviaryan/awesome-no-login-web-apps
lxsmnsyc,aviaryan/awesome-no-login-web-apps
vaginessa,aviaryan/awesome-no-login-web-apps
likaihere,aviaryan/awesome-no-login-web-apps
jaffreyjoy,aviaryan/awesome-no-login-web-apps
theodesp,aviaryan/awesome-no-login-web-apps
rogeriomarques,aviaryan/awesome-no-login-web-apps
scivey,aviaryan/awesome-no-login-web-apps
jay3ss,aviaryan/awesome-no-login-web-apps
Ro9ueAdmin,aviaryan/awesome-no-login-web-apps
esneko,aviaryan/awesome-no-login-web-apps
zhiyue,aviaryan/awesome-no-login-web-apps
namuit,aviaryan/awesome-no-login-web-apps
TheLastZombie,aviaryan/awesome-no-login-web-apps
biow0lf,aviaryan/awesome-no-login-web-apps
the-cc-dev,aviaryan/awesome-no-login-web-apps
RinatValiullov,aviaryan/awesome-no-login-web-apps
wjnbreu,aviaryan/awesome-no-login-web-apps
layzhi,aviaryan/awesome-no-login-web-apps
sahwar,aviaryan/awesome-no-login-web-apps
doc22940,aviaryan/awesome-no-login-web-apps
tg-z,aviaryan/awesome-no-login-web-apps
vitaly-z,aviaryan/awesome-no-login-web-apps
priyadhoundiyal,aviaryan/awesome-no-login-web-apps
mariamimmh,aviaryan/awesome-no-login-web-apps
mvandermeulen,aviaryan/awesome-no-login-web-apps
nabiuddin6,aviaryan/awesome-no-login-web-apps
jimbrig,aviaryan/awesome-no-login-web-apps
entrptaher,aviaryan/awesome-no-login-web-apps
Bvaudin,aviaryan/awesome-no-login-web-apps
TenviLi,aviaryan/awesome-no-login-web-apps
sayyidisal,aviaryan/awesome-no-login-web-apps
Mudkipboo,aviaryan/awesome-no-login-web-apps
therealt3nzin,aviaryan/awesome-no-login-web-apps
araguaci,aviaryan/awesome-no-login-web-apps
Mithileshraj123,aviaryan/awesome-no-login-web-apps
brenopolanski,aviaryan/awesome-no-login-web-apps
3m4r5,aviaryan/awesome-no-login-web-apps
Sandalots,aviaryan/awesome-no-login-web-apps
filipeoliveiraa,aviaryan/awesome-no-login-web-apps
dsoul,aviaryan/awesome-no-login-web-apps
gosoxharp,aviaryan/awesome-no-login-web-apps
Good4lien,aviaryan/awesome-no-login-web-apps
joedf,aviaryan/awesome-no-login-web-apps
KNipunDananjaya,aviaryan/awesome-no-login-web-apps
missAnneThorpe,aviaryan/awesome-no-login-web-apps
tuanductran,aviaryan/awesome-no-login-web-apps
hyperupcall,aviaryan/awesome-no-login-web-apps
felipetruman,aviaryan/awesome-no-login-web-apps
umaar,aviaryan/awesome-no-login-web-apps
da-vaibhav,aviaryan/awesome-no-login-web-apps
lordvins226,aviaryan/awesome-no-login-web-apps
galaris,aviaryan/awesome-no-login-web-apps
ellisonleao,aviaryan/awesome-no-login-web-apps
kmorrow1,aviaryan/awesome-no-login-web-apps
dkapt,aviaryan/awesome-no-login-web-apps
JonReppDirectOneDesign,openfoodfacts/off-nutrition-table-extractor
patrick91,openfoodfacts/off-nutrition-table-extractor
SantoshSrinivas79,openfoodfacts/off-nutrition-table-extractor
galaris,openfoodfacts/off-nutrition-table-extractor
AppServiceProvider,EddieHubCommunity/DailyTips
soma2000-lang,EddieHubCommunity/DailyTips
shuklayash10,EddieHubCommunity/DailyTips
5y5tem5,byt3bl33d3r/DeathStar
Sliim,byt3bl33d3r/DeathStar
galaris,byt3bl33d3r/DeathStar
eyadsibai,byt3bl33d3r/DeathStar
Chan9390,byt3bl33d3r/DeathStar
bahmdev,byt3bl33d3r/DeathStar
wigust,byt3bl33d3r/DeathStar
Stankye,byt3bl33d3r/DeathStar
u0m3,byt3bl33d3r/DeathStar
ducphanduyagentp,byt3bl33d3r/DeathStar
moon2l,byt3bl33d3r/DeathStar
xvovx,byt3bl33d3r/DeathStar
gauravssnl,byt3bl33d3r/DeathStar
0xdevalias,byt3bl33d3r/DeathStar
msenturk,byt3bl33d3r/DeathStar
opexxx,byt3bl33d3r/DeathStar
securitystreak,byt3bl33d3r/DeathStar
nbosa,byt3bl33d3r/DeathStar
PeterVatistas,byt3bl33d3r/DeathStar
fly51fly,byt3bl33d3r/DeathStar
trietptm,byt3bl33d3r/DeathStar
quantumpacket,byt3bl33d3r/DeathStar
ShawnAlexander,byt3bl33d3r/DeathStar
puppycodes,byt3bl33d3r/DeathStar
0xfeeddeadbeef,byt3bl33d3r/DeathStar
mgeeky,byt3bl33d3r/DeathStar
Antonito,byt3bl33d3r/DeathStar
filipeoliveiraa,byt3bl33d3r/DeathStar
madhuakula,byt3bl33d3r/DeathStar
denisse-dev,byt3bl33d3r/DeathStar
ik5,byt3bl33d3r/DeathStar
tututu-patch,byt3bl33d3r/DeathStar
lightoyou,byt3bl33d3r/DeathStar
vaginessa,byt3bl33d3r/DeathStar
batermj,byt3bl33d3r/DeathStar
yeshuibo,byt3bl33d3r/DeathStar
marctmiller,byt3bl33d3r/DeathStar
Ro9ueAdmin,byt3bl33d3r/DeathStar
puzzithinker,byt3bl33d3r/DeathStar
Sleek1598,byt3bl33d3r/DeathStar
AzureCloudMonk,byt3bl33d3r/DeathStar
BenjiTrapp,byt3bl33d3r/DeathStar
modulexcite,byt3bl33d3r/DeathStar
triplekill,byt3bl33d3r/DeathStar
0w3,byt3bl33d3r/DeathStar
sarlalian,byt3bl33d3r/DeathStar
HowWeLand,byt3bl33d3r/DeathStar
lifa123,byt3bl33d3r/DeathStar
KevenBelanger,byt3bl33d3r/DeathStar
FDlucifer,byt3bl33d3r/DeathStar
7h3rAm,byt3bl33d3r/DeathStar
hamannju,byt3bl33d3r/DeathStar
zpaav,byt3bl33d3r/DeathStar
savage69kr,byt3bl33d3r/DeathStar
apheon-terra,byt3bl33d3r/DeathStar
Bvaudin,byt3bl33d3r/DeathStar
adotsloan,byt3bl33d3r/DeathStar
sponnusa,byt3bl33d3r/DeathStar
CPT-Jack-A-Castle,byt3bl33d3r/DeathStar
MilleniumSpark,byt3bl33d3r/DeathStar
KNipunDananjaya,byt3bl33d3r/DeathStar
cbyt3,byt3bl33d3r/DeathStar
gosoxharp,byt3bl33d3r/DeathStar
0A7V9A,byt3bl33d3r/DeathStar
felipetruman,byt3bl33d3r/DeathStar
tuanductran,byt3bl33d3r/DeathStar
Cre4T3Tiv3,byt3bl33d3r/DeathStar
opexxx,byt3bl33d3r/chrome-decrypter
xvovx,byt3bl33d3r/chrome-decrypter
trietptm,byt3bl33d3r/chrome-decrypter
PeterVatistas,byt3bl33d3r/chrome-decrypter
andrewwxy,byt3bl33d3r/chrome-decrypter
insanitus,byt3bl33d3r/chrome-decrypter
conail,byt3bl33d3r/chrome-decrypter
gauravssnl,byt3bl33d3r/chrome-decrypter
vaginessa,byt3bl33d3r/chrome-decrypter
yeshuibo,byt3bl33d3r/chrome-decrypter
Ro9ueAdmin,byt3bl33d3r/chrome-decrypter
Tatsh,byt3bl33d3r/chrome-decrypter
ducphanduyagentp,byt3bl33d3r/chrome-decrypter
BenjiTrapp,byt3bl33d3r/chrome-decrypter
sarlalian,byt3bl33d3r/chrome-decrypter
modulexcite,byt3bl33d3r/chrome-decrypter
AppServiceProvider,byt3bl33d3r/chrome-decrypter
Kimpten,byt3bl33d3r/chrome-decrypter
limkokhole,byt3bl33d3r/chrome-decrypter
triplekill,byt3bl33d3r/chrome-decrypter
quantumpacket,byt3bl33d3r/chrome-decrypter
KevenBelanger,byt3bl33d3r/chrome-decrypter
Qdigital,byt3bl33d3r/chrome-decrypter
jamiedevsandbox,byt3bl33d3r/chrome-decrypter
DPS0340,byt3bl33d3r/chrome-decrypter
adotsloan,byt3bl33d3r/chrome-decrypter
cannabis09,byt3bl33d3r/chrome-decrypter
CPT-Jack-A-Castle,byt3bl33d3r/chrome-decrypter
gosoxharp,byt3bl33d3r/chrome-decrypter
daedalus,byt3bl33d3r/chrome-decrypter
galaris,byt3bl33d3r/chrome-decrypter
Cre4T3Tiv3,byt3bl33d3r/chrome-decrypter
KaiDevrim,google/accname
JonReppDirectOneDesign,google/accname
thisiskeanyvy,google/accname
itsimpeccable,google/accname
ZigaoWang,google/accname
jianyuan,carloscuesta/gitmoji
misterT2525,carloscuesta/gitmoji
petehouston,carloscuesta/gitmoji
hnq90,carloscuesta/gitmoji
iTonyYo,carloscuesta/gitmoji
michaelchiche,carloscuesta/gitmoji
khaled131,carloscuesta/gitmoji
barbagrigia,carloscuesta/gitmoji
Nangal,carloscuesta/gitmoji
sibelius,carloscuesta/gitmoji
unixfox,carloscuesta/gitmoji
hartca,carloscuesta/gitmoji
ff6347,carloscuesta/gitmoji
weimingtom,carloscuesta/gitmoji
kaoussi,carloscuesta/gitmoji
chibicode,carloscuesta/gitmoji
therebelrobot,carloscuesta/gitmoji
KevinRamsunder,carloscuesta/gitmoji
fengzilong,carloscuesta/gitmoji
ptsurbeleu,carloscuesta/gitmoji
bryant1410,carloscuesta/gitmoji
bolerovt,carloscuesta/gitmoji
karbon0x,carloscuesta/gitmoji
harrygallagher4,carloscuesta/gitmoji
damianesteban,carloscuesta/gitmoji
takuan-osho,carloscuesta/gitmoji
codyphobe,carloscuesta/gitmoji
utensil,carloscuesta/gitmoji
RickWong,carloscuesta/gitmoji
anatolinicolae,carloscuesta/gitmoji
0x2Adr1,carloscuesta/gitmoji
peterbrinck,carloscuesta/gitmoji
fly51fly,carloscuesta/gitmoji
king6cong,carloscuesta/gitmoji
nikivdev,carloscuesta/gitmoji
xrmr,carloscuesta/gitmoji
christianboyle,carloscuesta/gitmoji
yangwao,carloscuesta/gitmoji
sescobb27,carloscuesta/gitmoji
fabiodr,carloscuesta/gitmoji
josedulanto,carloscuesta/gitmoji
mihaeu,carloscuesta/gitmoji
annonuser,carloscuesta/gitmoji
wendigo,carloscuesta/gitmoji
TyrannosaurusREKT,carloscuesta/gitmoji
jbenner-radham,carloscuesta/gitmoji
vittee,carloscuesta/gitmoji
makotot,carloscuesta/gitmoji
hapr05,carloscuesta/gitmoji
sriharshakappala,carloscuesta/gitmoji
dimon222,carloscuesta/gitmoji
dhamaniasad,carloscuesta/gitmoji
ryoikarashi,carloscuesta/gitmoji
jessb321,carloscuesta/gitmoji
phpmaple,carloscuesta/gitmoji
alihalabyah,carloscuesta/gitmoji
Jinxiansen,carloscuesta/gitmoji
NguyenTrungTin,carloscuesta/gitmoji
visualrobots,carloscuesta/gitmoji
saadshahd,carloscuesta/gitmoji
wassiim,carloscuesta/gitmoji
saravntbe,carloscuesta/gitmoji
cybernetics,carloscuesta/gitmoji
narze,carloscuesta/gitmoji
zhiyue,carloscuesta/gitmoji
NoisyNot,carloscuesta/gitmoji
onlydole,carloscuesta/gitmoji
ktkization,carloscuesta/gitmoji
ifvictr,carloscuesta/gitmoji
deadcoder0904,carloscuesta/gitmoji
Yukaii,carloscuesta/gitmoji
tomoat,carloscuesta/gitmoji
leo424y,carloscuesta/gitmoji
umaar,carloscuesta/gitmoji
JesseTG,carloscuesta/gitmoji
CodeEagle,carloscuesta/gitmoji
fabriceyopa,carloscuesta/gitmoji
denji,carloscuesta/gitmoji
matthochler,carloscuesta/gitmoji
reduxionist,carloscuesta/gitmoji
maxrugen,carloscuesta/gitmoji
whatwewant,carloscuesta/gitmoji
obahareth,carloscuesta/gitmoji
yongjhih,carloscuesta/gitmoji
coffee4code,carloscuesta/gitmoji
Jerzerak,carloscuesta/gitmoji
Suburbanno,carloscuesta/gitmoji
JohnClema,carloscuesta/gitmoji
iRaul,carloscuesta/gitmoji
luohaoyuan,carloscuesta/gitmoji
akaralar,carloscuesta/gitmoji
guptarohit,carloscuesta/gitmoji
mikesprague,carloscuesta/gitmoji
aviaryan,carloscuesta/gitmoji
StarZ3r0,carloscuesta/gitmoji
zce,carloscuesta/gitmoji
Joe-oss9527,carloscuesta/gitmoji
abduld,carloscuesta/gitmoji
joseluisq,carloscuesta/gitmoji
ThomasG77,carloscuesta/gitmoji
szy0syz,carloscuesta/gitmoji
d-led,carloscuesta/gitmoji
Doppp,carloscuesta/gitmoji
tchigher,carloscuesta/gitmoji
erdii,carloscuesta/gitmoji
pranavlathigara,carloscuesta/gitmoji
brenopolanski,carloscuesta/gitmoji
royswale,carloscuesta/gitmoji
cometkim,carloscuesta/gitmoji
chitacan,carloscuesta/gitmoji
jfexyz,carloscuesta/gitmoji
ik5,carloscuesta/gitmoji
juandc,carloscuesta/gitmoji
i0Ek3,carloscuesta/gitmoji
asaaki,carloscuesta/gitmoji
quantumpacket,carloscuesta/gitmoji
wdv4758h,carloscuesta/gitmoji
jefftriplett,carloscuesta/gitmoji
tedmiston,carloscuesta/gitmoji
vintagesucks,carloscuesta/gitmoji
iCHAIT,carloscuesta/gitmoji
michaelmior,carloscuesta/gitmoji
smorimoto,carloscuesta/gitmoji
johackim,carloscuesta/gitmoji
lanastasov,carloscuesta/gitmoji
0w3,carloscuesta/gitmoji
speckz,carloscuesta/gitmoji
quobit,carloscuesta/gitmoji
catplanet007,carloscuesta/gitmoji
program247365,carloscuesta/gitmoji
antick,carloscuesta/gitmoji
xeoneux,carloscuesta/gitmoji
scalp42,carloscuesta/gitmoji
savage69kr,carloscuesta/gitmoji
hub33k,carloscuesta/gitmoji
sunlei,carloscuesta/gitmoji
Solertis,carloscuesta/gitmoji
dufferzafar,carloscuesta/gitmoji
hydrosquall,carloscuesta/gitmoji
zackmore,carloscuesta/gitmoji
pedoc,carloscuesta/gitmoji
klihelp,carloscuesta/gitmoji
KvaroverHeaven,carloscuesta/gitmoji
nicholasadamou,carloscuesta/gitmoji
Jermic,carloscuesta/gitmoji
krthr,carloscuesta/gitmoji
RinatValiullov,carloscuesta/gitmoji
vulcangz,carloscuesta/gitmoji
SebastianElvis,carloscuesta/gitmoji
pvergain,carloscuesta/gitmoji
jesusgoku,carloscuesta/gitmoji
johnyxu,carloscuesta/gitmoji
nelix,carloscuesta/gitmoji
sachaarbonel,carloscuesta/gitmoji
aashutoshrathi,carloscuesta/gitmoji
make-github-pseudonymous-again,carloscuesta/gitmoji
bntzio,carloscuesta/gitmoji
namuit,carloscuesta/gitmoji
jedsada-gh,carloscuesta/gitmoji
py7hon,carloscuesta/gitmoji
jonasermert,adrianhajdin/projects_realestate
YulioV,adrianhajdin/projects_realestate
Abhimishra2424,adrianhajdin/projects_realestate
CharlesCreativeContent,adrianhajdin/projects_realestate
NitinChakraborty2001,adrianhajdin/projects_realestate
ANTON-IVANOVICH,adrianhajdin/projects_realestate
ubongndoh,adrianhajdin/projects_realestate
ImaniAN,adrianhajdin/projects_realestate
esneko,adrianhajdin/projects_realestate
GeovaRS,adrianhajdin/projects_realestate
MaxCodeXTC,adrianhajdin/projects_realestate
joxtheman,adrianhajdin/projects_realestate
justacoolkid,adrianhajdin/projects_realestate
Sandrex233,adrianhajdin/projects_realestate
RasulSonmez,adrianhajdin/projects_realestate
johnyxu,adrianhajdin/projects_realestate
co-bby,adrianhajdin/projects_realestate
EronMahmuti,adrianhajdin/projects_realestate
Swifilaboroka,adrianhajdin/projects_realestate
hamdanhussein,adrianhajdin/projects_realestate
baronrustamov,adrianhajdin/projects_realestate
shaheen7a,adrianhajdin/projects_realestate
SUVENDU-CHHATOI,adrianhajdin/projects_realestate
paulgrunt,adrianhajdin/projects_realestate
jem98devs,adrianhajdin/projects_realestate
Amadeo-Frontend,adrianhajdin/projects_realestate
dezobq,adrianhajdin/projects_realestate
AmirWorkplace,adrianhajdin/projects_realestate
N0t-Sur3,adrianhajdin/projects_realestate
Vincent-coder-sang,adrianhajdin/projects_realestate
firdausakbarr,adrianhajdin/projects_realestate
erikunha,adrianhajdin/projects_realestate
Nullcano,adrianhajdin/projects_realestate
hackerbotsupreme,adrianhajdin/projects_realestate
MikeGolden,adrianhajdin/projects_realestate
dipayan-code97,adrianhajdin/projects_realestate
thannhf,adrianhajdin/projects_realestate
hwen020,adrianhajdin/projects_realestate
CodebyCyrus,adrianhajdin/projects_realestate
mvandermeulen,adrianhajdin/projects_realestate
Adlinke,adrianhajdin/projects_realestate
pemawangchuk2023,adrianhajdin/projects_realestate
rr3s1,adrianhajdin/projects_realestate
sayyidisal,adrianhajdin/projects_realestate
raviShankarpisini,adrianhajdin/projects_realestate
San0740396762,adrianhajdin/projects_realestate
haraball,shreyashankar/gpt3-sandbox
gmittal,shreyashankar/gpt3-sandbox
fly51fly,shreyashankar/gpt3-sandbox
tadev,shreyashankar/gpt3-sandbox
deep-programmer,shreyashankar/gpt3-sandbox
hawkup,shreyashankar/gpt3-sandbox
oudommeas,shreyashankar/gpt3-sandbox
dec0dOS,shreyashankar/gpt3-sandbox
alexrigler,shreyashankar/gpt3-sandbox
reedhhw,shreyashankar/gpt3-sandbox
filipeoliveiraa,shreyashankar/gpt3-sandbox
plamengj,shreyashankar/gpt3-sandbox
sonnylazuardi,shreyashankar/gpt3-sandbox
ik5,shreyashankar/gpt3-sandbox
nabiuddin6,shreyashankar/gpt3-sandbox
neibla,shreyashankar/gpt3-sandbox
PSJoshi,shreyashankar/gpt3-sandbox
bhakthan,shreyashankar/gpt3-sandbox
MOZGIII,shreyashankar/gpt3-sandbox
renruyi,shreyashankar/gpt3-sandbox
flrngel,shreyashankar/gpt3-sandbox
veris-pr,shreyashankar/gpt3-sandbox
andantonyan,shreyashankar/gpt3-sandbox
sachaarbonel,shreyashankar/gpt3-sandbox
Suburbanno,shreyashankar/gpt3-sandbox
shunkakinoki,shreyashankar/gpt3-sandbox
chenruibin,shreyashankar/gpt3-sandbox
ghosthamlet,shreyashankar/gpt3-sandbox
quentinfayet,shreyashankar/gpt3-sandbox
sephsa,shreyashankar/gpt3-sandbox
ur5us,shreyashankar/gpt3-sandbox
mikesprague,shreyashankar/gpt3-sandbox
tchigher,shreyashankar/gpt3-sandbox
manikantag,shreyashankar/gpt3-sandbox
amilajack,shreyashankar/gpt3-sandbox
neosarchizo,shreyashankar/gpt3-sandbox
bntzio,shreyashankar/gpt3-sandbox
Doppp,shreyashankar/gpt3-sandbox
vigneshv92,shreyashankar/gpt3-sandbox
cybernetics,shreyashankar/gpt3-sandbox
apheon-terra,shreyashankar/gpt3-sandbox
patrick91,shreyashankar/gpt3-sandbox
pillowsoft,shreyashankar/gpt3-sandbox
dclambert,shreyashankar/gpt3-sandbox
yyolk,shreyashankar/gpt3-sandbox
llazzaro,shreyashankar/gpt3-sandbox
HinVec,shreyashankar/gpt3-sandbox
Pishtiko,shreyashankar/gpt3-sandbox
savage69kr,shreyashankar/gpt3-sandbox
RickWong,shreyashankar/gpt3-sandbox
yvan-sraka,shreyashankar/gpt3-sandbox
tkersey,shreyashankar/gpt3-sandbox
johnowennixon,shreyashankar/gpt3-sandbox
jefftriplett,shreyashankar/gpt3-sandbox
tracure1337,shreyashankar/gpt3-sandbox
garimasingh128,shreyashankar/gpt3-sandbox
gaybro8777,shreyashankar/gpt3-sandbox
hamannju,shreyashankar/gpt3-sandbox
umaar,shreyashankar/gpt3-sandbox
folasm87,shreyashankar/gpt3-sandbox
itsnotvalid,shreyashankar/gpt3-sandbox
mariamimmh,shreyashankar/gpt3-sandbox
dendisuhubdy,shreyashankar/gpt3-sandbox
SantoshSrinivas79,shreyashankar/gpt3-sandbox
jubbon,shreyashankar/gpt3-sandbox
fieu,shreyashankar/gpt3-sandbox
cr7yash,shreyashankar/gpt3-sandbox
Lencof,shreyashankar/gpt3-sandbox
leongkui,shreyashankar/gpt3-sandbox
jon-chun,shreyashankar/gpt3-sandbox
deadcoder0904,shreyashankar/gpt3-sandbox
lifa123,shreyashankar/gpt3-sandbox
p-raj,shreyashankar/gpt3-sandbox
yasinatesim,shreyashankar/gpt3-sandbox
catplanet007,shreyashankar/gpt3-sandbox
anurag01a,shreyashankar/gpt3-sandbox
gosoxharp,shreyashankar/gpt3-sandbox
ImaniAN,shreyashankar/gpt3-sandbox
Bvaudin,shreyashankar/gpt3-sandbox
KNipunDananjaya,shreyashankar/gpt3-sandbox
ravirathore,shreyashankar/gpt3-sandbox
meafs,shreyashankar/gpt3-sandbox
stjordanis,shreyashankar/gpt3-sandbox
ArunkumarRamanan,shreyashankar/gpt3-sandbox
turdfire,shreyashankar/gpt3-sandbox
trinhminhtriet,shreyashankar/gpt3-sandbox
dkapt,shreyashankar/gpt3-sandbox
mrluanma,jgthms/bulma-start
cwonrails,jgthms/bulma-start
maxrugen,jgthms/bulma-start
vintagesucks,jgthms/bulma-start
oanhnn,jgthms/bulma-start
sam-splat,jgthms/bulma-start
tunnckoCore,jgthms/bulma-start
mofelee,jgthms/bulma-start
TheMushrr00m,jgthms/bulma-start
ThomasErhel,jgthms/bulma-start
johndavemanuel,jgthms/bulma-start
yonycalsin,jgthms/bulma-start
mvandermeulen,jgthms/bulma-start
turdfire,jgthms/bulma-start
Eikonsphere,jgthms/bulma-start
trietptm,defuse/flush-reload-attacks
M1suzu,defuse/flush-reload-attacks
sponnusa,defuse/flush-reload-attacks
halsten,defuse/flush-reload-attacks
picatz,defuse/flush-reload-attacks
shanefontaine,defuse/flush-reload-attacks
limkokhole,defuse/flush-reload-attacks
lifa123,defuse/flush-reload-attacks
byteshiva,defuse/flush-reload-attacks
dkapt,defuse/flush-reload-attacks
trinhminhtriet,defuse/flush-reload-attacks
forestfoxx,defuse/flush-reload-attacks
timelyportfolio,Tyriar/abbr-fill.js
yonycalsin,iamshaunjp/firegram
herberthk,iamshaunjp/firegram
ahronlu,iamshaunjp/firegram
AppServiceProvider,iamshaunjp/firegram
MaxCodeXTC,iamshaunjp/firegram
NitinChakraborty2001,iamshaunjp/firegram
cr7yash,iamshaunjp/firegram
yasinatesim,iamshaunjp/firegram
senchabot-github,iamshaunjp/firegram
iRaul,iamshaunjp/firegram
Wallace121980,iamshaunjp/firegram
AbhiImReal403,iamshaunjp/firegram
ianlaporte,iamshaunjp/firegram
MrBlackBeeOsn,iamshaunjp/firegram
Good4lien,yessine-agrebi/Dev-Blog
Vishal-Isharani,RioChndr/jaksel-language
TenviLi,RioChndr/jaksel-language
ravirathore,RioChndr/jaksel-language
mhaidarhanif,RioChndr/jaksel-language
Suburbanno,RioChndr/jaksel-language
sonnylazuardi,RioChndr/jaksel-language
Good4lien,rogeriopvl/downstagram
Ramyromel,ethereum/clrfund
speckz,antonmedv/countdown
LuaxY,antonmedv/countdown
ur5us,antonmedv/countdown
mrluanma,antonmedv/countdown
layzhi,antonmedv/countdown
theodesp,antonmedv/countdown
macint0sh,antonmedv/countdown
flrngel,antonmedv/countdown
kevinsegal,antonmedv/countdown
xuanhan863,antonmedv/countdown
vrachieru,antonmedv/countdown
misterT2525,antonmedv/countdown
owen800q,antonmedv/countdown
ik5,antonmedv/countdown
montanaflynn,antonmedv/countdown
old101,antonmedv/countdown
v9n,antonmedv/countdown
fly51fly,antonmedv/countdown
lmatt-bit,antonmedv/countdown
YerkoPalma,antonmedv/countdown
mikesprague,antonmedv/countdown
indistinctTalk,antonmedv/countdown
cooka,antonmedv/countdown
denisse-dev,antonmedv/countdown
stefanvanburen,antonmedv/countdown
nfultz,antonmedv/countdown
wenzhihong2003,antonmedv/countdown
thanhtoan1196,antonmedv/countdown
conail,antonmedv/countdown
ff6347,antonmedv/countdown
program247365,antonmedv/countdown
codyphobe,antonmedv/countdown
Doppp,antonmedv/countdown
muniz95,antonmedv/countdown
MOZGIII,antonmedv/countdown
Joe-oss9527,antonmedv/countdown
iTonyYo,antonmedv/countdown
dimlev,antonmedv/countdown
MaxfieldLewin,antonmedv/countdown
vulcangz,antonmedv/countdown
jihchi,antonmedv/countdown
johackim,antonmedv/countdown
tg-z,antonmedv/countdown
msenturk,antonmedv/countdown
kwilczynski,antonmedv/countdown
aashutoshrathi,antonmedv/countdown
AppServiceProvider,antonmedv/countdown
mskian,antonmedv/countdown
saadazghour,antonmedv/countdown
derhuerst,antonmedv/countdown
fieu,antonmedv/countdown
lanastasov,antonmedv/countdown
ellisonleao,antonmedv/countdown
leongkui,antonmedv/countdown
shunkakinoki,antonmedv/countdown
hercules261188,antonmedv/countdown
nir-zilberman,antonmedv/countdown
IvonaldoAmaral,antonmedv/countdown
TheLastZombie,antonmedv/countdown
AzureCloudMonk,antonmedv/countdown
scalp42,antonmedv/countdown
nikolay,antonmedv/countdown
jbenner-radham,antonmedv/countdown
tddschn,antonmedv/countdown
TenviLi,antonmedv/countdown
canering,antonmedv/countdown
yasenn,antonmedv/countdown
mattbis,antonmedv/countdown
duksosleepy,antonmedv/countdown
Neo42,antonmedv/countdown
rafi,antonmedv/countdown
hyperupcall,antonmedv/countdown
Matt-Deacalion,antonmedv/countdown
khanhicetea,antonmedv/finder
anatolinicolae,antonmedv/finder
erdii,antonmedv/finder
andreipopovici,antonmedv/finder
Suburbanno,antonmedv/finder
nikolay,antonmedv/finder
takuan-osho,antonmedv/finder
jbenner-radham,antonmedv/finder
denji,antonmedv/finder
montanaflynn,antonmedv/finder
lanqy,antonmedv/finder
jumbojett,antonmedv/finder
priyadhoundiyal,antonmedv/finder
darvid,antonmedv/finder
floydwch,antonmedv/finder
fly51fly,antonmedv/finder
adnils,antonmedv/finder
StarZ3r0,antonmedv/finder
julianxhokaxhiu,antonmedv/finder
rtdaly,antonmedv/finder
imsky,antonmedv/finder
klihelp,antonmedv/finder
yasenn,antonmedv/finder
WeiChiaChang,antonmedv/finder
gauravssnl,antonmedv/finder
thanhtoan1196,antonmedv/finder
fannheyward,antonmedv/finder
vintagesucks,antonmedv/finder
ai-ml-architect,antonmedv/finder
sonnylazuardi,antonmedv/finder
entrptaher,antonmedv/finder
haroldo-ok,antonmedv/finder
max-hk,antonmedv/finder
fengzilong,antonmedv/finder
cybernetics,antonmedv/finder
doc22940,antonmedv/finder
tg-z,antonmedv/finder
AppServiceProvider,antonmedv/finder
harrygallagher4,antonmedv/finder
NetOpWibby,antonmedv/finder
vitaly-z,antonmedv/finder
codyphobe,antonmedv/finder
ryoikarashi,antonmedv/finder
lanastasov,antonmedv/finder
sagar-pardhi,antonmedv/finder
jimbrig,antonmedv/finder
JeffCarpenter,antonmedv/finder
frankfanslc,antonmedv/finder
Pierrot-l3-F0U,antonmedv/finder
nikivdev,antonmedv/finder
sergkop,antonmedv/finder
dcgithub,antonmedv/finder
iRaul,antonmedv/finder
Doppp,antonmedv/finder
v9n,antonmedv/finder
azu,antonmedv/finder
Layzie,antonmedv/finder
jiangplus,antonmedv/finder
hartca,antonmedv/finder
antick,antonmedv/finder
py7hon,antonmedv/finder
christianboyle,antonmedv/finder
Neo42,antonmedv/finder
dec0dOS,antonmedv/finder
michaelchiche,antonmedv/finder
Sandalots,antonmedv/finder
vulcangz,antonmedv/finder
Matt-Deacalion,antonmedv/finder
turdfire,antonmedv/finder
pachacamac,antonmedv/finder
AlexxNica,antonmedv/finder
hub33k,LiveOverflow/minecraft-hacked
nikivdev,LiveOverflow/minecraft-hacked
ayush15k1994,LiveOverflow/minecraft-hacked
spiri-leo,LiveOverflow/minecraft-hacked
cvic,LiveOverflow/minecraft-hacked
fly51fly,LiveOverflow/minecraft-hacked
Siss3l,LiveOverflow/minecraft-hacked
vyorkin,LiveOverflow/minecraft-hacked
harrygallagher4,LiveOverflow/minecraft-hacked
x0nu11byt3,LiveOverflow/minecraft-hacked
ebigram,kdeldycke/chessboard
0xfeeddeadbeef,xoreaxeaxeax/rosenbridge
JesseTG,xoreaxeaxeax/rosenbridge
lightoyou,xoreaxeaxeax/rosenbridge
valpackett,xoreaxeaxeax/rosenbridge
markemer,xoreaxeaxeax/rosenbridge
0xcpu,xoreaxeaxeax/rosenbridge
nezlooy,xoreaxeaxeax/rosenbridge
janroudaut,xoreaxeaxeax/rosenbridge
colejhudson,xoreaxeaxeax/rosenbridge
M1suzu,xoreaxeaxeax/rosenbridge
puppycodes,xoreaxeaxeax/rosenbridge
ducktype,xoreaxeaxeax/rosenbridge
famasoon,xoreaxeaxeax/rosenbridge
cieplak,xoreaxeaxeax/rosenbridge
hartca,xoreaxeaxeax/rosenbridge
ghosthamlet,xoreaxeaxeax/rosenbridge
Doppp,xoreaxeaxeax/rosenbridge
daedalus,xoreaxeaxeax/rosenbridge
joedf,xoreaxeaxeax/rosenbridge
BxC1sF1E,xoreaxeaxeax/rosenbridge
ShawnAlexander,xoreaxeaxeax/rosenbridge
denisse-dev,xoreaxeaxeax/rosenbridge
5y5tem5,xoreaxeaxeax/rosenbridge
picatz,xoreaxeaxeax/rosenbridge
cometkim,xoreaxeaxeax/rosenbridge
quantumpacket,xoreaxeaxeax/rosenbridge
falkirks,xoreaxeaxeax/rosenbridge
trietptm,xoreaxeaxeax/rosenbridge
ifvictr,xoreaxeaxeax/rosenbridge
denji,xoreaxeaxeax/rosenbridge
ducphanduyagentp,xoreaxeaxeax/rosenbridge
rbnx,xoreaxeaxeax/rosenbridge
erdii,xoreaxeaxeax/rosenbridge
NiksonX,xoreaxeaxeax/rosenbridge
halfx,xoreaxeaxeax/rosenbridge
achermannagement,xoreaxeaxeax/rosenbridge
artob,xoreaxeaxeax/rosenbridge
agnosticlines,xoreaxeaxeax/rosenbridge
ccl0326,xoreaxeaxeax/rosenbridge
geduardcatalindev,xoreaxeaxeax/rosenbridge
selftaught,xoreaxeaxeax/rosenbridge
moon2l,xoreaxeaxeax/rosenbridge
theodesp,xoreaxeaxeax/rosenbridge
dec0dOS,xoreaxeaxeax/rosenbridge
jiangplus,xoreaxeaxeax/rosenbridge
own2pwn,xoreaxeaxeax/rosenbridge
secondwtq,xoreaxeaxeax/rosenbridge
itsnotvalid,xoreaxeaxeax/rosenbridge
tuxcanfly,xoreaxeaxeax/rosenbridge
fly51fly,xoreaxeaxeax/rosenbridge
tututu-patch,xoreaxeaxeax/rosenbridge
mattbis,xoreaxeaxeax/rosenbridge
cvic,xoreaxeaxeax/rosenbridge
sg-s,xoreaxeaxeax/rosenbridge
Chan9390,xoreaxeaxeax/rosenbridge
jrodrigomg,xoreaxeaxeax/rosenbridge
opragel,xoreaxeaxeax/rosenbridge
fijimunkii,xoreaxeaxeax/rosenbridge
jgmize,xoreaxeaxeax/rosenbridge
kyrre,xoreaxeaxeax/rosenbridge
unixfox,xoreaxeaxeax/rosenbridge
ShikChen,xoreaxeaxeax/rosenbridge
jessb321,xoreaxeaxeax/rosenbridge
dendisuhubdy,xoreaxeaxeax/rosenbridge
eueung,xoreaxeaxeax/rosenbridge
filipeoliveiraa,xoreaxeaxeax/rosenbridge
xrmr,xoreaxeaxeax/rosenbridge
crazyguitar,xoreaxeaxeax/rosenbridge
CloudBranch,xoreaxeaxeax/rosenbridge
gaoypChina,xoreaxeaxeax/rosenbridge
yeshuibo,xoreaxeaxeax/rosenbridge
dufferzafar,xoreaxeaxeax/rosenbridge
wigust,xoreaxeaxeax/rosenbridge
orakle,xoreaxeaxeax/rosenbridge
old101,xoreaxeaxeax/rosenbridge
zbeekman,xoreaxeaxeax/rosenbridge
EtherTyper,xoreaxeaxeax/rosenbridge
notyal,xoreaxeaxeax/rosenbridge
tchigher,xoreaxeaxeax/rosenbridge
tadev,xoreaxeaxeax/rosenbridge
kevinsegal,xoreaxeaxeax/rosenbridge
andantonyan,xoreaxeaxeax/rosenbridge
make-github-pseudonymous-again,xoreaxeaxeax/rosenbridge
guerreiro,xoreaxeaxeax/rosenbridge
neosarchizo,xoreaxeaxeax/rosenbridge
scalp42,xoreaxeaxeax/rosenbridge
sriharshakappala,xoreaxeaxeax/rosenbridge
xeoneux,xoreaxeaxeax/rosenbridge
ik5,xoreaxeaxeax/rosenbridge
julianxhokaxhiu,xoreaxeaxeax/rosenbridge
sergkop,xoreaxeaxeax/rosenbridge
d-led,xoreaxeaxeax/rosenbridge
weimingtom,xoreaxeaxeax/rosenbridge
hapr05,xoreaxeaxeax/rosenbridge
BenjiTrapp,xoreaxeaxeax/rosenbridge
rmetzler,xoreaxeaxeax/rosenbridge
roycewilliams,xoreaxeaxeax/rosenbridge
decimalbell,xoreaxeaxeax/rosenbridge
0w3,xoreaxeaxeax/rosenbridge
imikay,xoreaxeaxeax/rosenbridge
dimon222,xoreaxeaxeax/rosenbridge
flrngel,xoreaxeaxeax/rosenbridge
jmcph4,xoreaxeaxeax/rosenbridge
Nangal,xoreaxeaxeax/rosenbridge
zpaav,xoreaxeaxeax/rosenbridge
MOZGIII,xoreaxeaxeax/rosenbridge
modulexcite,xoreaxeaxeax/rosenbridge
samyk,xoreaxeaxeax/rosenbridge
jivoi,xoreaxeaxeax/rosenbridge
dladuke,xoreaxeaxeax/rosenbridge
aburan28,xoreaxeaxeax/rosenbridge
sunlei,xoreaxeaxeax/rosenbridge
mikalv,xoreaxeaxeax/rosenbridge
MSylvia,xoreaxeaxeax/rosenbridge
marctmiller,xoreaxeaxeax/rosenbridge
he0x,xoreaxeaxeax/rosenbridge
JoseCage,xoreaxeaxeax/rosenbridge
nbosa,xoreaxeaxeax/rosenbridge
ymn1k,xoreaxeaxeax/rosenbridge
Quexint,xoreaxeaxeax/rosenbridge
triplekill,xoreaxeaxeax/rosenbridge
onlurking,xoreaxeaxeax/rosenbridge
Stankye,xoreaxeaxeax/rosenbridge
nickolasburr,xoreaxeaxeax/rosenbridge
datasatori,xoreaxeaxeax/rosenbridge
jmingov,xoreaxeaxeax/rosenbridge
sponnusa,xoreaxeaxeax/rosenbridge
axifive,xoreaxeaxeax/rosenbridge
nikivdev,xoreaxeaxeax/rosenbridge
halsten,xoreaxeaxeax/rosenbridge
py7hon,xoreaxeaxeax/rosenbridge
karaninder,xoreaxeaxeax/rosenbridge
wjybluse,xoreaxeaxeax/rosenbridge
pedoc,xoreaxeaxeax/rosenbridge
PeterVatistas,xoreaxeaxeax/rosenbridge
KvaroverHeaven,xoreaxeaxeax/rosenbridge
studiovc,xoreaxeaxeax/rosenbridge
jevinskie,xoreaxeaxeax/rosenbridge
KEVINYZY,xoreaxeaxeax/rosenbridge
vulcangz,xoreaxeaxeax/rosenbridge
smorimoto,xoreaxeaxeax/rosenbridge
galaris,xoreaxeaxeax/rosenbridge
lifa123,xoreaxeaxeax/rosenbridge
gvvynplaine,xoreaxeaxeax/rosenbridge
jaffreyjoy,xoreaxeaxeax/rosenbridge
d3v3l0,xoreaxeaxeax/rosenbridge
jamiedevsandbox,xoreaxeaxeax/rosenbridge
hyperupcall,xoreaxeaxeax/rosenbridge
FDlucifer,xoreaxeaxeax/rosenbridge
omasanori,xoreaxeaxeax/rosenbridge
HinVec,xoreaxeaxeax/rosenbridge
KNipunDananjaya,xoreaxeaxeax/rosenbridge
00mjk,xoreaxeaxeax/rosenbridge
Murplugg,xoreaxeaxeax/rosenbridge
spiri-leo,xoreaxeaxeax/rosenbridge
gauravssnl,xoreaxeaxeax/rosenbridge
RustyCobalt36,xoreaxeaxeax/rosenbridge
forestfoxx,xoreaxeaxeax/rosenbridge
dkapt,xoreaxeaxeax/rosenbridge
jishanshaikh4,jishanshaikh4/assignments
retrde,jishanshaikh4/assignments
pr0733k,jishanshaikh4/assignments
jishanshaikh-gep,jishanshaikh4/assignments
JaeQueCoder,jishanshaikh4/assignments
langmr0,jishanshaikh4/assignments
8bitmamba,jishanshaikh4/assignments
sunitawill,jishanshaikh4/assignments
ekanshdixit,jishanshaikh4/assignments
1ndradhanush,jishanshaikh4/assignments
sutaTyagi,jishanshaikh4/assignments
teharsingh,jishanshaikh4/assignments
Butters3388214,jishanshaikh4/assignments
MihalczGabor,jishanshaikh4/assignments
nickolasburr,torvalds/uemacs
imsky,torvalds/uemacs
arpit1997,torvalds/uemacs
jimmyrcom,torvalds/uemacs
Jackneill,torvalds/uemacs
ellisonleao,torvalds/uemacs
tchigher,torvalds/uemacs
hub33k,torvalds/uemacs
sourcepirate,torvalds/uemacs
limkokhole,torvalds/uemacs
sirgatez,torvalds/uemacs
ccl0326,torvalds/uemacs
Antonito,torvalds/uemacs
ghosthamlet,torvalds/uemacs
denisse-dev,torvalds/uemacs
axifive,torvalds/uemacs
naltun,torvalds/uemacs
sguzman,torvalds/uemacs
mrluanma,torvalds/uemacs
jstoobz,torvalds/uemacs
antogerva,torvalds/uemacs
yonycalsin,torvalds/uemacs
Sliim,torvalds/uemacs
smorimoto,torvalds/uemacs
dendisuhubdy,torvalds/uemacs
ik5,torvalds/uemacs
00mjk,torvalds/uemacs
sahwar,torvalds/uemacs
Lencof,torvalds/uemacs
sshyran,torvalds/uemacs
KaiDevrim,torvalds/uemacs
joseluisq,torvalds/uemacs
jamiedevsandbox,torvalds/uemacs
yasinatesim,torvalds/uemacs
thisiskeanyvy,torvalds/uemacs
SelimHorri,torvalds/uemacs
stefan02brunner,torvalds/uemacs
youngchief-btw,torvalds/uemacs
Los-had,torvalds/uemacs
sreelakshmig009,torvalds/uemacs
CharlesCreativeContent,torvalds/uemacs
senchabot-github,torvalds/uemacs
frankfanslc,torvalds/uemacs
Mithileshraj123,torvalds/uemacs
0l1v3rr,torvalds/uemacs
ImaniAN,torvalds/uemacs
omasanori,torvalds/uemacs
MilleniumSpark,torvalds/uemacs
MrBennySolomon,torvalds/uemacs
Sandalots,torvalds/uemacs
savage69kr,torvalds/uemacs
DPS0340,torvalds/uemacs
spiri-leo,torvalds/uemacs
CreatorMetaSky,torvalds/uemacs
pcaversaccio,torvalds/uemacs
KevenBelanger,torvalds/uemacs
giovannism20,torvalds/uemacs
ZigaoWang,torvalds/uemacs
x0nu11byt3,torvalds/uemacs
forestfoxx,torvalds/uemacs
RustyCobalt36,torvalds/uemacs
3m4r5,torvalds/uemacs
Siss3l,torvalds/uemacs
Cre4T3Tiv3,torvalds/uemacs
Ayokanmi-Adejola,torvalds/uemacs
yonycalsin,anuraghazra/anuraghazra.github.io
sayyidisal,anuraghazra/anuraghazra.github.io
garimasingh128,anuraghazra/anuraghazra.github.io
MtDeity,anuraghazra/anuraghazra.github.io
make-github-pseudonymous-again,anuraghazra/anuraghazra.github.io
doc22940,anuraghazra/anuraghazra.github.io
tuanductran,anuraghazra/anuraghazra.github.io
AppServiceProvider,anuraghazra/anuraghazra.github.io
thisiskeanyvy,anuraghazra/anuraghazra.github.io
hercules261188,anuraghazra/anuraghazra.github.io
Uvacoder,anuraghazra/anuraghazra.github.io
NitinChakraborty2001,anuraghazra/anuraghazra.github.io
xchanmolx,anuraghazra/anuraghazra.github.io
anurag01a,anuraghazra/anuraghazra.github.io
DPS0340,anuraghazra/anuraghazra.github.io
Good4lien,anuraghazra/anuraghazra.github.io
Nullcano,anuraghazra/anuraghazra.github.io
araguaci,anuraghazra/anuraghazra.github.io
TenviLi,anuraghazra/anuraghazra.github.io
Good4lien,avikalpg/IndianVotingAssistant
ccl0326,google/acai
sirgatez,google/acai
MihalczGabor,google/acai
ttatanepvp123,google/acai
KaiDevrim,google/acai
thisiskeanyvy,google/acai
itsimpeccable,google/acai
tuyucheng7,google/acai
Adlinke,google/acai
ttatanepvp123,google/abstracttext
jimmyrcom,google/abstracttext
DylanKojiCheslin,google/abstracttext
fly51fly,google/abstracttext
KaiDevrim,google/abstracttext
thisiskeanyvy,google/abstracttext
itsimpeccable,google/abstracttext
ZigaoWang,google/abstracttext
sebinsua,feross/bitmidi.com
haroldo-ok,feross/bitmidi.com
cookavich,feross/bitmidi.com
tunnckoCore,feross/bitmidi.com
YerkoPalma,feross/bitmidi.com
muniz95,feross/bitmidi.com
vintagesucks,feross/bitmidi.com
program247365,feross/bitmidi.com
denji,feross/bitmidi.com
wpank,feross/bitmidi.com
feross,feross/bitmidi.com
NiksonX,feross/bitmidi.com
speckz,feross/bitmidi.com
aviaryan,feross/bitmidi.com
cometkim,feross/bitmidi.com
ur5us,feross/bitmidi.com
derhuerst,feross/bitmidi.com
JohnClema,feross/bitmidi.com
royswale,feross/bitmidi.com
jaffreyjoy,feross/bitmidi.com
chitacan,feross/bitmidi.com
matagus,feross/bitmidi.com
mph-code,feross/bitmidi.com
tg-z,feross/bitmidi.com
a1300,feross/bitmidi.com
dcgithub,feross/bitmidi.com
Doppp,feross/bitmidi.com
DanielPetelin,feross/bitmidi.com
byteshiva,feross/bitmidi.com
fly51fly,feross/bitmidi.com
mattbis,feross/bitmidi.com
wjnbreu,feross/bitmidi.com
mhaidarhanif,feross/bitmidi.com
SantoshSrinivas79,feross/bitmidi.com
fieu,feross/bitmidi.com
TheLastZombie,feross/bitmidi.com
jamiedevsandbox,feross/bitmidi.com
cr7yash,feross/bitmidi.com
00mjk,feross/bitmidi.com
AppServiceProvider,feross/bitmidi.com
mskian,feross/bitmidi.com
Mithileshraj123,feross/bitmidi.com
jits,feross/bitmidi.com
liudonghua123,feross/bitmidi.com
youngchief-btw,feross/bitmidi.com
flumpus-dev,feross/bitmidi.com
kevinsegal,feross/bitmidi.com
hyperupcall,feross/bitmidi.com
TenviLi,feross/bitmidi.com
cmdplusr,feross/bitmidi.com
the-cc-dev,feross/bitmidi.com
sirgatez,google/account-provisioning-for-google-apps
MihalczGabor,google/account-provisioning-for-google-apps
ttatanepvp123,google/account-provisioning-for-google-apps
KaiDevrim,google/account-provisioning-for-google-apps
thisiskeanyvy,google/account-provisioning-for-google-apps
itsimpeccable,google/account-provisioning-for-google-apps
ZigaoWang,google/account-provisioning-for-google-apps
max-hk,smaranjitghose/auto_vaidya
Good4lien,nerdynikhil/bloggy
gaoypChina,nerdynikhil/bloggy
Sandalots,Clueless-Community/clueless-official-website
brunowego,Clueless-Community/clueless-official-website
pcaversaccio,ralexstokes/beacon-api-client
gakonst,ralexstokes/beacon-api-client
sambacha,ralexstokes/beacon-api-client
tuxcanfly,ralexstokes/beacon-api-client
pynchmeister,ralexstokes/beacon-api-client
shunkakinoki,ralexstokes/beacon-api-client
Sandalots,ralexstokes/beacon-api-client
LuozhuZhang,ralexstokes/beacon-api-client
sam-splat,brettkromkamp/topic-db
darvid,brettkromkamp/topic-db
roscopecoltran,brettkromkamp/topic-db
rtcoms,brettkromkamp/topic-db
nikivdev,brettkromkamp/topic-db
mbrukman,brettkromkamp/topic-db
sponnusa,brettkromkamp/topic-db
jits,brettkromkamp/topic-db
sarlalian,brettkromkamp/topic-db
eueung,brettkromkamp/topic-db
levbrie,brettkromkamp/topic-db
cvic,brettkromkamp/topic-db
ik5,brettkromkamp/topic-db
sourcepirate,brettkromkamp/topic-db
herbygillot,brettkromkamp/topic-db
denisfitz57,brettkromkamp/topic-db
wjnbreu,brettkromkamp/topic-db
Shifu-Engineer,brettkromkamp/topic-db
NetOpWibby,brettkromkamp/topic-db
JeffCarpenter,brettkromkamp/topic-db
Murplugg,brettkromkamp/topic-db
tracure1337,brettkromkamp/topic-db
nschlemm,brettkromkamp/topic-db
gosoxharp,brettkromkamp/topic-db
Good4lien,brettkromkamp/topic-db
hyperupcall,brettkromkamp/topic-db
mvandermeulen,brettkromkamp/topic-db
yyle88,brettkromkamp/topic-db
sirgatez,google/Accessibility-Test-Framework-for-Android
sponnusa,google/Accessibility-Test-Framework-for-Android
JonReppDirectOneDesign,google/Accessibility-Test-Framework-for-Android
MihalczGabor,google/Accessibility-Test-Framework-for-Android
ttatanepvp123,google/Accessibility-Test-Framework-for-Android
Qdigital,google/Accessibility-Test-Framework-for-Android
hoangpq,google/Accessibility-Test-Framework-for-Android
KaiDevrim,google/Accessibility-Test-Framework-for-Android
thisiskeanyvy,google/Accessibility-Test-Framework-for-Android
xchanmolx,google/Accessibility-Test-Framework-for-Android
itsimpeccable,google/Accessibility-Test-Framework-for-Android
tuyucheng7,google/Accessibility-Test-Framework-for-Android
ZigaoWang,google/Accessibility-Test-Framework-for-Android
yyle88,artkirienko/dotfiles
esneko,benawad/apollo-mocked-provider
sibelius,benawad/apollo-mocked-provider
cometkim,benawad/apollo-mocked-provider
mfaridzia,benawad/apollo-mocked-provider
the-cc-dev,benawad/apollo-mocked-provider
makotot,benawad/apollo-mocked-provider
AppServiceProvider,benawad/apollo-mocked-provider
KaiDevrim,benawad/apollo-mocked-provider
youngchief-btw,benawad/apollo-mocked-provider
gbowne1,benawad/apollo-mocked-provider
turdfire,vikhyatsingh123/SlugTerra
ysnbogt,agamjotsingh18/codesetgo-website
modulexcite,thepranaygupta/Data-Structures-and-Algorithms
anurag01a,thepranaygupta/Data-Structures-and-Algorithms
Mithileshraj123,thepranaygupta/Data-Structures-and-Algorithms
abhijit1990,thepranaygupta/Data-Structures-and-Algorithms
tuyucheng7,thepranaygupta/Data-Structures-and-Algorithms
hub33k,EddieHubCommunity/api
Panquesito7,EddieHubCommunity/api
tomoat,EddieHubCommunity/api
hercules261188,EddieHubCommunity/api
Uvacoder,EddieHubCommunity/api
FahimFBA,EddieHubCommunity/api
00mjk,EddieHubCommunity/api
0A7V9A,EddieHubCommunity/api
kmorrow1,EddieHubCommunity/api
Good4lien,avikalpg/free-time
Abhimishra2424,adrianhajdin/portfolio_website
sephsa,adrianhajdin/portfolio_website
sriharshakappala,adrianhajdin/portfolio_website
plamengj,adrianhajdin/portfolio_website
andantonyan,adrianhajdin/portfolio_website
TenviLi,adrianhajdin/portfolio_website
mehrdad-shokri,adrianhajdin/portfolio_website
max-hk,adrianhajdin/portfolio_website
brunowego,adrianhajdin/portfolio_website
khaled131,adrianhajdin/portfolio_website
lordvins226,adrianhajdin/portfolio_website
shunkakinoki,adrianhajdin/portfolio_website
jessb321,adrianhajdin/portfolio_website
ubongndoh,adrianhajdin/portfolio_website
arafat877,adrianhajdin/portfolio_website
johnyxu,adrianhajdin/portfolio_website
izontm,adrianhajdin/portfolio_website
FahimFBA,adrianhajdin/portfolio_website
araguaci,adrianhajdin/portfolio_website
ANTON-IVANOVICH,adrianhajdin/portfolio_website
ImaniAN,adrianhajdin/portfolio_website
NitinChakraborty2001,adrianhajdin/portfolio_website
Wallace121980,adrianhajdin/portfolio_website
Pierrot-l3-F0U,adrianhajdin/portfolio_website
justacoolkid,adrianhajdin/portfolio_website
joxtheman,adrianhajdin/portfolio_website
RasulSonmez,adrianhajdin/portfolio_website
edwinmasri,adrianhajdin/portfolio_website
MaxCodeXTC,adrianhajdin/portfolio_website
EronMahmuti,adrianhajdin/portfolio_website
mhaidarhanif,adrianhajdin/portfolio_website
MilleniumSpark,adrianhajdin/portfolio_website
tddschn,adrianhajdin/portfolio_website
Swifilaboroka,adrianhajdin/portfolio_website
ravirathore,adrianhajdin/portfolio_website
hamdanhussein,adrianhajdin/portfolio_website
GeovaRS,adrianhajdin/portfolio_website
Vishal-Isharani,adrianhajdin/portfolio_website
jem98devs,adrianhajdin/portfolio_website
SUVENDU-CHHATOI,adrianhajdin/portfolio_website
khantzinthu2k1,adrianhajdin/portfolio_website
baronrustamov,adrianhajdin/portfolio_website
YulioV,adrianhajdin/portfolio_website
shaheen7a,adrianhajdin/portfolio_website
KNipunDananjaya,adrianhajdin/portfolio_website
paulgrunt,adrianhajdin/portfolio_website
Amadeo-Frontend,adrianhajdin/portfolio_website
dezobq,adrianhajdin/portfolio_website
dalakatt,adrianhajdin/portfolio_website
AmirWorkplace,adrianhajdin/portfolio_website
firdausakbarr,adrianhajdin/portfolio_website
N0t-Sur3,adrianhajdin/portfolio_website
Vincent-coder-sang,adrianhajdin/portfolio_website
naveenkumarans,adrianhajdin/portfolio_website
ysnbogt,adrianhajdin/portfolio_website
Nullcano,adrianhajdin/portfolio_website
tuanductran,adrianhajdin/portfolio_website
hackerbotsupreme,adrianhajdin/portfolio_website
pemawangchuk2023,adrianhajdin/portfolio_website
rr3s1,adrianhajdin/portfolio_website
hyperupcall,adrianhajdin/portfolio_website
San0740396762,adrianhajdin/portfolio_website
goshacmd,cheeaun/busrouter-sg
ajmalafif,cheeaun/busrouter-sg
macint0sh,cheeaun/busrouter-sg
jubbon,cheeaun/busrouter-sg
gauravssnl,cheeaun/busrouter-sg
sonnylazuardi,cheeaun/busrouter-sg
thanhtoan1196,cheeaun/busrouter-sg
py7hon,cheeaun/busrouter-sg
vulcangz,cheeaun/busrouter-sg
Doppp,cheeaun/busrouter-sg
CharlesCreativeContent,cheeaun/busrouter-sg
derhuerst,cheeaun/busrouter-sg
Good4lien,cheeaun/busrouter-sg
trietptm,defuse/crackstation
suriyaa,defuse/crackstation
krodyx,defuse/crackstation
sponnusa,defuse/crackstation
opexxx,defuse/crackstation
naltun,defuse/crackstation
dkapt,defuse/crackstation
trinhminhtriet,defuse/crackstation
forestfoxx,defuse/crackstation
jmingov,offensive-security/nethunter-LRT
Sliim,offensive-security/nethunter-LRT
JBTech,offensive-security/nethunter-LRT
theodorosc,offensive-security/nethunter-LRT
NoisyNot,offensive-security/nethunter-LRT
ShawnAlexander,offensive-security/nethunter-LRT
moon2l,offensive-security/nethunter-LRT
Jermic,offensive-security/nethunter-LRT
insanitus,offensive-security/nethunter-LRT
msenturk,offensive-security/nethunter-LRT
fits2010,offensive-security/nethunter-LRT
quantumpacket,offensive-security/nethunter-LRT
discoweasel,offensive-security/nethunter-LRT
modulexcite,offensive-security/nethunter-LRT
HowWeLand,offensive-security/nethunter-LRT
purtyb1tch92,offensive-security/nethunter-LRT
merekemess,offensive-security/nethunter-LRT
Sleek1598,offensive-security/nethunter-LRT
selftaught,offensive-security/nethunter-LRT
morristech,offensive-security/nethunter-LRT
ekovegeance,offensive-security/nethunter-LRT
KvaroverHeaven,offensive-security/nethunter-LRT
kimocoder,offensive-security/nethunter-LRT
ThomasErhel,offensive-security/nethunter-LRT
jstoobz,offensive-security/nethunter-LRT
bkhobbs39,offensive-security/nethunter-LRT
simeononsecurity,offensive-security/nethunter-LRT
FDlucifer,offensive-security/nethunter-LRT
tofuzgz,offensive-security/nethunter-LRT
abedpr,offensive-security/nethunter-LRT
IshwaranRudhara,offensive-security/nethunter-LRT
cannabis09,offensive-security/nethunter-LRT
kozmendo,offensive-security/nethunter-LRT
OrlandoANL,offensive-security/nethunter-LRT
noods78,offensive-security/nethunter-LRT
Eikonsphere,offensive-security/nethunter-LRT
LuisDeSantana,offensive-security/nethunter-LRT
mwarkentin,simonw/airtable-export
stjordanis,simonw/airtable-export
jefftriplett,simonw/airtable-export
fly51fly,simonw/airtable-export
WinstonFassett,simonw/airtable-export
tedmiston,simonw/airtable-export
tuanductran,simonw/airtable-export
entrptaher,simonw/airtable-export
uptonking,simonw/airtable-export
Doppp,simonw/airtable-export
andriyor,simonw/airtable-export
co-bby,adrianhajdin/project_fitness_app
YulioV,adrianhajdin/project_fitness_app
NitinChakraborty2001,adrianhajdin/project_fitness_app
omasanori,adrianhajdin/project_fitness_app
3m4r5,adrianhajdin/project_fitness_app
Abhimishra2424,adrianhajdin/project_fitness_app
CloudBranch,adrianhajdin/project_fitness_app
itsnotvalid,adrianhajdin/project_fitness_app
sephsa,adrianhajdin/project_fitness_app
joxtheman,adrianhajdin/project_fitness_app
tchigher,adrianhajdin/project_fitness_app
justacoolkid,adrianhajdin/project_fitness_app
Sandrex233,adrianhajdin/project_fitness_app
RasulSonmez,adrianhajdin/project_fitness_app
johnyxu,adrianhajdin/project_fitness_app
edwinmasri,adrianhajdin/project_fitness_app
vulcangz,adrianhajdin/project_fitness_app
EronMahmuti,adrianhajdin/project_fitness_app
Swifilaboroka,adrianhajdin/project_fitness_app
hamdanhussein,adrianhajdin/project_fitness_app
BiswajitDtta,adrianhajdin/project_fitness_app
baronrustamov,adrianhajdin/project_fitness_app
shaheen7a,adrianhajdin/project_fitness_app
manthanank,adrianhajdin/project_fitness_app
jem98devs,adrianhajdin/project_fitness_app
Amadeo-Frontend,adrianhajdin/project_fitness_app
dezobq,adrianhajdin/project_fitness_app
dalakatt,adrianhajdin/project_fitness_app
AmirWorkplace,adrianhajdin/project_fitness_app
N0t-Sur3,adrianhajdin/project_fitness_app
Vincent-coder-sang,adrianhajdin/project_fitness_app
paulgrunt,adrianhajdin/project_fitness_app
MrBlackBeeOsn,adrianhajdin/project_fitness_app
naveenkumarans,adrianhajdin/project_fitness_app
hackerbotsupreme,adrianhajdin/project_fitness_app
dipayan-code97,adrianhajdin/project_fitness_app
thannhf,adrianhajdin/project_fitness_app
hwen020,adrianhajdin/project_fitness_app
CodebyCyrus,adrianhajdin/project_fitness_app
abhijit1990,adrianhajdin/project_fitness_app
pemawangchuk2023,adrianhajdin/project_fitness_app
rr3s1,adrianhajdin/project_fitness_app
raviShankarpisini,adrianhajdin/project_fitness_app
San0740396762,adrianhajdin/project_fitness_app
oieduardorabelo,btholt/complete-intro-to-containers
Jolaolu,btholt/complete-intro-to-containers
mfaridzia,btholt/complete-intro-to-containers
karbon0x,btholt/complete-intro-to-containers
da-vaibhav,btholt/complete-intro-to-containers
AnanthaRajuC,btholt/complete-intro-to-containers
nikivdev,btholt/complete-intro-to-containers
thanhtoan1196,btholt/complete-intro-to-containers
clsource,btholt/complete-intro-to-containers
maciej-src,btholt/complete-intro-to-containers
araguaci,btholt/complete-intro-to-containers
mariamimmh,btholt/complete-intro-to-containers
cr7yash,btholt/complete-intro-to-containers
M3Try,btholt/complete-intro-to-containers
Mithileshraj123,btholt/complete-intro-to-containers
Sandrex233,btholt/complete-intro-to-containers
MilleniumSpark,btholt/complete-intro-to-containers
trinhminhtriet,btholt/complete-intro-to-containers
matagus,mitsuhiko/classy
jianyuan,mitsuhiko/classy
feross,mitsuhiko/classy
Doppp,mitsuhiko/classy
michaelhood,mitsuhiko/classy
reduxionist,mitsuhiko/classy
savage69kr,mitsuhiko/classy
tunnckoCore,mitsuhiko/classy
angusshire,mitsuhiko/classy
sshyran,mitsuhiko/classy
sanjaypant99,mitsuhiko/classy
nschlemm,kdeldycke/click-extra
Sandalots,kdeldycke/click-extra
0A7V9A,kdeldycke/click-extra
tuanductran,kdeldycke/click-extra
usmanakram232,kdeldycke/click-extra
darvid,kdeldycke/click-extra
cbyt3,kdeldycke/click-extra
Sliim,offensive-security/kali-cloud-build
ryanbaxendale,offensive-security/kali-cloud-build
filipeoliveiraa,offensive-security/kali-cloud-build
JT5D,offensive-security/kali-cloud-build
madhuakula,offensive-security/kali-cloud-build
fits2010,offensive-security/kali-cloud-build
Ro9ueAdmin,offensive-security/kali-cloud-build
shubhamk06,offensive-security/kali-cloud-build
merekemess,offensive-security/kali-cloud-build
Sleek1598,offensive-security/kali-cloud-build
ekovegeance,offensive-security/kali-cloud-build
KvaroverHeaven,offensive-security/kali-cloud-build
kimocoder,offensive-security/kali-cloud-build
ThomasErhel,offensive-security/kali-cloud-build
tofuzgz,offensive-security/kali-cloud-build
abedpr,offensive-security/kali-cloud-build
IshwaranRudhara,offensive-security/kali-cloud-build
cannabis09,offensive-security/kali-cloud-build
kozmendo,offensive-security/kali-cloud-build
OrlandoANL,offensive-security/kali-cloud-build
noods78,offensive-security/kali-cloud-build
Eikonsphere,offensive-security/kali-cloud-build
LuisDeSantana,offensive-security/kali-cloud-build
trietptm,kdeldycke/kdeldycke
missAnneThorpe,kdeldycke/kdeldycke
ik5,kdeldycke/mail-deduplicate
BlancosWay,kdeldycke/mail-deduplicate
wigust,kdeldycke/mail-deduplicate
mikalv,kdeldycke/mail-deduplicate
gauravssnl,kdeldycke/mail-deduplicate
tracure1337,kdeldycke/mail-deduplicate
empjustine,kdeldycke/mail-deduplicate
nschlemm,kdeldycke/mail-deduplicate
gosoxharp,kdeldycke/mail-deduplicate
0A7V9A,kdeldycke/mail-deduplicate
visualrobots,kdeldycke/mail-deduplicate
MahanRajabi80,kdeldycke/mail-deduplicate
roycewilliams,kdeldycke/mail-deduplicate
Matt-Deacalion,kdeldycke/mail-deduplicate
usmanakram232,kdeldycke/mail-deduplicate
Good4lien,dwij2812/FlightBooking-system
reddysainathn,andrewjmead/node-course-v3-code
RinatValiullov,andrewjmead/node-course-v3-code
CharlesCreativeContent,andrewjmead/node-course-v3-code
AppServiceProvider,andrewjmead/node-course-v3-code
xvovx,byt3bl33d3r/duckhunter
trietptm,byt3bl33d3r/duckhunter
jmingov,byt3bl33d3r/duckhunter
opexxx,byt3bl33d3r/duckhunter
PeterVatistas,byt3bl33d3r/duckhunter
insanitus,byt3bl33d3r/duckhunter
puppycodes,byt3bl33d3r/duckhunter
halfx,byt3bl33d3r/duckhunter
vaginessa,byt3bl33d3r/duckhunter
Ro9ueAdmin,byt3bl33d3r/duckhunter
HowWeLand,byt3bl33d3r/duckhunter
BenjiTrapp,byt3bl33d3r/duckhunter
KevenBelanger,byt3bl33d3r/duckhunter
adotsloan,byt3bl33d3r/duckhunter
Siss3l,byt3bl33d3r/duckhunter
Cre4T3Tiv3,byt3bl33d3r/duckhunter
jishanshaikh4,jishanshaikh4/cryptography-roadmap
retrde,jishanshaikh4/cryptography-roadmap
pr0733k,jishanshaikh4/cryptography-roadmap
jishanshaikh-gep,jishanshaikh4/cryptography-roadmap
JaeQueCoder,jishanshaikh4/cryptography-roadmap
langmr0,jishanshaikh4/cryptography-roadmap
8bitmamba,jishanshaikh4/cryptography-roadmap
sunitawill,jishanshaikh4/cryptography-roadmap
ekanshdixit,jishanshaikh4/cryptography-roadmap
1ndradhanush,jishanshaikh4/cryptography-roadmap
sutaTyagi,jishanshaikh4/cryptography-roadmap
teharsingh,jishanshaikh4/cryptography-roadmap
Mudkipboo,jishanshaikh4/cryptography-roadmap
MihalczGabor,jishanshaikh4/cryptography-roadmap
Good4lien,mager/floor.report.old
krthr,curiousily/Deep-Learning-For-Hackers
eyadsibai,curiousily/Deep-Learning-For-Hackers
jubbon,curiousily/Deep-Learning-For-Hackers
eueung,curiousily/Deep-Learning-For-Hackers
neibla,curiousily/Deep-Learning-For-Hackers
fly51fly,curiousily/Deep-Learning-For-Hackers
jon-chun,curiousily/Deep-Learning-For-Hackers
vigneshv92,curiousily/Deep-Learning-For-Hackers
wjnbreu,curiousily/Deep-Learning-For-Hackers
bhakthan,curiousily/Deep-Learning-For-Hackers
sephsa,curiousily/Deep-Learning-For-Hackers
SantoshSrinivas79,curiousily/Deep-Learning-For-Hackers
ebigram,curiousily/Deep-Learning-For-Hackers
vck,curiousily/Deep-Learning-For-Hackers
Ay-355,curiousily/Deep-Learning-For-Hackers
likaihere,curiousily/Deep-Learning-For-Hackers
AppServiceProvider,curiousily/Deep-Learning-For-Hackers
Mithileshraj123,curiousily/Deep-Learning-For-Hackers
adotsloan,curiousily/Deep-Learning-For-Hackers
soma2000-lang,curiousily/Deep-Learning-For-Hackers
Adlinke,curiousily/Deep-Learning-For-Hackers
dkapt,curiousily/Deep-Learning-For-Hackers
opexxx,defuse/crackstation-hashdb
filipeoliveiraa,defuse/crackstation-hashdb
michaelhood,defuse/crackstation-hashdb
trietptm,defuse/crackstation-hashdb
galaris,defuse/crackstation-hashdb
yoCruzer,defuse/crackstation-hashdb
securitystreak,defuse/crackstation-hashdb
samyk,defuse/crackstation-hashdb
hktalent,defuse/crackstation-hashdb
shanefontaine,defuse/crackstation-hashdb
KEVINYZY,defuse/crackstation-hashdb
mgeeky,defuse/crackstation-hashdb
limkokhole,defuse/crackstation-hashdb
sponnusa,defuse/crackstation-hashdb
yeshuibo,defuse/crackstation-hashdb
MahanRajabi80,defuse/crackstation-hashdb
cbyt3,defuse/crackstation-hashdb
dkapt,defuse/crackstation-hashdb
trinhminhtriet,defuse/crackstation-hashdb
eddiejaoude,EddieHubCommunity/gh-actions-html-table-generator
jefftriplett,EddieHubCommunity/gh-actions-html-table-generator
Panquesito7,EddieHubCommunity/gh-actions-html-table-generator
TenviLi,EddieHubCommunity/gh-actions-html-table-generator
shuklayash10,EddieHubCommunity/gh-actions-html-table-generator
Sandalots,EddieHubCommunity/gh-actions-html-table-generator
araguaci,EddieHubCommunity/gh-actions-html-table-generator
kmorrow1,EddieHubCommunity/gh-actions-html-table-generator
Ayokanmi-Adejola,EddieHubCommunity/gh-actions-html-table-generator
Panquesito7,EddieHubCommunity/template
trietptm,trailofbits/AppJailLauncher
ShikChen,trailofbits/AppJailLauncher
peter50216,trailofbits/AppJailLauncher
jevinskie,trailofbits/AppJailLauncher
halfx,trailofbits/AppJailLauncher
u0m3,trailofbits/AppJailLauncher
evandrix,trailofbits/AppJailLauncher
ducphanduyagentp,trailofbits/AppJailLauncher
famasoon,trailofbits/AppJailLauncher
0xcpu,trailofbits/AppJailLauncher
FDlucifer,trailofbits/AppJailLauncher
Butters3388214,trailofbits/AppJailLauncher
stjordanis,trailofbits/AppJailLauncher
agnosticlines,trailofbits/AppJailLauncher
SeshatCZ,trailofbits/AppJailLauncher
TheMushrr00m,aloisdeniel/built_vector
sachaarbonel,aloisdeniel/built_vector
esneko,aloisdeniel/built_vector
gaoypChina,aloisdeniel/built_vector
artob,aloisdeniel/built_vector
Jackneill,aloisdeniel/built_vector
bluemix,aloisdeniel/built_vector
morristech,aloisdeniel/built_vector
vck,donnemartin/viz
iCHAIT,donnemartin/viz
madhuakula,donnemartin/viz
rustoceans,donnemartin/viz
nikolay,donnemartin/viz
mirguest,donnemartin/viz
haraball,donnemartin/viz
timelyportfolio,donnemartin/viz
jiangplus,donnemartin/viz
kprybol,donnemartin/viz
vdt,donnemartin/viz
rogeriomarques,donnemartin/viz
SantoshSrinivas79,donnemartin/viz
posquit0,donnemartin/viz
Jackneill,donnemartin/viz
opt9,donnemartin/viz
orakle,donnemartin/viz
darvid,donnemartin/viz
rimenes,donnemartin/viz
dimon222,donnemartin/viz
stefaneyr,donnemartin/viz
MikeGolden,donnemartin/viz
FrankSansC,donnemartin/viz
jhermann,donnemartin/viz
burkesquires,donnemartin/viz
jaredthecoder,donnemartin/viz
sivartravis,donnemartin/viz
dsoul,donnemartin/viz
rishipuri,donnemartin/viz
macint0sh,donnemartin/viz
ducktype,donnemartin/viz
wendigo,donnemartin/viz
edersohe,donnemartin/viz
MaxfieldLewin,donnemartin/viz
oudommeas,donnemartin/viz
rakhmad,donnemartin/viz
galaris,donnemartin/viz
Amorymeltzer,donnemartin/viz
kriwil,donnemartin/viz
trietptm,donnemartin/viz
fabiodr,donnemartin/viz
sibelius,donnemartin/viz
silverstone1903,donnemartin/viz
jubbon,donnemartin/viz
jonathanegol,donnemartin/viz
d-dozer,donnemartin/viz
jimmyrcom,donnemartin/viz
wjybluse,donnemartin/viz
vrachieru,donnemartin/viz
fly51fly,donnemartin/viz
reduxionist,donnemartin/viz
arpit1997,donnemartin/viz
bonfy,donnemartin/viz
mjhea0,donnemartin/viz
triplekill,donnemartin/viz
iTonyYo,donnemartin/viz
nikivdev,donnemartin/viz
chaitanyaphalak,donnemartin/viz
roscopecoltran,donnemartin/viz
likaihere,donnemartin/viz
studiovc,donnemartin/viz
appidiabhinav,donnemartin/viz
hydrosquall,donnemartin/viz
EvgeneOskin,donnemartin/viz
ramnes,donnemartin/viz
dotsource,donnemartin/viz
deep-programmer,donnemartin/viz
sguzman,donnemartin/viz
decimalbell,donnemartin/viz
modulexcite,donnemartin/viz
scivey,donnemartin/viz
pushpendrapratap,donnemartin/viz
avinashkoyyana,donnemartin/viz
batermj,donnemartin/viz
thanhtoan1196,donnemartin/viz
karaninder,donnemartin/viz
the-cc-dev,donnemartin/viz
doc22940,donnemartin/viz
MaxCodeXTC,donnemartin/viz
vulcangz,donnemartin/viz
jstoobz,donnemartin/viz
apheon-terra,donnemartin/viz
mariamimmh,donnemartin/viz
nir-zilberman,donnemartin/viz
canering,donnemartin/viz
araguaci,donnemartin/viz
gaybro8777,donnemartin/viz
royswale,donnemartin/viz
trinhminhtriet,donnemartin/viz
whummer,localstack/awscli-local
jalcine,localstack/awscli-local
ellisonleao,localstack/awscli-local
iemejia,localstack/awscli-local
sam-splat,localstack/awscli-local
darvid,localstack/awscli-local
modulexcite,localstack/awscli-local
scivey,localstack/awscli-local
mwarkentin,localstack/awscli-local
hnq90,localstack/awscli-local
ericmm,localstack/awscli-local
asaaki,localstack/awscli-local
rrichards,localstack/awscli-local
mugli,localstack/awscli-local
shuber,localstack/awscli-local
jstoobz,localstack/awscli-local
AppServiceProvider,localstack/awscli-local
AlexxNica,localstack/awscli-local
veris-pr,localstack/awscli-local
p-raj,localstack/awscli-local
brunowego,localstack/awscli-local
EtherTyper,localstack/awscli-local
nikivdev,localstack/awscli-local
ktkization,localstack/awscli-local
yonycalsin,localstack/awscli-local
vulcangz,localstack/awscli-local
tddschn,localstack/awscli-local
d-led,localstack/awscli-local
SantoshSrinivas79,localstack/awscli-local
Mithileshraj123,localstack/awscli-local
nir-zilberman,localstack/awscli-local
liudonghua123,localstack/awscli-local
jesusgoku,localstack/awscli-local
benmcp,localstack/awscli-local
giovannism20,localstack/awscli-local
00mjk,localstack/awscli-local
lordvins226,localstack/awscli-local
fabriceyopa,localstack/awscli-local
sescobb27,localstack/awscli-local
posquit0,localstack/awscli-local
esneko,localstack/awscli-local
tuanductran,localstack/awscli-local
Adlinke,localstack/awscli-local
gkze,localstack/awscli-local
kmorrow1,localstack/awscli-local
leongkui,localstack/awscli-local
dkapt,localstack/awscli-local
hercules261188,nikhilkumarsingh/facebook-messenger-bot
priyadhoundiyal,iamshaunjp/django-playlist
MtDeity,iamshaunjp/django-playlist
ahronlu,iamshaunjp/django-playlist
jimbrig,iamshaunjp/django-playlist
AbhiImReal403,iamshaunjp/django-playlist
ianlaporte,iamshaunjp/django-playlist
co-bby,btholt/complete-intro-to-react-v7
RinatValiullov,btholt/complete-intro-to-react-v7
Josscii,btholt/complete-intro-to-react-v7
ebigram,btholt/complete-intro-to-react-v7
Mithileshraj123,btholt/complete-intro-to-react-v7
Sandrex233,btholt/complete-intro-to-react-v7
jaamaalxyz,btholt/complete-intro-to-react-v7
tddschn,btholt/complete-intro-to-react-v7
MilleniumSpark,btholt/complete-intro-to-react-v7
jomefavourite,btholt/complete-intro-to-react-v7
tuanductran,btholt/complete-intro-to-react-v7
trinhminhtriet,btholt/complete-intro-to-react-v7
whummer,localstack/helm-charts
thanhtoan1196,localstack/helm-charts
frankfanslc,localstack/helm-charts
kmorrow1,localstack/helm-charts
esneko,aloisdeniel/dio_retry
gaoypChina,aloisdeniel/dio_retry
morristech,aloisdeniel/dio_retry
adelarsq,aloisdeniel/dio_retry
gakonst,LiveOverflow/liveoverflow_youtube
trietptm,LiveOverflow/liveoverflow_youtube
unbaiat,LiveOverflow/liveoverflow_youtube
jrodrigomg,LiveOverflow/liveoverflow_youtube
ducphanduyagentp,LiveOverflow/liveoverflow_youtube
Antonito,LiveOverflow/liveoverflow_youtube
denji,LiveOverflow/liveoverflow_youtube
vck,LiveOverflow/liveoverflow_youtube
0w3,LiveOverflow/liveoverflow_youtube
daedalus,LiveOverflow/liveoverflow_youtube
h1nk,LiveOverflow/liveoverflow_youtube
galaris,LiveOverflow/liveoverflow_youtube
fijimunkii,LiveOverflow/liveoverflow_youtube
DPS0340,LiveOverflow/liveoverflow_youtube
Pishtiko,LiveOverflow/liveoverflow_youtube
BxC1sF1E,LiveOverflow/liveoverflow_youtube
FDlucifer,LiveOverflow/liveoverflow_youtube
meafs,LiveOverflow/liveoverflow_youtube
x0nu11byt3,LiveOverflow/liveoverflow_youtube
byteshiva,LiveOverflow/liveoverflow_youtube
ghishadow,LiveOverflow/liveoverflow_youtube
3m4r5,LiveOverflow/liveoverflow_youtube
ayush15k1994,LiveOverflow/liveoverflow_youtube
0A7V9A,LiveOverflow/liveoverflow_youtube
MilleniumSpark,LiveOverflow/liveoverflow_youtube
elhadjx,garimasingh128/Draw
wpank,ethereum/asyncio-run-in-process
MihalczGabor,ethereum/asyncio-run-in-process
Ramyromel,ethereum/asyncio-run-in-process
muniz95,emersonsoares/asdf-dotnet-core
smorimoto,emersonsoares/asdf-dotnet-core
empjustine,emersonsoares/asdf-dotnet-core
adelarsq,emersonsoares/asdf-dotnet-core
canering,emersonsoares/asdf-dotnet-core
ryanbaxendale,byt3bl33d3r/ItWasAllADream
jivoi,byt3bl33d3r/ItWasAllADream
tututu-patch,byt3bl33d3r/ItWasAllADream
lightoyou,byt3bl33d3r/ItWasAllADream
zpaav,byt3bl33d3r/ItWasAllADream
5y5tem5,byt3bl33d3r/ItWasAllADream
jamiedevsandbox,byt3bl33d3r/ItWasAllADream
Kimpten,byt3bl33d3r/ItWasAllADream
puzzithinker,byt3bl33d3r/ItWasAllADream
mehrdad-shokri,byt3bl33d3r/ItWasAllADream
roycewilliams,byt3bl33d3r/ItWasAllADream
modulexcite,byt3bl33d3r/ItWasAllADream
tracure1337,byt3bl33d3r/ItWasAllADream
discoweasel,byt3bl33d3r/ItWasAllADream
brunowego,byt3bl33d3r/ItWasAllADream
quantumpacket,byt3bl33d3r/ItWasAllADream
lordvins226,byt3bl33d3r/ItWasAllADream
plamengj,byt3bl33d3r/ItWasAllADream
itsnotvalid,byt3bl33d3r/ItWasAllADream
fly51fly,byt3bl33d3r/ItWasAllADream
CloudBranch,byt3bl33d3r/ItWasAllADream
BenjiTrapp,byt3bl33d3r/ItWasAllADream
0xfeeddeadbeef,byt3bl33d3r/ItWasAllADream
mgeeky,byt3bl33d3r/ItWasAllADream
0A7V9A,byt3bl33d3r/ItWasAllADream
lifa123,byt3bl33d3r/ItWasAllADream
evandrix,byt3bl33d3r/ItWasAllADream
Bvaudin,byt3bl33d3r/ItWasAllADream
cannabis09,byt3bl33d3r/ItWasAllADream
adotsloan,byt3bl33d3r/ItWasAllADream
CPT-Jack-A-Castle,byt3bl33d3r/ItWasAllADream
daedalus,byt3bl33d3r/ItWasAllADream
felipetruman,byt3bl33d3r/ItWasAllADream
cbyt3,byt3bl33d3r/ItWasAllADream
Cre4T3Tiv3,byt3bl33d3r/ItWasAllADream
jmingov,offensive-security/masscan-web-ui
brenopolanski,offensive-security/masscan-web-ui
madhuakula,offensive-security/masscan-web-ui
ryanbaxendale,offensive-security/masscan-web-ui
5y5tem5,offensive-security/masscan-web-ui
theodorosc,offensive-security/masscan-web-ui
Chan9390,offensive-security/masscan-web-ui
Sliim,offensive-security/masscan-web-ui
xrmr,offensive-security/masscan-web-ui
llazzaro,offensive-security/masscan-web-ui
yoCruzer,offensive-security/masscan-web-ui
Stankye,offensive-security/masscan-web-ui
PeterVatistas,offensive-security/masscan-web-ui
colejhudson,offensive-security/masscan-web-ui
puppycodes,offensive-security/masscan-web-ui
marctmiller,offensive-security/masscan-web-ui
krodyx,offensive-security/masscan-web-ui
ShawnAlexander,offensive-security/masscan-web-ui
roycewilliams,offensive-security/masscan-web-ui
insanitus,offensive-security/masscan-web-ui
fits2010,offensive-security/masscan-web-ui
quantumpacket,offensive-security/masscan-web-ui
filipeoliveiraa,offensive-security/masscan-web-ui
modulexcite,offensive-security/masscan-web-ui
vaginessa,offensive-security/masscan-web-ui
sirgatez,offensive-security/masscan-web-ui
shubhamk06,offensive-security/masscan-web-ui
opt9,offensive-security/masscan-web-ui
merekemess,offensive-security/masscan-web-ui
Sleek1598,offensive-security/masscan-web-ui
ekovegeance,offensive-security/masscan-web-ui
Ro9ueAdmin,offensive-security/masscan-web-ui
thanhtoan1196,offensive-security/masscan-web-ui
kimocoder,offensive-security/masscan-web-ui
lifa123,offensive-security/masscan-web-ui
hktalent,offensive-security/masscan-web-ui
agnosticlines,offensive-security/masscan-web-ui
ThomasErhel,offensive-security/masscan-web-ui
puzzithinker,offensive-security/masscan-web-ui
Hostn4me,offensive-security/masscan-web-ui
Kimpten,offensive-security/masscan-web-ui
reedhhw,offensive-security/masscan-web-ui
bkhobbs39,offensive-security/masscan-web-ui
discoweasel,offensive-security/masscan-web-ui
FDlucifer,offensive-security/masscan-web-ui
jamiedevsandbox,offensive-security/masscan-web-ui
tofuzgz,offensive-security/masscan-web-ui
abedpr,offensive-security/masscan-web-ui
IshwaranRudhara,offensive-security/masscan-web-ui
Pierrot-l3-F0U,offensive-security/masscan-web-ui
cannabis09,offensive-security/masscan-web-ui
kozmendo,offensive-security/masscan-web-ui
felipetruman,offensive-security/masscan-web-ui
noods78,offensive-security/masscan-web-ui
Eikonsphere,offensive-security/masscan-web-ui
LuisDeSantana,offensive-security/masscan-web-ui
elhadjx,garimasingh128/CP-DSA-Cpp-C
tkersey,garimasingh128/CP-DSA-Cpp-C
Good4lien,fromgopi/cookbook-api
johndavemanuel,iamshaunjp/firebase-auth
MtDeity,iamshaunjp/firebase-auth
ahronlu,iamshaunjp/firebase-auth
00mjk,iamshaunjp/firebase-auth
esneko,iamshaunjp/firebase-auth
jimbrig,iamshaunjp/firebase-auth
ubongndoh,iamshaunjp/firebase-auth
AbhiImReal403,iamshaunjp/firebase-auth
ianlaporte,iamshaunjp/firebase-auth
MrBlackBeeOsn,iamshaunjp/firebase-auth
dkapt,iamshaunjp/firebase-auth
mcanthony,devongovett/browserify-optional
biow0lf,marcel-dempers/docker-development-youtube-series
da-vaibhav,marcel-dempers/docker-development-youtube-series
apheon-terra,marcel-dempers/docker-development-youtube-series
appidiabhinav,marcel-dempers/docker-development-youtube-series
tchigher,marcel-dempers/docker-development-youtube-series
ai-ml-architect,marcel-dempers/docker-development-youtube-series
vdt,marcel-dempers/docker-development-youtube-series
BenjiTrapp,marcel-dempers/docker-development-youtube-series
sephsa,marcel-dempers/docker-development-youtube-series
peterbrinck,marcel-dempers/docker-development-youtube-series
d3v3l0,marcel-dempers/docker-development-youtube-series
ccl0326,marcel-dempers/docker-development-youtube-series
fly51fly,marcel-dempers/docker-development-youtube-series
reddysainathn,marcel-dempers/docker-development-youtube-series
xchanmolx,marcel-dempers/docker-development-youtube-series
fer-ri,marcel-dempers/docker-development-youtube-series
brunowego,marcel-dempers/docker-development-youtube-series
0l1v3rr,marcel-dempers/docker-development-youtube-series
plamengj,marcel-dempers/docker-development-youtube-series
andantonyan,marcel-dempers/docker-development-youtube-series
youngchief-btw,marcel-dempers/docker-development-youtube-series
thanhtoan1196,marcel-dempers/docker-development-youtube-series
TenviLi,marcel-dempers/docker-development-youtube-series
GNURub,marcel-dempers/docker-development-youtube-series
oudommeas,marcel-dempers/docker-development-youtube-series
quobit,marcel-dempers/docker-development-youtube-series
sarlalian,marcel-dempers/docker-development-youtube-series
tracure1337,marcel-dempers/docker-development-youtube-series
ayush15k1994,marcel-dempers/docker-development-youtube-series
meafs,marcel-dempers/docker-development-youtube-series
orakle,marcel-dempers/docker-development-youtube-series
RinatValiullov,marcel-dempers/docker-development-youtube-series
frankfanslc,marcel-dempers/docker-development-youtube-series
i0Ek3,marcel-dempers/docker-development-youtube-series
vulcangz,marcel-dempers/docker-development-youtube-series
byteshiva,marcel-dempers/docker-development-youtube-series
mehrdad-shokri,marcel-dempers/docker-development-youtube-series
CharlesCreativeContent,marcel-dempers/docker-development-youtube-series
filipeoliveiraa,marcel-dempers/docker-development-youtube-series
3m4r5,marcel-dempers/docker-development-youtube-series
geduardcatalindev,marcel-dempers/docker-development-youtube-series
modulexcite,marcel-dempers/docker-development-youtube-series
CloudBranch,marcel-dempers/docker-development-youtube-series
Joe-oss9527,marcel-dempers/docker-development-youtube-series
dhuckins,marcel-dempers/docker-development-youtube-series
Pierrot-l3-F0U,marcel-dempers/docker-development-youtube-series
marcusrbrown,marcel-dempers/docker-development-youtube-series
dsoul,marcel-dempers/docker-development-youtube-series
MilleniumSpark,marcel-dempers/docker-development-youtube-series
johnowennixon,marcel-dempers/docker-development-youtube-series
ravirathore,marcel-dempers/docker-development-youtube-series
Sandalots,marcel-dempers/docker-development-youtube-series
agnosticlines,marcel-dempers/docker-development-youtube-series
dalakatt,marcel-dempers/docker-development-youtube-series
ysnbogt,marcel-dempers/docker-development-youtube-series
antogerva,marcel-dempers/docker-development-youtube-series
M1suzu,defuse/elfplayer
co-bby,vasu-1/CalcHub
charlenopires,gabrielfalcao/dead-parrot
angusshire,gabrielfalcao/dead-parrot
mcanthony,devongovett/atom-stylus
picatz,trailofbits/censys-ruby
opt9,trailofbits/censys-ruby
opexxx,trailofbits/censys-ruby
mikalv,trailofbits/censys-ruby
stjordanis,trailofbits/censys-ruby
kmorrow1,trailofbits/censys-ruby
whummer,thrau/pymq
ramnes,thrau/pymq
thanhtoan1196,aloisdeniel/built_bloc
TheMushrr00m,aloisdeniel/built_bloc
sachaarbonel,aloisdeniel/built_bloc
mono0926,aloisdeniel/built_bloc
oudommeas,aloisdeniel/built_bloc
esneko,aloisdeniel/built_bloc
gaoypChina,aloisdeniel/built_bloc
morristech,aloisdeniel/built_bloc
Layzie,devongovett/browserify-istanbul
mcanthony,devongovett/browserify-istanbul
kgryte,devongovett/browserify-istanbul
sergkop,devongovett/browserify-istanbul
timelyportfolio,devongovett/browserify-istanbul
marwanhilmi,devongovett/browserify-istanbul
tuanductran,rajat2502/GitHub-Battle
mouadTaoussi,bradtraversy/angularfs
stefan02brunner,bradtraversy/angularfs
yusuf-ozdemir,bradtraversy/angularfs
dolev146,bradtraversy/angularfs
arafat877,bradtraversy/angularfs
MrBennySolomon,bradtraversy/angularfs
esneko,benawad/apollo-server-react-file-upload
KaiDevrim,benawad/apollo-server-react-file-upload
youngchief-btw,benawad/apollo-server-react-file-upload
gbowne1,benawad/apollo-server-react-file-upload
whummer,whummer/jaxb-facets
nschlemm,openfoodfacts/facets-knowledge-panels
dufferzafar,aviaryan/BrainGames
denisfitz57,aviaryan/BrainGames
mjhea0,aviaryan/BrainGames
nezlooy,aviaryan/BrainGames
aviaryan,aviaryan/BrainGames
aashutoshrathi,aviaryan/BrainGames
izontm,aviaryan/BrainGames
vmlinz,donnemartin/awesome-aws
benqian,donnemartin/awesome-aws
levonk,donnemartin/awesome-aws
hnq90,donnemartin/awesome-aws
nikolay,donnemartin/awesome-aws
montanaflynn,donnemartin/awesome-aws
jonbaer,donnemartin/awesome-aws
he0x,donnemartin/awesome-aws
nemesiscodex,donnemartin/awesome-aws
peterbrinck,donnemartin/awesome-aws
christianboyle,donnemartin/awesome-aws
wtigert,donnemartin/awesome-aws
ianko,donnemartin/awesome-aws
mrjohannchang,donnemartin/awesome-aws
rogeriomarques,donnemartin/awesome-aws
evandrix,donnemartin/awesome-aws
yangwao,donnemartin/awesome-aws
rimenes,donnemartin/awesome-aws
colrack,donnemartin/awesome-aws
dansandland,donnemartin/awesome-aws
filipeoliveiraa,donnemartin/awesome-aws
yyolk,donnemartin/awesome-aws
odyss009,donnemartin/awesome-aws
shoichiaizawa,donnemartin/awesome-aws
dyhpoon,donnemartin/awesome-aws
cchitsiang,donnemartin/awesome-aws
hsavit1,donnemartin/awesome-aws
juanchristensen,donnemartin/awesome-aws
rtcoms,donnemartin/awesome-aws
karbon0x,donnemartin/awesome-aws
brianluby,donnemartin/awesome-aws
avinashkoyyana,donnemartin/awesome-aws
fabiodr,donnemartin/awesome-aws
renruyi,donnemartin/awesome-aws
qbig,donnemartin/awesome-aws
pasajero,donnemartin/awesome-aws
indistinctTalk,donnemartin/awesome-aws
johackim,donnemartin/awesome-aws
izontm,donnemartin/awesome-aws
j-hernandez,donnemartin/awesome-aws
dewang-mistry,donnemartin/awesome-aws
hawkup,donnemartin/awesome-aws
dhamaniasad,donnemartin/awesome-aws
jbenner-radham,donnemartin/awesome-aws
flrngel,donnemartin/awesome-aws
onlydole,donnemartin/awesome-aws
kwcto,donnemartin/awesome-aws
zxhfirefox,donnemartin/awesome-aws
hapr05,donnemartin/awesome-aws
mbrukman,donnemartin/awesome-aws
detailyang,donnemartin/awesome-aws
AnanthaRajuC,donnemartin/awesome-aws
muminoff,donnemartin/awesome-aws
wendigo,donnemartin/awesome-aws
takuan-osho,donnemartin/awesome-aws
iemejia,donnemartin/awesome-aws
opexxx,donnemartin/awesome-aws
futoase,donnemartin/awesome-aws
oudommeas,donnemartin/awesome-aws
azu,donnemartin/awesome-aws
pranavlathigara,donnemartin/awesome-aws
nfultz,donnemartin/awesome-aws
umaar,donnemartin/awesome-aws
osantana,donnemartin/awesome-aws
matagus,donnemartin/awesome-aws
djangosporti,donnemartin/awesome-aws
dritter,donnemartin/awesome-aws
lyuha,donnemartin/awesome-aws
kousikan,donnemartin/awesome-aws
gmittal,donnemartin/awesome-aws
sescobb27,donnemartin/awesome-aws
bhakthan,donnemartin/awesome-aws
mwarkentin,donnemartin/awesome-aws
jefftriplett,donnemartin/awesome-aws
joseluisq,donnemartin/awesome-aws
chentsulin,donnemartin/awesome-aws
jits,donnemartin/awesome-aws
roryrjb,donnemartin/awesome-aws
denji,donnemartin/awesome-aws
eiriklv,donnemartin/awesome-aws
gamontal,donnemartin/awesome-aws
esp10mm,donnemartin/awesome-aws
nhducit,donnemartin/awesome-aws
madhuakula,donnemartin/awesome-aws
asaaki,donnemartin/awesome-aws
scalp42,donnemartin/awesome-aws
jaredthecoder,donnemartin/awesome-aws
5y5tem5,donnemartin/awesome-aws
hoangtx,donnemartin/awesome-aws
brennebeck,donnemartin/awesome-aws
dobestan,donnemartin/awesome-aws
Jerzerak,donnemartin/awesome-aws
michaelhood,donnemartin/awesome-aws
rafi,donnemartin/awesome-aws
michaelchiche,donnemartin/awesome-aws
reduxionist,donnemartin/awesome-aws
minhoryang,donnemartin/awesome-aws
tralphy,donnemartin/awesome-aws
dhuckins,donnemartin/awesome-aws
ur5us,donnemartin/awesome-aws
angusshire,donnemartin/awesome-aws
barbietunnie,donnemartin/awesome-aws
rustoceans,donnemartin/awesome-aws
jonasermert,donnemartin/awesome-aws
jubbon,donnemartin/awesome-aws
obahareth,donnemartin/awesome-aws
MikeGolden,donnemartin/awesome-aws
Nangal,donnemartin/awesome-aws
vdt,donnemartin/awesome-aws
kwilczynski,donnemartin/awesome-aws
dotsource,donnemartin/awesome-aws
johnowennixon,donnemartin/awesome-aws
pmuens,donnemartin/awesome-aws
NguyenTrungTin,donnemartin/awesome-aws
rishipuri,donnemartin/awesome-aws
sivartravis,donnemartin/awesome-aws
andrewwxy,donnemartin/awesome-aws
dsoul,donnemartin/awesome-aws
marwanhilmi,donnemartin/awesome-aws
silverstone1903,donnemartin/awesome-aws
bossjones,donnemartin/awesome-aws
pyadav,donnemartin/awesome-aws
nschlemm,donnemartin/awesome-aws
cwonrails,donnemartin/awesome-aws
akaralar,donnemartin/awesome-aws
Yukaii,donnemartin/awesome-aws
darvid,donnemartin/awesome-aws
conail,donnemartin/awesome-aws
namuit,donnemartin/awesome-aws
orakle,donnemartin/awesome-aws
stefaneyr,donnemartin/awesome-aws
zouguangxian,donnemartin/awesome-aws
coffee4code,donnemartin/awesome-aws
lmatt-bit,donnemartin/awesome-aws
vittee,donnemartin/awesome-aws
wassiim,donnemartin/awesome-aws
zhaozhao,donnemartin/awesome-aws
xrmr,donnemartin/awesome-aws
khanhicetea,donnemartin/awesome-aws
sriharshakappala,donnemartin/awesome-aws
girish,donnemartin/awesome-aws
zhiyue,donnemartin/awesome-aws
ryoikarashi,donnemartin/awesome-aws
xeoneux,donnemartin/awesome-aws
NiksonX,donnemartin/awesome-aws
samyk,donnemartin/awesome-aws
manrajgrover,donnemartin/awesome-aws
makotot,donnemartin/awesome-aws
Doppp,donnemartin/awesome-aws
mofelee,donnemartin/awesome-aws
EvgeneOskin,donnemartin/awesome-aws
falkirks,donnemartin/awesome-aws
suriyaa,donnemartin/awesome-aws
chenruibin,donnemartin/awesome-aws
SantoshSrinivas79,donnemartin/awesome-aws
sarlalian,donnemartin/awesome-aws
neosarchizo,donnemartin/awesome-aws
yvan-sraka,donnemartin/awesome-aws
thomasklemm,donnemartin/awesome-aws
guptarohit,donnemartin/awesome-aws
AlexSwensen,donnemartin/awesome-aws
speckz,donnemartin/awesome-aws
0x2Adr1,donnemartin/awesome-aws
matthochler,donnemartin/awesome-aws
marko-jankovic,donnemartin/awesome-aws
petehouston,donnemartin/awesome-aws
eyadsibai,donnemartin/awesome-aws
neophyt3,donnemartin/awesome-aws
savage69kr,donnemartin/awesome-aws
bolerovt,donnemartin/awesome-aws
reklis,donnemartin/awesome-aws
Layzie,donnemartin/awesome-aws
TyrannosaurusREKT,donnemartin/awesome-aws
slackmage,donnemartin/awesome-aws
Tatsh,donnemartin/awesome-aws
MatejLach,donnemartin/awesome-aws
utensil,donnemartin/awesome-aws
sunsongxp,donnemartin/awesome-aws
program247365,donnemartin/awesome-aws
jivoi,donnemartin/awesome-aws
therebelrobot,donnemartin/awesome-aws
iskedk,donnemartin/awesome-aws
narze,donnemartin/awesome-aws
nikivdev,donnemartin/awesome-aws
DylanKojiCheslin,donnemartin/awesome-aws
kevinmcalear,donnemartin/awesome-aws
MaxfieldLewin,donnemartin/awesome-aws
yoCruzer,donnemartin/awesome-aws
manikantag,donnemartin/awesome-aws
nvanmeurs,donnemartin/awesome-aws
fieu,donnemartin/awesome-aws
jihchi,donnemartin/awesome-aws
kprybol,donnemartin/awesome-aws
ghishadow,donnemartin/awesome-aws
dimon222,donnemartin/awesome-aws
JT5D,donnemartin/awesome-aws
fkazimierczak,donnemartin/awesome-aws
catplanet007,donnemartin/awesome-aws
theodesp,donnemartin/awesome-aws
canering,donnemartin/awesome-aws
jianyuan,donnemartin/awesome-aws
v9n,donnemartin/awesome-aws
jonathanegol,donnemartin/awesome-aws
chaitanyaphalak,donnemartin/awesome-aws
pvergain,donnemartin/awesome-aws
markemer,donnemartin/awesome-aws
venkat-oss,donnemartin/awesome-aws
crazyguitar,donnemartin/awesome-aws
kangkot,donnemartin/awesome-aws
ktkization,donnemartin/awesome-aws
denisfitz57,donnemartin/awesome-aws
AlexxNica,donnemartin/awesome-aws
bahmdev,donnemartin/awesome-aws
d-led,donnemartin/awesome-aws
unixfox,donnemartin/awesome-aws
aburan28,donnemartin/awesome-aws
mjhea0,donnemartin/awesome-aws
cvic,donnemartin/awesome-aws
burkesquires,donnemartin/awesome-aws
biow0lf,donnemartin/awesome-aws
ifvictr,donnemartin/awesome-aws
mhaidarhanif,donnemartin/awesome-aws
ryanbaxendale,donnemartin/awesome-aws
posquit0,donnemartin/awesome-aws
oanhnn,donnemartin/awesome-aws
vrachieru,donnemartin/awesome-aws
yasenn,donnemartin/awesome-aws
likaihere,donnemartin/awesome-aws
tomoat,donnemartin/awesome-aws
NikhilDoWhile,donnemartin/awesome-aws
macint0sh,donnemartin/awesome-aws
wdv4758h,donnemartin/awesome-aws
abduld,donnemartin/awesome-aws
modulexcite,donnemartin/awesome-aws
shuber,donnemartin/awesome-aws
deadcoder0904,donnemartin/awesome-aws
dclambert,donnemartin/awesome-aws
alihalabyah,donnemartin/awesome-aws
patrick91,donnemartin/awesome-aws
jesusgoku,donnemartin/awesome-aws
roscopecoltran,donnemartin/awesome-aws
cmdplusr,donnemartin/awesome-aws
JohnClema,donnemartin/awesome-aws
kaoussi,donnemartin/awesome-aws
securitystreak,donnemartin/awesome-aws
appidiabhinav,donnemartin/awesome-aws
Shohan494,donnemartin/awesome-aws
jaamaalxyz,donnemartin/awesome-aws
thanhtoan1196,donnemartin/awesome-aws
CreatorMetaSky,donnemartin/awesome-aws
gauravssnl,donnemartin/awesome-aws
giovannism20,donnemartin/awesome-aws
rrichards,donnemartin/awesome-aws
nbosa,donnemartin/awesome-aws
hydrosquall,donnemartin/awesome-aws
benmcp,donnemartin/awesome-aws
the-cc-dev,donnemartin/awesome-aws
onlurking,donnemartin/awesome-aws
fijimunkii,donnemartin/awesome-aws
rtdaly,donnemartin/awesome-aws
andreipopovici,donnemartin/awesome-aws
pushpendrapratap,donnemartin/awesome-aws
amite,donnemartin/awesome-aws
priyadhoundiyal,donnemartin/awesome-aws
TankMasterRL,donnemartin/awesome-aws
axifive,donnemartin/awesome-aws
sponnusa,donnemartin/awesome-aws
folasm87,donnemartin/awesome-aws
ArunkumarRamanan,donnemartin/awesome-aws
garimasingh128,EddieHubCommunity/hacktoberfest-practice
jomefavourite,EddieHubCommunity/hacktoberfest-practice
gauravssnl,EddieHubCommunity/hacktoberfest-practice
Los-had,EddieHubCommunity/hacktoberfest-practice
0l1v3rr,EddieHubCommunity/hacktoberfest-practice
NS007-dev,EddieHubCommunity/hacktoberfest-practice
iAhsanJaved,EddieHubCommunity/hacktoberfest-practice
senchabot-github,EddieHubCommunity/hacktoberfest-practice
Pierrot-l3-F0U,EddieHubCommunity/hacktoberfest-practice
mehrdad-shokri,EddieHubCommunity/hacktoberfest-practice
Panquesito7,EddieHubCommunity/hacktoberfest-practice
vigneshv92,EddieHubCommunity/hacktoberfest-practice
soma2000-lang,EddieHubCommunity/hacktoberfest-practice
mskian,EddieHubCommunity/hacktoberfest-practice
anurag01a,EddieHubCommunity/hacktoberfest-practice
shuklayash10,EddieHubCommunity/hacktoberfest-practice
FahimFBA,EddieHubCommunity/hacktoberfest-practice
gptkrsh,EddieHubCommunity/hacktoberfest-practice
KNipunDananjaya,EddieHubCommunity/hacktoberfest-practice
smanwarulislam,EddieHubCommunity/hacktoberfest-practice
hyperupcall,EddieHubCommunity/hacktoberfest-practice
jonasermert,EddieHubCommunity/hacktoberfest-practice
manthanank,EddieHubCommunity/hacktoberfest-practice
araguaci,EddieHubCommunity/hacktoberfest-practice
kmorrow1,EddieHubCommunity/hacktoberfest-practice
whummer,localstack/aws-cdk-local
ryoikarashi,localstack/aws-cdk-local
AppServiceProvider,localstack/aws-cdk-local
ai-ml-architect,localstack/aws-cdk-local
oieduardorabelo,localstack/aws-cdk-local
esneko,localstack/aws-cdk-local
nikivdev,localstack/aws-cdk-local
dsoul,localstack/aws-cdk-local
huynhducduy,localstack/aws-cdk-local
mehrdad-shokri,localstack/aws-cdk-local
kmorrow1,localstack/aws-cdk-local
Abhimishra2424,iamshaunjp/css-grid-layouts
MaxCodeXTC,iamshaunjp/css-grid-layouts
AbhiImReal403,iamshaunjp/css-grid-layouts
ianlaporte,iamshaunjp/css-grid-layouts
dalakatt,iamshaunjp/css-grid-layouts
mono0926,rrousselGit/functional_widget
ianko,rrousselGit/functional_widget
tchigher,rrousselGit/functional_widget
owen800q,rrousselGit/functional_widget
oudommeas,rrousselGit/functional_widget
JonReppDirectOneDesign,rrousselGit/functional_widget
esneko,rrousselGit/functional_widget
mikelnrd,rrousselGit/functional_widget
TheMushrr00m,rrousselGit/functional_widget
pillowsoft,rrousselGit/functional_widget
mahmoudkandeel,rrousselGit/functional_widget
muniz95,rrousselGit/functional_widget
yongjhih,rrousselGit/functional_widget
phpmaple,rrousselGit/functional_widget
gaoypChina,rrousselGit/functional_widget
lxsmnsyc,rrousselGit/functional_widget
haroldo-ok,rrousselGit/functional_widget
sam-splat,rrousselGit/functional_widget
fly51fly,rrousselGit/functional_widget
AppServiceProvider,rrousselGit/functional_widget
sachaarbonel,rrousselGit/functional_widget
anatolinicolae,rrousselGit/functional_widget
max-hk,rrousselGit/functional_widget
frankfanslc,rrousselGit/functional_widget
lordvins226,rrousselGit/functional_widget
liudonghua123,rrousselGit/functional_widget
yareyaredesuyo,rrousselGit/functional_widget
khantzinthu2k1,rrousselGit/functional_widget
IvonaldoAmaral,rrousselGit/functional_widget
anjingxz,rrousselGit/functional_widget
marwanhilmi,Vectorized/solady
pynchmeister,Vectorized/solady
shunkakinoki,Vectorized/solady
pcaversaccio,Vectorized/solady
0xmountaintop,Vectorized/solady
gakonst,Vectorized/solady
tuxcanfly,Vectorized/solady
nikivdev,Vectorized/solady
artob,Vectorized/solady
jiangplus,Vectorized/solady
jmcph4,Vectorized/solady
vyorkin,Vectorized/solady
LuaxY,Vectorized/solady
kaichen,Vectorized/solady
minhoryang,Vectorized/solady
fly51fly,Vectorized/solady
sambacha,Vectorized/solady
yyolk,Vectorized/solady
von-steinkirch,Vectorized/solady
MOZGIII,Vectorized/solady
puzzithinker,Vectorized/solady
py7hon,Vectorized/solady
famasoon,Vectorized/solady
Sandalots,Vectorized/solady
FahimFBA,Vectorized/solady
ysnbogt,Vectorized/solady
CPT-Jack-A-Castle,Vectorized/solady
brunowego,Vectorized/solady
antogerva,Vectorized/solady
lordvins226,Vectorized/solady
JohnClema,Vectorized/solady
NguyenTrungTin,Vectorized/solady
flrngel,Vectorized/solady
sriharshakappala,Vectorized/solady
lanastasov,Vectorized/solady
qbig,Vectorized/solady
LuozhuZhang,Vectorized/solady
renruyi,Vectorized/solady
SebastianElvis,Vectorized/solady
missAnneThorpe,Vectorized/solady
zouguangxian,Vectorized/solady
dec0dOS,Vectorized/solady
slackmage,Vectorized/solady
aashutoshrathi,Vectorized/solady
v9n,Vectorized/solady
Ramyromel,Vectorized/solady
tunnckoCore,Vectorized/solady
trinhminhtriet,Vectorized/solady
huynhducduy,Vectorized/solady
dkapt,Vectorized/solady
moon2l,Vectorized/solady
gauravssnl,mitsuhiko/clicolors-control
dimlev,mitsuhiko/better-panic
sebinsua,mitsuhiko/better-panic
stefanvanburen,mitsuhiko/better-panic
esneko,mitsuhiko/better-panic
mahmoudimus,mitsuhiko/better-panic
lanqy,mitsuhiko/better-panic
fly51fly,mitsuhiko/better-panic
wdv4758h,mitsuhiko/better-panic
mugli,mitsuhiko/better-panic
tchigher,mitsuhiko/better-panic
haroldo-ok,mitsuhiko/better-panic
valpackett,mitsuhiko/better-panic
sguzman,mitsuhiko/better-panic
shuber,mitsuhiko/better-panic
smorimoto,mitsuhiko/better-panic
agnosticlines,mitsuhiko/better-panic
Doppp,mitsuhiko/better-panic
gauravssnl,mitsuhiko/better-panic
nikivdev,mitsuhiko/better-panic
JeffCarpenter,mitsuhiko/better-panic
svercl,mitsuhiko/better-panic
Ay-355,mitsuhiko/better-panic
jalcine,mitsuhiko/better-panic
hercules261188,nikhilkumarsingh/flask-chat-app
da-vaibhav,florinpop17/10-projects-10-hours
a1300,florinpop17/10-projects-10-hours
garimasingh128,florinpop17/10-projects-10-hours
jedsada-gh,florinpop17/10-projects-10-hours
MaxCodeXTC,florinpop17/10-projects-10-hours
TenviLi,florinpop17/10-projects-10-hours
tchigher,florinpop17/10-projects-10-hours
layzhi,florinpop17/10-projects-10-hours
zxhfirefox,florinpop17/10-projects-10-hours
shunkakinoki,florinpop17/10-projects-10-hours
luohaoyuan,florinpop17/10-projects-10-hours
antick,florinpop17/10-projects-10-hours
RinatValiullov,florinpop17/10-projects-10-hours
mariamimmh,florinpop17/10-projects-10-hours
Amorymeltzer,florinpop17/10-projects-10-hours
py7hon,florinpop17/10-projects-10-hours
NitinChakraborty2001,florinpop17/10-projects-10-hours
smanwarulislam,florinpop17/10-projects-10-hours
IvonaldoAmaral,florinpop17/10-projects-10-hours
SantoshSrinivas79,florinpop17/10-projects-10-hours
CharlesCreativeContent,florinpop17/10-projects-10-hours
KenMan79,florinpop17/10-projects-10-hours
abhijit1990,florinpop17/10-projects-10-hours
imxiaohui,florinpop17/10-projects-10-hours
AppServiceProvider,florinpop17/10-projects-10-hours
Wallace121980,florinpop17/10-projects-10-hours
StarZ3r0,florinpop17/10-projects-10-hours
mph-code,florinpop17/10-projects-10-hours
sephsa,florinpop17/10-projects-10-hours
jonasermert,florinpop17/10-projects-10-hours
dcgithub,florinpop17/10-projects-10-hours
Los-had,florinpop17/10-projects-10-hours
byteshiva,florinpop17/10-projects-10-hours
M3Try,florinpop17/10-projects-10-hours
Shohan494,florinpop17/10-projects-10-hours
GeovaRS,florinpop17/10-projects-10-hours
ubongndoh,florinpop17/10-projects-10-hours
sreelakshmig009,florinpop17/10-projects-10-hours
ANTON-IVANOVICH,florinpop17/10-projects-10-hours
manthanank,florinpop17/10-projects-10-hours
senchabot-github,florinpop17/10-projects-10-hours
erikunha,florinpop17/10-projects-10-hours
MilleniumSpark,florinpop17/10-projects-10-hours
BiswajitDtta,florinpop17/10-projects-10-hours
KNipunDananjaya,florinpop17/10-projects-10-hours
saadazghour,florinpop17/10-projects-10-hours
Pierrot-l3-F0U,keshav-space/safe_notes
vaginessa,keshav-space/safe_notes
gaoypChina,keshav-space/safe_notes
IvonaldoAmaral,keshav-space/safe_notes
orakle,keshav-space/safe_notes
kaoussi,bradtraversy/bookstore
mph-code,bradtraversy/bookstore
AzureCloudMonk,bradtraversy/bookstore
sayyidisal,bradtraversy/bookstore
mouadTaoussi,bradtraversy/bookstore
ahronlu,bradtraversy/bookstore
stefan02brunner,bradtraversy/bookstore
yusuf-ozdemir,bradtraversy/bookstore
dolev146,bradtraversy/bookstore
NitinChakraborty2001,bradtraversy/bookstore
arafat877,bradtraversy/bookstore
MrBennySolomon,bradtraversy/bookstore
barbagrigia,carloscuesta/gitmoji-cli
saravntbe,carloscuesta/gitmoji-cli
ramnes,carloscuesta/gitmoji-cli
umaar,carloscuesta/gitmoji-cli
whatwewant,carloscuesta/gitmoji-cli
Jerzerak,carloscuesta/gitmoji-cli
maxrugen,carloscuesta/gitmoji-cli
mikesprague,carloscuesta/gitmoji-cli
leesander1,carloscuesta/gitmoji-cli
narze,carloscuesta/gitmoji-cli
Joe-oss9527,carloscuesta/gitmoji-cli
iRaul,carloscuesta/gitmoji-cli
deadcoder0904,carloscuesta/gitmoji-cli
dufferzafar,carloscuesta/gitmoji-cli
joedf,carloscuesta/gitmoji-cli
fengzilong,carloscuesta/gitmoji-cli
szy0syz,carloscuesta/gitmoji-cli
Doppp,carloscuesta/gitmoji-cli
zce,carloscuesta/gitmoji-cli
royswale,carloscuesta/gitmoji-cli
chitacan,carloscuesta/gitmoji-cli
leo424y,carloscuesta/gitmoji-cli
roscopecoltran,carloscuesta/gitmoji-cli
juandc,carloscuesta/gitmoji-cli
i0Ek3,carloscuesta/gitmoji-cli
tedmiston,carloscuesta/gitmoji-cli
Suburbanno,carloscuesta/gitmoji-cli
iCHAIT,carloscuesta/gitmoji-cli
jedsada-gh,carloscuesta/gitmoji-cli
smorimoto,carloscuesta/gitmoji-cli
catplanet007,carloscuesta/gitmoji-cli
tomoat,carloscuesta/gitmoji-cli
7heaven,carloscuesta/gitmoji-cli
makotot,carloscuesta/gitmoji-cli
hub33k,carloscuesta/gitmoji-cli
mono0926,carloscuesta/gitmoji-cli
bntzio,carloscuesta/gitmoji-cli
hydrosquall,carloscuesta/gitmoji-cli
obahareth,carloscuesta/gitmoji-cli
KevinRamsunder,carloscuesta/gitmoji-cli
kwilczynski,carloscuesta/gitmoji-cli
iTonyYo,carloscuesta/gitmoji-cli
harrygallagher4,carloscuesta/gitmoji-cli
tchigher,carloscuesta/gitmoji-cli
pushpendrapratap,carloscuesta/gitmoji-cli
biow0lf,carloscuesta/gitmoji-cli
johnyxu,carloscuesta/gitmoji-cli
sachaarbonel,carloscuesta/gitmoji-cli
JoseCage,carloscuesta/gitmoji-cli
reedhhw,carloscuesta/gitmoji-cli
py7hon,carloscuesta/gitmoji-cli
inferjay,carloscuesta/gitmoji-cli
RinatValiullov,carloscuesta/gitmoji-cli
ymn1k,carloscuesta/gitmoji-cli
jesusgoku,carloscuesta/gitmoji-cli
clsource,carloscuesta/gitmoji-cli
rustoceans,carloscuesta/gitmoji-cli
Jolaolu,carloscuesta/gitmoji-cli
tg-z,carloscuesta/gitmoji-cli
fly51fly,carloscuesta/gitmoji-cli
shunkakinoki,carloscuesta/gitmoji-cli
0xdevalias,carloscuesta/gitmoji-cli
rafi,carloscuesta/gitmoji-cli
jstoobz,carloscuesta/gitmoji-cli
aashutoshrathi,carloscuesta/gitmoji-cli
usmanakram232,carloscuesta/gitmoji-cli
sirgatez,carloscuesta/gitmoji-cli
gvvynplaine,carloscuesta/gitmoji-cli
fabriceyopa,carloscuesta/gitmoji-cli
cybernetics,carloscuesta/gitmoji-cli
reddysainathn,carloscuesta/gitmoji-cli
a1300,carloscuesta/gitmoji-cli
erikunha,carloscuesta/gitmoji-cli
TenviLi,carloscuesta/gitmoji-cli
the-cc-dev,carloscuesta/gitmoji-cli
markemer,carloscuesta/gitmoji-cli
make-github-pseudonymous-again,carloscuesta/gitmoji-cli
antick,carloscuesta/gitmoji-cli
ericmm,carloscuesta/gitmoji-cli
Amorymeltzer,carloscuesta/gitmoji-cli
hyperupcall,carloscuesta/gitmoji-cli
hnq90,carloscuesta/gitmoji-cli
CharlesCreativeContent,carloscuesta/gitmoji-cli
kaichen,carloscuesta/gitmoji-cli
AppServiceProvider,carloscuesta/gitmoji-cli
savage69kr,carloscuesta/gitmoji-cli
channprj,carloscuesta/gitmoji-cli
Shohan494,carloscuesta/gitmoji-cli
peterbrinck,carloscuesta/gitmoji-cli
johackim,carloscuesta/gitmoji-cli
entrptaher,carloscuesta/gitmoji-cli
codyphobe,carloscuesta/gitmoji-cli
dimon222,carloscuesta/gitmoji-cli
vintagesucks,carloscuesta/gitmoji-cli
UltiRequiem,carloscuesta/gitmoji-cli
pvergain,carloscuesta/gitmoji-cli
pedoc,carloscuesta/gitmoji-cli
Ay-355,carloscuesta/gitmoji-cli
jgmize,carloscuesta/gitmoji-cli
oieduardorabelo,carloscuesta/gitmoji-cli
SantoshSrinivas79,carloscuesta/gitmoji-cli
Neo42,carloscuesta/gitmoji-cli
nabiuddin6,carloscuesta/gitmoji-cli
nobiit,carloscuesta/gitmoji-cli
modulexcite,carloscuesta/gitmoji-cli
tuanductran,carloscuesta/gitmoji-cli
frankfanslc,carloscuesta/gitmoji-cli
Mithileshraj123,carloscuesta/gitmoji-cli
eyadsibai,carloscuesta/gitmoji-cli
FahimFBA,carloscuesta/gitmoji-cli
LuaxY,carloscuesta/gitmoji-cli
pcaversaccio,carloscuesta/gitmoji-cli
tuxcanfly,carloscuesta/gitmoji-cli
jefftriplett,carloscuesta/gitmoji-cli
ebigram,carloscuesta/gitmoji-cli
DPS0340,carloscuesta/gitmoji-cli
Sandalots,carloscuesta/gitmoji-cli
khantzinthu2k1,carloscuesta/gitmoji-cli
flumpus-dev,carloscuesta/gitmoji-cli
visualrobots,carloscuesta/gitmoji-cli
victory-sokolov,carloscuesta/gitmoji-cli
RustyCobalt36,carloscuesta/gitmoji-cli
yareyaredesuyo,carloscuesta/gitmoji-cli
huynhducduy,carloscuesta/gitmoji-cli
josedulanto,carloscuesta/gitmoji-cli
gkze,carloscuesta/gitmoji-cli
MilleniumSpark,carloscuesta/gitmoji-cli
mskian,carloscuesta/gitmoji-cli
patrick91,carloscuesta/gitmoji-cli
M1suzu,defuse/airgap
Ro9ueAdmin,defuse/airgap
Jolaolu,btholt/algorithms-exercises
Josscii,btholt/algorithms-exercises
jomefavourite,btholt/algorithms-exercises
hub33k,btholt/algorithms-exercises
Sandrex233,btholt/algorithms-exercises
trinhminhtriet,btholt/algorithms-exercises
gakonst,LiveOverflow/pwn_docker_example
tututu-patch,LiveOverflow/pwn_docker_example
ayush15k1994,LiveOverflow/pwn_docker_example
nbosa,LiveOverflow/pwn_docker_example
andrewwxy,LiveOverflow/pwn_docker_example
puzzithinker,LiveOverflow/pwn_docker_example
x0nu11byt3,LiveOverflow/pwn_docker_example
zpaav,LiveOverflow/pwn_docker_example
daedalus,LiveOverflow/pwn_docker_example
jon-chun,curiousily/Deploy-BERT-for-Sentiment-Analysis-with-FastAPI
andrewwxy,curiousily/Deploy-BERT-for-Sentiment-Analysis-with-FastAPI
fly51fly,curiousily/Deploy-BERT-for-Sentiment-Analysis-with-FastAPI
yareyaredesuyo,curiousily/Deploy-BERT-for-Sentiment-Analysis-with-FastAPI
vigneshv92,curiousily/Deploy-BERT-for-Sentiment-Analysis-with-FastAPI
mvandermeulen,curiousily/Deploy-BERT-for-Sentiment-Analysis-with-FastAPI
jimbrig,curiousily/Deploy-BERT-for-Sentiment-Analysis-with-FastAPI
dimon222,curiousily/Deploy-BERT-for-Sentiment-Analysis-with-FastAPI
galaris,curiousily/Deploy-BERT-for-Sentiment-Analysis-with-FastAPI
Adlinke,curiousily/Deploy-BERT-for-Sentiment-Analysis-with-FastAPI
ghosthamlet,curiousily/Credit-Card-Fraud-Detection-using-Autoencoders-in-Keras
oudommeas,curiousily/Credit-Card-Fraud-Detection-using-Autoencoders-in-Keras
sponnusa,curiousily/Credit-Card-Fraud-Detection-using-Autoencoders-in-Keras
R-K-H,curiousily/Credit-Card-Fraud-Detection-using-Autoencoders-in-Keras
kangkot,curiousily/Credit-Card-Fraud-Detection-using-Autoencoders-in-Keras
stjordanis,curiousily/Credit-Card-Fraud-Detection-using-Autoencoders-in-Keras
fly51fly,curiousily/Credit-Card-Fraud-Detection-using-Autoencoders-in-Keras
andrewwxy,curiousily/Credit-Card-Fraud-Detection-using-Autoencoders-in-Keras
JohnClema,curiousily/Credit-Card-Fraud-Detection-using-Autoencoders-in-Keras
CodeEagle,casatwy/CTMediator
luohaoyuan,casatwy/CTMediator
mrmign,casatwy/CTMediator
Jinxiansen,casatwy/CTMediator
Josscii,casatwy/CTMediator
lanqy,casatwy/CTMediator
7heaven,casatwy/CTMediator
likaihere,casatwy/CTMediator
gaoypChina,casatwy/CTMediator
CreatorMetaSky,casatwy/CTMediator
tchigher,casatwy/CTMediator
3m4r5,casatwy/CTMediator
abhijit1990,Rajdip019/booklee
brunowego,Rajdip019/booklee
tuanductran,Rajdip019/booklee
h1nk,ducc/DiscrimFarmer
old101,ducc/DiscrimFarmer
antogerva,asweigart/bext
clsource,asweigart/bext
gbowne1,asweigart/bext
wpank,ralexstokes/deposit-verifier
gakonst,ralexstokes/deposit-verifier
0xmountaintop,ralexstokes/deposit-verifier
DylanKojiCheslin,ralexstokes/deposit-verifier
SebastianElvis,ralexstokes/deposit-verifier
ik5,ralexstokes/deposit-verifier
matagus,yourcelf/afgexplorer
JT5D,yourcelf/afgexplorer
angusshire,yourcelf/afgexplorer
appidiabhinav,yourcelf/afgexplorer
EtherTyper,yourcelf/afgexplorer
pcaversaccio,trailofbits/circuitous-benchmarks
wpank,ethereum/beacon_chain
gakonst,ethereum/beacon_chain
marcusrbrown,ethereum/beacon_chain
kaichen,ethereum/beacon_chain
jiangplus,ethereum/beacon_chain
xmonader,ethereum/beacon_chain
discountry,ethereum/beacon_chain
MihalczGabor,ethereum/beacon_chain
0xmountaintop,ethereum/beacon_chain
KenMan79,ethereum/beacon_chain
LuozhuZhang,ethereum/beacon_chain
von-steinkirch,ethereum/beacon_chain
Ramyromel,ethereum/beacon_chain
SantoshSrinivas79,openfoodfacts/eu-food-data
wpank,ethereum/blake2b-py
mrluanma,ethereum/blake2b-py
Ramyromel,ethereum/blake2b-py
dkapt,ethereum/blake2b-py
jbenner-radham,WhiteHouse/buildmanager
muniz95,torvalds/test-tlb
zbeekman,torvalds/test-tlb
JesseTG,torvalds/test-tlb
ansarid,torvalds/test-tlb
opragel,torvalds/test-tlb
Jackneill,torvalds/test-tlb
fly51fly,torvalds/test-tlb
nickolasburr,torvalds/test-tlb
batermj,torvalds/test-tlb
sguzman,torvalds/test-tlb
denisse-dev,torvalds/test-tlb
ccl0326,torvalds/test-tlb
jstoobz,torvalds/test-tlb
ik5,torvalds/test-tlb
gauravssnl,torvalds/test-tlb
Lencof,torvalds/test-tlb
KaiDevrim,torvalds/test-tlb
00mjk,torvalds/test-tlb
jamiedevsandbox,torvalds/test-tlb
thisiskeanyvy,torvalds/test-tlb
SelimHorri,torvalds/test-tlb
3m4r5,torvalds/test-tlb
stefan02brunner,torvalds/test-tlb
secondwtq,torvalds/test-tlb
sreelakshmig009,torvalds/test-tlb
omasanori,torvalds/test-tlb
MilleniumSpark,torvalds/test-tlb
MrBennySolomon,torvalds/test-tlb
Sandalots,torvalds/test-tlb
DPS0340,torvalds/test-tlb
spiri-leo,torvalds/test-tlb
KevenBelanger,torvalds/test-tlb
ZigaoWang,torvalds/test-tlb
x0nu11byt3,torvalds/test-tlb
hyperupcall,torvalds/test-tlb
forestfoxx,torvalds/test-tlb
youngchief-btw,torvalds/test-tlb
Cre4T3Tiv3,torvalds/test-tlb
Ayokanmi-Adejola,torvalds/test-tlb
ik5,amacgregor/dot-files
bossjones,amacgregor/dot-files
usmanakram232,amacgregor/dot-files
theodesp,amacgregor/dot-files
ThomasG77,amacgregor/dot-files
zackmore,amacgregor/dot-files
RinatValiullov,amacgregor/dot-files
samyk,amacgregor/dot-files
a1300,amacgregor/dot-files
UltiRequiem,amacgregor/dot-files
sreelakshmig009,adrianhajdin/project_google_clone
Abhimishra2424,adrianhajdin/project_google_clone
hercules261188,adrianhajdin/project_google_clone
herberthk,adrianhajdin/project_google_clone
NitinChakraborty2001,adrianhajdin/project_google_clone
ahronlu,adrianhajdin/project_google_clone
ANTON-IVANOVICH,adrianhajdin/project_google_clone
YulioV,adrianhajdin/project_google_clone
johnyxu,adrianhajdin/project_google_clone
GeovaRS,adrianhajdin/project_google_clone
joxtheman,adrianhajdin/project_google_clone
justacoolkid,adrianhajdin/project_google_clone
RasulSonmez,adrianhajdin/project_google_clone
edwinmasri,adrianhajdin/project_google_clone
jonasermert,adrianhajdin/project_google_clone
EronMahmuti,adrianhajdin/project_google_clone
Swifilaboroka,adrianhajdin/project_google_clone
hamdanhussein,adrianhajdin/project_google_clone
baronrustamov,adrianhajdin/project_google_clone
shaheen7a,adrianhajdin/project_google_clone
dezobq,adrianhajdin/project_google_clone
N0t-Sur3,adrianhajdin/project_google_clone
SUVENDU-CHHATOI,adrianhajdin/project_google_clone
paulgrunt,adrianhajdin/project_google_clone
MrBlackBeeOsn,adrianhajdin/project_google_clone
dipayan-code97,adrianhajdin/project_google_clone
thannhf,adrianhajdin/project_google_clone
hwen020,adrianhajdin/project_google_clone
CodebyCyrus,adrianhajdin/project_google_clone
pemawangchuk2023,adrianhajdin/project_google_clone
rr3s1,adrianhajdin/project_google_clone
raviShankarpisini,adrianhajdin/project_google_clone
San0740396762,adrianhajdin/project_google_clone
gaybro8777,jamesbachini/Encryption-VScode
tunnckoCore,antonmedv/jsize
velveteer,antonmedv/jsize
sebinsua,antonmedv/jsize
kgryte,antonmedv/jsize
Vishal-Isharani,antonmedv/jsize
RickWong,antonmedv/jsize
mrluanma,antonmedv/jsize
oanhnn,antonmedv/jsize
neibla,antonmedv/jsize
fly51fly,antonmedv/jsize
erdii,antonmedv/jsize
vyorkin,antonmedv/jsize
soenkekluth,antonmedv/jsize
chibicode,antonmedv/jsize
azu,antonmedv/jsize
lanqy,antonmedv/jsize
nelix,antonmedv/jsize
esneko,antonmedv/jsize
yasinatesim,antonmedv/jsize
the-cc-dev,antonmedv/jsize
anjingxz,WhiteHouse/omb_place
Amorymeltzer,WhiteHouse/omb_place
arrmac,WhiteHouse/omb_place
peterbrinck,WhiteHouse/omb_place
angusshire,WhiteHouse/omb_place
sivartravis,WhiteHouse/omb_place
gaybro8777,WhiteHouse/omb_place
lifa123,nikhilkumarsingh/awesome-wikidata-scripts
hercules261188,nikhilkumarsingh/awesome-wikidata-scripts
Abhimishra2424,adrianhajdin/project_hoobank
EronMahmuti,adrianhajdin/project_hoobank
YulioV,adrianhajdin/project_hoobank
NitinChakraborty2001,adrianhajdin/project_hoobank
GNURub,adrianhajdin/project_hoobank
Sandrex233,adrianhajdin/project_hoobank
TenviLi,adrianhajdin/project_hoobank
CloudBranch,adrianhajdin/project_hoobank
brunowego,adrianhajdin/project_hoobank
3m4r5,adrianhajdin/project_hoobank
lordvins226,adrianhajdin/project_hoobank
jessb321,adrianhajdin/project_hoobank
Los-had,adrianhajdin/project_hoobank
vulcangz,adrianhajdin/project_hoobank
izontm,adrianhajdin/project_hoobank
Wallace121980,adrianhajdin/project_hoobank
HarshalShende,adrianhajdin/project_hoobank
araguaci,adrianhajdin/project_hoobank
dolev146,adrianhajdin/project_hoobank
AppServiceProvider,adrianhajdin/project_hoobank
modulexcite,adrianhajdin/project_hoobank
mhaidarhanif,adrianhajdin/project_hoobank
manthanank,adrianhajdin/project_hoobank
Swifilaboroka,adrianhajdin/project_hoobank
ravirathore,adrianhajdin/project_hoobank
hamdanhussein,adrianhajdin/project_hoobank
GeovaRS,adrianhajdin/project_hoobank
rtzll,adrianhajdin/project_hoobank
SUVENDU-CHHATOI,adrianhajdin/project_hoobank
baronrustamov,adrianhajdin/project_hoobank
firdausakbarr,adrianhajdin/project_hoobank
shaheen7a,adrianhajdin/project_hoobank
paulgrunt,adrianhajdin/project_hoobank
jem98devs,adrianhajdin/project_hoobank
Sandalots,adrianhajdin/project_hoobank
andantonyan,adrianhajdin/project_hoobank
Amadeo-Frontend,adrianhajdin/project_hoobank
dezobq,adrianhajdin/project_hoobank
AmirWorkplace,adrianhajdin/project_hoobank
N0t-Sur3,adrianhajdin/project_hoobank
Vincent-coder-sang,adrianhajdin/project_hoobank
ysnbogt,adrianhajdin/project_hoobank
Nullcano,adrianhajdin/project_hoobank
mvandermeulen,adrianhajdin/project_hoobank
rr3s1,adrianhajdin/project_hoobank
hackerbotsupreme,adrianhajdin/project_hoobank
hwen020,adrianhajdin/project_hoobank
CodebyCyrus,adrianhajdin/project_hoobank
herberthk,adrianhajdin/project_hoobank
pemawangchuk2023,adrianhajdin/project_hoobank
San0740396762,adrianhajdin/project_hoobank
ryanbaxendale,Raz0r/aemscan
unbaiat,Raz0r/aemscan
modulexcite,Raz0r/aemscan
lifa123,Raz0r/aemscan
lightoyou,Raz0r/aemscan
CharlesCreativeContent,Raz0r/aemscan
Siss3l,Raz0r/aemscan
macint0sh,Raz0r/aemscan
johackim,xbelanch/OBS4Pi
jamiedevsandbox,xbelanch/OBS4Pi
likaihere,casatwy/HandyAutoLayout
luohaoyuan,casatwy/HandyAutoLayout
phpmaple,casatwy/HandyAutoLayout
mrmign,casatwy/HandyAutoLayout
pranavlathigara,casatwy/HandyAutoLayout
angusshire,casatwy/HandyAutoLayout
suxinde2009,casatwy/HandyAutoLayout
Jinxiansen,casatwy/HandyAutoLayout
Josscii,casatwy/HandyAutoLayout
CreatorMetaSky,casatwy/HandyAutoLayout
gaoypChina,casatwy/HandyAutoLayout
DanielPetelin,casatwy/HandyAutoLayout
jefftriplett,sagesharp/python-code-of-conduct
sachaarbonel,aloisdeniel/bluff
gaoypChina,aloisdeniel/bluff
smanwarulislam,aloisdeniel/bluff
mbrukman,aloisdeniel/bluff
morristech,aloisdeniel/bluff
pillowsoft,aloisdeniel/bluff
ayush15k1994,aloisdeniel/bluff
elhadjx,aloisdeniel/bluff
fly51fly,mrdbourke/m1-machine-learning-test
flrngel,mrdbourke/m1-machine-learning-test
soma2000-lang,mrdbourke/m1-machine-learning-test
esneko,mrdbourke/m1-machine-learning-test
minhoryang,mrdbourke/m1-machine-learning-test
Good4lien,saurabhdaware/blog.saurabhdaware.in
TheMushrr00m,mrdbourke/cs329s-ml-deployment-tutorial
fly51fly,mrdbourke/cs329s-ml-deployment-tutorial
alexrigler,mrdbourke/cs329s-ml-deployment-tutorial
vigneshv92,mrdbourke/cs329s-ml-deployment-tutorial
silverstone1903,mrdbourke/cs329s-ml-deployment-tutorial
cr7yash,mrdbourke/cs329s-ml-deployment-tutorial
PSJoshi,mrdbourke/cs329s-ml-deployment-tutorial
eueung,mrdbourke/cs329s-ml-deployment-tutorial
AppServiceProvider,mrdbourke/cs329s-ml-deployment-tutorial
ArunkumarRamanan,mrdbourke/cs329s-ml-deployment-tutorial
appidiabhinav,mrdbourke/cs329s-ml-deployment-tutorial
jon-chun,mrdbourke/cs329s-ml-deployment-tutorial
kprybol,mrdbourke/cs329s-ml-deployment-tutorial
arafat877,mrdbourke/cs329s-ml-deployment-tutorial
soma2000-lang,mrdbourke/cs329s-ml-deployment-tutorial
Sandrex233,mrdbourke/cs329s-ml-deployment-tutorial
ebigram,mrdbourke/cs329s-ml-deployment-tutorial
dkapt,mrdbourke/cs329s-ml-deployment-tutorial
lightoyou,stong/CVE-2021-3156
xrmr,stong/CVE-2021-3156
triplekill,stong/CVE-2021-3156
ik5,stong/CVE-2021-3156
lifa123,stong/CVE-2021-3156
hyp3r5pace,stong/CVE-2021-3156
fly51fly,stong/CVE-2021-3156
AppServiceProvider,stong/CVE-2021-3156
own2pwn,stong/CVE-2021-3156
BxC1sF1E,stong/CVE-2021-3156
famasoon,stong/CVE-2021-3156
daedalus,stong/CVE-2021-3156
jivoi,stong/CVE-2021-3156
agnosticlines,stong/CVE-2021-3156
DPS0340,stong/CVE-2021-3156
Bvaudin,stong/CVE-2021-3156
FDlucifer,stong/CVE-2021-3156
jamiedevsandbox,stong/CVE-2021-3156
h1nk,stong/CVE-2021-3156
x0nu11byt3,stong/CVE-2021-3156
gauravssnl,stong/CVE-2021-3156
dkapt,stong/CVE-2021-3156
NitinChakraborty2001,ritwickdey/organic-shop
abhijit1990,ritwickdey/organic-shop
jalcine,itaditya/background-check
scivey,itaditya/background-check
tunnckoCore,itaditya/background-check
lifa123,itaditya/background-check
deadcoder0904,itaditya/background-check
SeshatCZ,ck37/featurerank
cieplak,torvalds/pesconvert
opragel,torvalds/pesconvert
morristech,torvalds/pesconvert
jstoobz,torvalds/pesconvert
ik5,torvalds/pesconvert
gauravssnl,torvalds/pesconvert
00mjk,torvalds/pesconvert
Lencof,torvalds/pesconvert
KaiDevrim,torvalds/pesconvert
jamiedevsandbox,torvalds/pesconvert
thisiskeanyvy,torvalds/pesconvert
SelimHorri,torvalds/pesconvert
stefan02brunner,torvalds/pesconvert
sreelakshmig009,torvalds/pesconvert
omasanori,torvalds/pesconvert
MrBennySolomon,torvalds/pesconvert
Sandalots,torvalds/pesconvert
MilleniumSpark,torvalds/pesconvert
spiri-leo,torvalds/pesconvert
ZigaoWang,torvalds/pesconvert
Matt-Deacalion,torvalds/pesconvert
youngchief-btw,torvalds/pesconvert
Cre4T3Tiv3,torvalds/pesconvert
Ayokanmi-Adejola,torvalds/pesconvert
johndavemanuel,iamshaunjp/firebase-firestore-playlist
MtDeity,iamshaunjp/firebase-firestore-playlist
ahronlu,iamshaunjp/firebase-firestore-playlist
AbhiImReal403,iamshaunjp/firebase-firestore-playlist
ianlaporte,iamshaunjp/firebase-firestore-playlist
MrBlackBeeOsn,iamshaunjp/firebase-firestore-playlist
whummer,localstack/aws-sam-cli-local
ai-ml-architect,localstack/aws-sam-cli-local
yareyaredesuyo,localstack/aws-sam-cli-local
Sandalots,localstack/aws-sam-cli-local
esneko,localstack/aws-sam-cli-local
kmorrow1,localstack/aws-sam-cli-local
takuan-osho,localstack/aws-sam-cli-local
patrick91,jakearchibald/big-web-quiz
program247365,jakearchibald/big-web-quiz
barbagrigia,jakearchibald/big-web-quiz
AlexxNica,jakearchibald/big-web-quiz
anqur,jakearchibald/big-web-quiz
umaar,jakearchibald/big-web-quiz
aashutoshrathi,jakearchibald/big-web-quiz
jaffreyjoy,jakearchibald/big-web-quiz
mikelnrd,jakearchibald/big-web-quiz
sponnusa,jakearchibald/big-web-quiz
youngchief-btw,jakearchibald/big-web-quiz
fly51fly,gasteigerjo/dimenet
nikivdev,gasteigerjo/dimenet
feross,feross/clipboard-copy
codyphobe,feross/clipboard-copy
deadcoder0904,feross/clipboard-copy
DylanKojiCheslin,feross/clipboard-copy
ktkization,feross/clipboard-copy
yangwao,feross/clipboard-copy
nhducit,feross/clipboard-copy
iTonyYo,feross/clipboard-copy
rtdaly,feross/clipboard-copy
YerkoPalma,feross/clipboard-copy
goblindegook,feross/clipboard-copy
sescobb27,feross/clipboard-copy
chibicode,feross/clipboard-copy
barbagrigia,feross/clipboard-copy
esneko,feross/clipboard-copy
klihelp,feross/clipboard-copy
therealt3nzin,feross/clipboard-copy
vintagesucks,feross/clipboard-copy
hartca,feross/clipboard-copy
canering,feross/clipboard-copy
ifvictr,feross/clipboard-copy
tg-z,feross/clipboard-copy
dcgithub,feross/clipboard-copy
Doppp,feross/clipboard-copy
liudonghua123,feross/clipboard-copy
jedsada-gh,feross/clipboard-copy
yonycalsin,feross/clipboard-copy
bntzio,feross/clipboard-copy
SantoshSrinivas79,feross/clipboard-copy
doc22940,feross/clipboard-copy
whatwewant,feross/clipboard-copy
TenviLi,feross/clipboard-copy
AppServiceProvider,feross/clipboard-copy
UltiRequiem,feross/clipboard-copy
mskian,feross/clipboard-copy
youngchief-btw,feross/clipboard-copy
iRaul,feross/clipboard-copy
chentsulin,feross/clipboard-copy
derhuerst,feross/clipboard-copy
gosoxharp,feross/clipboard-copy
mhaidarhanif,feross/clipboard-copy
mvandermeulen,feross/clipboard-copy
angusshire,clindsey/cookbook
MihalczGabor,ethereum/beacon-metrics
Qdigital,ethereum/beacon-metrics
KenMan79,ethereum/beacon-metrics
LuozhuZhang,ethereum/beacon-metrics
von-steinkirch,ethereum/beacon-metrics
Ramyromel,ethereum/beacon-metrics
haroldo-ok,emersonsoares/cep-api
hawkup,mscoutermarsh/dotfiles
hub33k,mscoutermarsh/dotfiles
samyk,mscoutermarsh/dotfiles
canering,mscoutermarsh/dotfiles
dobestan,mscoutermarsh/dotfiles
bonfy,mscoutermarsh/dotfiles
nicholasadamou,mscoutermarsh/dotfiles
leo424y,mscoutermarsh/dotfiles
ymn1k,mscoutermarsh/dotfiles
dyhpoon,mscoutermarsh/dotfiles
RobertAudi,mscoutermarsh/dotfiles
mikelnrd,mscoutermarsh/dotfiles
khanhicetea,mscoutermarsh/dotfiles
jalcine,mscoutermarsh/dotfiles
KEVINYZY,mscoutermarsh/dotfiles
PeterVatistas,mscoutermarsh/dotfiles
gauravssnl,mscoutermarsh/dotfiles
morristech,mscoutermarsh/dotfiles
eyadsibai,mscoutermarsh/dotfiles
frankfanslc,mscoutermarsh/dotfiles
suxinde2009,mscoutermarsh/dotfiles
MilleniumSpark,mscoutermarsh/dotfiles
RustyCobalt36,mscoutermarsh/dotfiles
tuanductran,mscoutermarsh/dotfiles
trinhminhtriet,mscoutermarsh/dotfiles
gaoypChina,AshAman999/Edify
MihalczGabor,ethereum/alexandria
Ramyromel,ethereum/alexandria
mcanthony,lengstrom/codezoo
Jolaolu,bradtraversy/bookmarker
tg-z,bradtraversy/bookmarker
DevAshleyD,bradtraversy/bookmarker
mouadTaoussi,bradtraversy/bookmarker
stefan02brunner,bradtraversy/bookmarker
yusuf-ozdemir,bradtraversy/bookmarker
dolev146,bradtraversy/bookmarker
NitinChakraborty2001,bradtraversy/bookmarker
mvandermeulen,bradtraversy/bookmarker
arafat877,bradtraversy/bookmarker
MrBlackBeeOsn,bradtraversy/bookmarker
MrBennySolomon,bradtraversy/bookmarker
brenopolanski,crnacura/AmbientCanvasBackgrounds
YerkoPalma,crnacura/AmbientCanvasBackgrounds
wpank,crnacura/AmbientCanvasBackgrounds
gauravssnl,crnacura/AmbientCanvasBackgrounds
ik5,crnacura/AmbientCanvasBackgrounds
iTonyYo,crnacura/AmbientCanvasBackgrounds
thanhtoan1196,crnacura/AmbientCanvasBackgrounds
WeiChiaChang,crnacura/AmbientCanvasBackgrounds
doc22940,crnacura/AmbientCanvasBackgrounds
pachacamac,crnacura/AmbientCanvasBackgrounds
dcgithub,crnacura/AmbientCanvasBackgrounds
turdfire,crnacura/AmbientCanvasBackgrounds
SantoshSrinivas79,crnacura/AmbientCanvasBackgrounds
johndavemanuel,bradtraversy/apex-legends-tracker
jonasermert,bradtraversy/apex-legends-tracker
tchigher,bradtraversy/apex-legends-tracker
herberthk,bradtraversy/apex-legends-tracker
mouadTaoussi,bradtraversy/apex-legends-tracker
ahronlu,bradtraversy/apex-legends-tracker
DevAshleyD,bradtraversy/apex-legends-tracker
stefan02brunner,bradtraversy/apex-legends-tracker
yusuf-ozdemir,bradtraversy/apex-legends-tracker
dolev146,bradtraversy/apex-legends-tracker
ampodo,bradtraversy/apex-legends-tracker
arafat877,bradtraversy/apex-legends-tracker
MrBennySolomon,bradtraversy/apex-legends-tracker
Suburbanno,MariaEduardaDeAzevedo/detector-de-mascaras
denji,IonicaBizau/anser
gauravssnl,IonicaBizau/anser
hercules261188,IonicaBizau/anser
Sandalots,IonicaBizau/anser
geduardcatalindev,bradtraversy/angular60
sguzman,bradtraversy/angular60
amite,bradtraversy/angular60
mouadTaoussi,bradtraversy/angular60
jonasermert,bradtraversy/angular60
stefan02brunner,bradtraversy/angular60
yusuf-ozdemir,bradtraversy/angular60
dolev146,bradtraversy/angular60
arafat877,bradtraversy/angular60
MrBennySolomon,bradtraversy/angular60
JT5D,Tyriar/abbr-touch
codyphobe,Tyriar/abbr-touch
timelyportfolio,Tyriar/abbr-touch
gauravssnl,Tyriar/abbr-touch
trinhminhtriet,Tyriar/abbr-touch
lifa123,tinchoabbate/slither-scripts
shanefontaine,tinchoabbate/slither-scripts
Butters3388214,tinchoabbate/slither-scripts
von-steinkirch,tinchoabbate/slither-scripts
pynchmeister,tinchoabbate/slither-scripts
charlenopires,rogeriopvl/Downpy
angusshire,rogeriopvl/Downpy
thanhtoan1196,PragneshRamani/Coursera---Using-Python-to-Access-Web-Data
Butters3388214,PragneshRamani/Coursera---Using-Python-to-Access-Web-Data
Adlinke,PragneshRamani/Coursera---Using-Python-to-Access-Web-Data
mrluanma,trailofbits/constexpr-everything
rbnx,trailofbits/constexpr-everything
artob,trailofbits/constexpr-everything
denji,trailofbits/constexpr-everything
i0Ek3,trailofbits/constexpr-everything
hoangpq,trailofbits/constexpr-everything
halsten,trailofbits/constexpr-everything
agnosticlines,trailofbits/constexpr-everything
d3v3l0,trailofbits/constexpr-everything
frankfanslc,trailofbits/constexpr-everything
stjordanis,trailofbits/constexpr-everything
SeshatCZ,trailofbits/constexpr-everything
jevinskie,trailofbits/constexpr-everything
cbyt3,trailofbits/constexpr-everything
hercules261188,nikhilkumarsingh/desktop_reminder
antick,nikhilkumarsingh/desktop_reminder
ajmalafif,taniarascia/laconia
zce,taniarascia/laconia
iAhsanJaved,taniarascia/laconia
jaamaalxyz,taniarascia/laconia
ourobouros,taniarascia/laconia
gvvynplaine,taniarascia/laconia
jesusgoku,taniarascia/laconia
sonnylazuardi,taniarascia/laconia
yonycalsin,taniarascia/laconia
Doppp,taniarascia/laconia
Shohan494,taniarascia/laconia
royswale,taniarascia/laconia
mrluanma,taniarascia/laconia
garimasingh128,taniarascia/laconia
johnyxu,taniarascia/laconia
SelimHorri,taniarascia/laconia
deepyes02,taniarascia/laconia
araguaci,taniarascia/laconia
ampodo,taniarascia/laconia
NEBULA1978,taniarascia/laconia
purtyb1tch92,taniarascia/laconia
missAnneThorpe,taniarascia/laconia
trietptm,xoreaxeaxeax/..cantor.dust..
tututu-patch,xoreaxeaxeax/..cantor.dust..
Butters3388214,YosephKS/moralis-opensea-plugins
tuanductran,YosephKS/moralis-opensea-plugins
aviaryan,aviaryan/alfred-google-search
joedf,aviaryan/alfred-google-search
aashutoshrathi,aviaryan/alfred-google-search
joedf,aviaryan/Ahk-Best-Practices
aviaryan,aviaryan/Ahk-Best-Practices
dufferzafar,aviaryan/Ahk-Best-Practices
sivartravis,aviaryan/Ahk-Best-Practices
KaiDevrim,google/actions-on-google-trivia-template-sdk
thisiskeanyvy,google/actions-on-google-trivia-template-sdk
itsimpeccable,google/actions-on-google-trivia-template-sdk
ZigaoWang,google/actions-on-google-trivia-template-sdk
AppServiceProvider,Anuj-Kumar-Sharma/DS-Algo
Mithileshraj123,Anuj-Kumar-Sharma/DS-Algo
abhijit1990,Anuj-Kumar-Sharma/DS-Algo
manthanank,Anuj-Kumar-Sharma/DS-Algo
jonasermert,Anuj-Kumar-Sharma/DS-Algo
tuyucheng7,Anuj-Kumar-Sharma/DS-Algo
saturation,trailofbits/bisc
opexxx,trailofbits/bisc
nbosa,trailofbits/bisc
trietptm,trailofbits/bisc
von-steinkirch,trailofbits/bisc
jevinskie,trailofbits/bisc
colejhudson,trailofbits/bisc
LJ001,trailofbits/bisc
jrodrigomg,trailofbits/bisc
halsten,trailofbits/bisc
Mudkipboo,trailofbits/bisc
mhaidarhanif,taniarascia/new-moon-vscode
RinatValiullov,taniarascia/new-moon-vscode
ourobouros,taniarascia/new-moon-vscode
deepyes02,taniarascia/new-moon-vscode
ampodo,taniarascia/new-moon-vscode
NEBULA1978,taniarascia/new-moon-vscode
whummer,localstack/localstack-python-client
darvid,localstack/localstack-python-client
scivey,localstack/localstack-python-client
gauravssnl,localstack/localstack-python-client
ai-ml-architect,localstack/localstack-python-client
kmorrow1,localstack/localstack-python-client
old101,trailofbits/algo-ng
denji,trailofbits/algo-ng
cmdplusr,trailofbits/algo-ng
zbeekman,trailofbits/algo-ng
Hostn4me,trailofbits/algo-ng
stjordanis,trailofbits/algo-ng
mvandermeulen,trailofbits/algo-ng
SeshatCZ,trailofbits/algo-ng
kmorrow1,trailofbits/algo-ng
azu,ljharb/aud
ur5us,ljharb/aud
saadshahd,ljharb/aud
therealt3nzin,ljharb/aud
denisse-dev,ljharb/aud
vintagesucks,ljharb/aud
00mjk,ljharb/aud
hyperupcall,ljharb/aud
shunkakinoki,felangel/bloc.js
lxsmnsyc,felangel/bloc.js
gaoypChina,felangel/bloc.js
andantonyan,felangel/bloc.js
gauravssnl,felangel/bloc.js
yonycalsin,felangel/bloc.js
alwayrun,felangel/bloc.js
mrluanma,felangel/bloc.js
uptonking,felangel/bloc.js
clsource,felangel/bloc.js
hoangpq,felangel/bloc.js
Mithileshraj123,felangel/bloc.js
esneko,felangel/bloc.js
elhadjx,felangel/bloc.js
trinhminhtriet,felangel/bloc.js
JonReppDirectOneDesign,google/.github
h1nk,google/.github
MihalczGabor,google/.github
ttatanepvp123,google/.github
KaiDevrim,google/.github
thisiskeanyvy,google/.github
hercules261188,google/.github
svercl,google/.github
bluemix,google/.github
DPS0340,google/.github
itsimpeccable,google/.github
flumpus-dev,google/.github
ZigaoWang,google/.github
rakhmad,mattgallagher/CwlSignal
Jinxiansen,mattgallagher/CwlSignal
kriwil,mattgallagher/CwlSignal
fly51fly,mattgallagher/CwlSignal
akaralar,mattgallagher/CwlSignal
denji,mattgallagher/CwlSignal
mono0926,mattgallagher/CwlSignal
damianesteban,mattgallagher/CwlSignal
tkersey,mattgallagher/CwlSignal
opragel,mattgallagher/CwlSignal
gaoypChina,mattgallagher/CwlSignal
arrmac,mattgallagher/CwlSignal
own2pwn,mattgallagher/CwlSignal
gauravssnl,mattgallagher/CwlSignal
Good4lien,anuraghazra/circleci-test
jefftriplett,shazow/briefmetrics
mahmoudimus,shazow/briefmetrics
byteshiva,shazow/briefmetrics
gauravssnl,shazow/briefmetrics
ik5,shazow/briefmetrics
opexxx,byt3bl33d3r/arpspoof
xvovx,byt3bl33d3r/arpspoof
llazzaro,byt3bl33d3r/arpspoof
jrodrigomg,byt3bl33d3r/arpspoof
PeterVatistas,byt3bl33d3r/arpspoof
andrewwxy,byt3bl33d3r/arpspoof
triplekill,byt3bl33d3r/arpspoof
yoCruzer,byt3bl33d3r/arpspoof
Stankye,byt3bl33d3r/arpspoof
insanitus,byt3bl33d3r/arpspoof
conail,byt3bl33d3r/arpspoof
puppycodes,byt3bl33d3r/arpspoof
selftaught,byt3bl33d3r/arpspoof
gauravssnl,byt3bl33d3r/arpspoof
own2pwn,byt3bl33d3r/arpspoof
Ro9ueAdmin,byt3bl33d3r/arpspoof
lightoyou,byt3bl33d3r/arpspoof
lifa123,byt3bl33d3r/arpspoof
quantumpacket,byt3bl33d3r/arpspoof
KevenBelanger,byt3bl33d3r/arpspoof
CPT-Jack-A-Castle,byt3bl33d3r/arpspoof
felipetruman,byt3bl33d3r/arpspoof
Cre4T3Tiv3,byt3bl33d3r/arpspoof
wassiim,vicky002/1000_Projects
burkesquires,vicky002/1000_Projects
pranavlathigara,vicky002/1000_Projects
sguzman,vicky002/1000_Projects
discountry,vicky002/1000_Projects
jay3ss,vicky002/1000_Projects
decimalbell,vicky002/1000_Projects
conail,vicky002/1000_Projects
catplanet007,vicky002/1000_Projects
gauravssnl,vicky002/1000_Projects
Shohan494,vicky002/1000_Projects
guptarohit,vicky002/1000_Projects
roscopecoltran,vicky002/1000_Projects
imxiaohui,vicky002/1000_Projects
appidiabhinav,vicky002/1000_Projects
ik5,vicky002/1000_Projects
krthr,vicky002/1000_Projects
ktkization,vicky002/1000_Projects
i0Ek3,vicky002/1000_Projects
jonasermert,vicky002/1000_Projects
PeterVatistas,vicky002/1000_Projects
Jolaolu,vicky002/1000_Projects
victory-sokolov,vicky002/1000_Projects
apmarshall,vicky002/1000_Projects
bonfy,vicky002/1000_Projects
veris-pr,vicky002/1000_Projects
youngchief-btw,vicky002/1000_Projects
rtzll,vicky002/1000_Projects
whatwewant,vicky002/1000_Projects
p-raj,vicky002/1000_Projects
yasinatesim,vicky002/1000_Projects
mariamimmh,vicky002/1000_Projects
pedoc,vicky002/1000_Projects
xmonader,vicky002/1000_Projects
Mithileshraj123,vicky002/1000_Projects
araguaci,vicky002/1000_Projects
studiovc,vicky002/1000_Projects
Murplugg,vicky002/1000_Projects
shuklayash10,vicky002/1000_Projects
BiswajitDtta,vicky002/1000_Projects
MilleniumSpark,vicky002/1000_Projects
duksosleepy,vicky002/1000_Projects
MahanRajabi80,vicky002/1000_Projects
Matt-Deacalion,vicky002/1000_Projects
pushpendrapratap,Shreeshrii/tess5train-fonts
vulcangz,Shreeshrii/tess5train-fonts
Good4lien,nerdynikhil/codestreak
Panquesito7,EddieHubCommunity/gh-action-community
FahimFBA,EddieHubCommunity/gh-action-community
hercules261188,nikhilkumarsingh/cmail
tchigher,RivaanRanawat/flutter-whatsapp-clone
MaxCodeXTC,RivaanRanawat/flutter-whatsapp-clone
orakle,RivaanRanawat/flutter-whatsapp-clone
mono0926,RivaanRanawat/flutter-whatsapp-clone
gaoypChina,RivaanRanawat/flutter-whatsapp-clone
anatolinicolae,nikhilkumarsingh/content-downloader
guptarohit,nikhilkumarsingh/content-downloader
jonathanegol,nikhilkumarsingh/content-downloader
ellisonleao,nikhilkumarsingh/content-downloader
JesseTG,nikhilkumarsingh/content-downloader
vaginessa,nikhilkumarsingh/content-downloader
canering,nikhilkumarsingh/content-downloader
make-github-pseudonymous-again,nikhilkumarsingh/content-downloader
Pishtiko,nikhilkumarsingh/content-downloader
cmdplusr,nikhilkumarsingh/content-downloader
hercules261188,nikhilkumarsingh/content-downloader
Butters3388214,nikhilkumarsingh/content-downloader
Adlinke,nikhilkumarsingh/content-downloader
mihaeu,kdeldycke/kevin-deldycke-blog
yyolk,kdeldycke/kevin-deldycke-blog
pvergain,kdeldycke/kevin-deldycke-blog
morristech,kdeldycke/kevin-deldycke-blog
canering,kdeldycke/kevin-deldycke-blog
missAnneThorpe,kdeldycke/kevin-deldycke-blog
Sliim,offensive-security/kali-linux-preseed
fits2010,offensive-security/kali-linux-preseed
merekemess,offensive-security/kali-linux-preseed
Sleek1598,offensive-security/kali-linux-preseed
ekovegeance,offensive-security/kali-linux-preseed
KvaroverHeaven,offensive-security/kali-linux-preseed
kimocoder,offensive-security/kali-linux-preseed
ThomasErhel,offensive-security/kali-linux-preseed
bkhobbs39,offensive-security/kali-linux-preseed
simeononsecurity,offensive-security/kali-linux-preseed
tofuzgz,offensive-security/kali-linux-preseed
abedpr,offensive-security/kali-linux-preseed
cannabis09,offensive-security/kali-linux-preseed
kozmendo,offensive-security/kali-linux-preseed
OrlandoANL,offensive-security/kali-linux-preseed
Eikonsphere,offensive-security/kali-linux-preseed
LuisDeSantana,offensive-security/kali-linux-preseed
opexxx,offensive-security/cryptsetup-nuke-keys
trietptm,offensive-security/cryptsetup-nuke-keys
aburan28,offensive-security/cryptsetup-nuke-keys
xvovx,offensive-security/cryptsetup-nuke-keys
taesiri,offensive-security/cryptsetup-nuke-keys
angusshire,offensive-security/cryptsetup-nuke-keys
suriyaa,offensive-security/cryptsetup-nuke-keys
Sliim,offensive-security/cryptsetup-nuke-keys
fijimunkii,offensive-security/cryptsetup-nuke-keys
puppycodes,offensive-security/cryptsetup-nuke-keys
ShawnAlexander,offensive-security/cryptsetup-nuke-keys
AlexxNica,offensive-security/cryptsetup-nuke-keys
shubhamk06,offensive-security/cryptsetup-nuke-keys
merekemess,offensive-security/cryptsetup-nuke-keys
Sleek1598,offensive-security/cryptsetup-nuke-keys
ekovegeance,offensive-security/cryptsetup-nuke-keys
KvaroverHeaven,offensive-security/cryptsetup-nuke-keys
ThomasErhel,offensive-security/cryptsetup-nuke-keys
Kimpten,offensive-security/cryptsetup-nuke-keys
bkhobbs39,offensive-security/cryptsetup-nuke-keys
simeononsecurity,offensive-security/cryptsetup-nuke-keys
abedpr,offensive-security/cryptsetup-nuke-keys
IshwaranRudhara,offensive-security/cryptsetup-nuke-keys
cannabis09,offensive-security/cryptsetup-nuke-keys
kozmendo,offensive-security/cryptsetup-nuke-keys
noods78,offensive-security/cryptsetup-nuke-keys
Eikonsphere,offensive-security/cryptsetup-nuke-keys
LuisDeSantana,offensive-security/cryptsetup-nuke-keys
meafs,Anuj-Kumar-Sharma/Shuffler
gosoxharp,Anuj-Kumar-Sharma/Shuffler
ryanbaxendale,offensive-security/exploitdb-bin-sploits
galaris,offensive-security/exploitdb-bin-sploits
nbosa,offensive-security/exploitdb-bin-sploits
jivoi,offensive-security/exploitdb-bin-sploits
theodorosc,offensive-security/exploitdb-bin-sploits
Sliim,offensive-security/exploitdb-bin-sploits
llazzaro,offensive-security/exploitdb-bin-sploits
trietptm,offensive-security/exploitdb-bin-sploits
0x2Adr1,offensive-security/exploitdb-bin-sploits
aburan28,offensive-security/exploitdb-bin-sploits
zouguangxian,offensive-security/exploitdb-bin-sploits
angusshire,offensive-security/exploitdb-bin-sploits
jmingov,offensive-security/exploitdb-bin-sploits
yoCruzer,offensive-security/exploitdb-bin-sploits
7h3rAm,offensive-security/exploitdb-bin-sploits
Chan9390,offensive-security/exploitdb-bin-sploits
xrmr,offensive-security/exploitdb-bin-sploits
Stankye,offensive-security/exploitdb-bin-sploits
PeterVatistas,offensive-security/exploitdb-bin-sploits
moon2l,offensive-security/exploitdb-bin-sploits
bossjones,offensive-security/exploitdb-bin-sploits
quantumpacket,offensive-security/exploitdb-bin-sploits
securitystreak,offensive-security/exploitdb-bin-sploits
LJ001,offensive-security/exploitdb-bin-sploits
yeshuibo,offensive-security/exploitdb-bin-sploits
AlexxNica,offensive-security/exploitdb-bin-sploits
Solertis,offensive-security/exploitdb-bin-sploits
conail,offensive-security/exploitdb-bin-sploits
marctmiller,offensive-security/exploitdb-bin-sploits
unbaiat,offensive-security/exploitdb-bin-sploits
own2pwn,offensive-security/exploitdb-bin-sploits
mikalv,offensive-security/exploitdb-bin-sploits
krodyx,offensive-security/exploitdb-bin-sploits
ansarid,offensive-security/exploitdb-bin-sploits
daedalus,offensive-security/exploitdb-bin-sploits
0xfeeddeadbeef,offensive-security/exploitdb-bin-sploits
merekemess,offensive-security/exploitdb-bin-sploits
fits2010,offensive-security/exploitdb-bin-sploits
puppycodes,offensive-security/exploitdb-bin-sploits
cieplak,offensive-security/exploitdb-bin-sploits
selftaught,offensive-security/exploitdb-bin-sploits
ShawnAlexander,offensive-security/exploitdb-bin-sploits
vaginessa,offensive-security/exploitdb-bin-sploits
leesander1,offensive-security/exploitdb-bin-sploits
discoweasel,offensive-security/exploitdb-bin-sploits
madhuakula,offensive-security/exploitdb-bin-sploits
modulexcite,offensive-security/exploitdb-bin-sploits
mehrdad-shokri,offensive-security/exploitdb-bin-sploits
saravntbe,offensive-security/exploitdb-bin-sploits
roscopecoltran,offensive-security/exploitdb-bin-sploits
rmetzler,offensive-security/exploitdb-bin-sploits
HinVec,offensive-security/exploitdb-bin-sploits
limkokhole,offensive-security/exploitdb-bin-sploits
sponnusa,offensive-security/exploitdb-bin-sploits
Hostn4me,offensive-security/exploitdb-bin-sploits
halfx,offensive-security/exploitdb-bin-sploits
Ro9ueAdmin,offensive-security/exploitdb-bin-sploits
Sleek1598,offensive-security/exploitdb-bin-sploits
hktalent,offensive-security/exploitdb-bin-sploits
0w3,offensive-security/exploitdb-bin-sploits
Tatsh,offensive-security/exploitdb-bin-sploits
AzureCloudMonk,offensive-security/exploitdb-bin-sploits
SeshatCZ,offensive-security/exploitdb-bin-sploits
ik5,offensive-security/exploitdb-bin-sploits
ghosthamlet,offensive-security/exploitdb-bin-sploits
andrewwxy,offensive-security/exploitdb-bin-sploits
ekovegeance,offensive-security/exploitdb-bin-sploits
fijimunkii,offensive-security/exploitdb-bin-sploits
karaninder,offensive-security/exploitdb-bin-sploits
KvaroverHeaven,offensive-security/exploitdb-bin-sploits
u0m3,offensive-security/exploitdb-bin-sploits
dendisuhubdy,offensive-security/exploitdb-bin-sploits
morristech,offensive-security/exploitdb-bin-sploits
kimocoder,offensive-security/exploitdb-bin-sploits
ThomasErhel,offensive-security/exploitdb-bin-sploits
lifa123,offensive-security/exploitdb-bin-sploits
jstoobz,offensive-security/exploitdb-bin-sploits
h1nk,offensive-security/exploitdb-bin-sploits
famasoon,offensive-security/exploitdb-bin-sploits
gvvynplaine,offensive-security/exploitdb-bin-sploits
halsten,offensive-security/exploitdb-bin-sploits
HowWeLand,offensive-security/exploitdb-bin-sploits
thanhtoan1196,offensive-security/exploitdb-bin-sploits
AppServiceProvider,offensive-security/exploitdb-bin-sploits
saadazghour,offensive-security/exploitdb-bin-sploits
OrlandoANL,offensive-security/exploitdb-bin-sploits
Kimpten,offensive-security/exploitdb-bin-sploits
BxC1sF1E,offensive-security/exploitdb-bin-sploits
layzhi,offensive-security/exploitdb-bin-sploits
dcgithub,offensive-security/exploitdb-bin-sploits
reedhhw,offensive-security/exploitdb-bin-sploits
bkhobbs39,offensive-security/exploitdb-bin-sploits
dec0dOS,offensive-security/exploitdb-bin-sploits
sanjaypant99,offensive-security/exploitdb-bin-sploits
jamiedevsandbox,offensive-security/exploitdb-bin-sploits
simeononsecurity,offensive-security/exploitdb-bin-sploits
tofuzgz,offensive-security/exploitdb-bin-sploits
abedpr,offensive-security/exploitdb-bin-sploits
apheon-terra,offensive-security/exploitdb-bin-sploits
Bvaudin,offensive-security/exploitdb-bin-sploits
Pierrot-l3-F0U,offensive-security/exploitdb-bin-sploits
Siss3l,offensive-security/exploitdb-bin-sploits
IshwaranRudhara,offensive-security/exploitdb-bin-sploits
Mithileshraj123,offensive-security/exploitdb-bin-sploits
cannabis09,offensive-security/exploitdb-bin-sploits
tracure1337,offensive-security/exploitdb-bin-sploits
meafs,offensive-security/exploitdb-bin-sploits
kozmendo,offensive-security/exploitdb-bin-sploits
puzzithinker,offensive-security/exploitdb-bin-sploits
MilleniumSpark,offensive-security/exploitdb-bin-sploits
CPT-Jack-A-Castle,offensive-security/exploitdb-bin-sploits
x0nu11byt3,offensive-security/exploitdb-bin-sploits
0A7V9A,offensive-security/exploitdb-bin-sploits
noods78,offensive-security/exploitdb-bin-sploits
cbyt3,offensive-security/exploitdb-bin-sploits
Eikonsphere,offensive-security/exploitdb-bin-sploits
LuisDeSantana,offensive-security/exploitdb-bin-sploits
jomefavourite,btholt/complete-intro-to-computer-science
saadazghour,btholt/complete-intro-to-computer-science
ebigram,btholt/complete-intro-to-computer-science
mariamimmh,btholt/complete-intro-to-computer-science
M3Try,btholt/complete-intro-to-computer-science
theodesp,btholt/complete-intro-to-computer-science
RinatValiullov,btholt/complete-intro-to-computer-science
co-bby,btholt/complete-intro-to-computer-science
Mithileshraj123,btholt/complete-intro-to-computer-science
Sandrex233,btholt/complete-intro-to-computer-science
umaar,btholt/complete-intro-to-computer-science
da-vaibhav,btholt/complete-intro-to-computer-science
trinhminhtriet,btholt/complete-intro-to-computer-science
tunnckoCore,carloscuesta/carloscuesta.me
rtdaly,carloscuesta/carloscuesta.me
gkze,carloscuesta/carloscuesta.me
NitinChakraborty2001,carloscuesta/carloscuesta.me
pvergain,wsvincent/awesome-django
matagus,wsvincent/awesome-django
nschlemm,wsvincent/awesome-django
gauravssnl,wsvincent/awesome-django
mjhea0,wsvincent/awesome-django
haraball,wsvincent/awesome-django
triplekill,wsvincent/awesome-django
zpaav,wsvincent/awesome-django
muminoff,wsvincent/awesome-django
saadazghour,wsvincent/awesome-django
kaoussi,wsvincent/awesome-django
dec0dOS,wsvincent/awesome-django
quobit,wsvincent/awesome-django
likaihere,wsvincent/awesome-django
TheMushrr00m,wsvincent/awesome-django
dhamaniasad,wsvincent/awesome-django
lucianosb,wsvincent/awesome-django
pushpendrapratap,wsvincent/awesome-django
lmatt-bit,wsvincent/awesome-django
macint0sh,wsvincent/awesome-django
tracure1337,wsvincent/awesome-django
orakle,wsvincent/awesome-django
sunlei,wsvincent/awesome-django
fly51fly,wsvincent/awesome-django
AzureCloudMonk,wsvincent/awesome-django
stjordanis,wsvincent/awesome-django
mph-code,wsvincent/awesome-django
the-cc-dev,wsvincent/awesome-django
wjnbreu,wsvincent/awesome-django
hilarryxu,wsvincent/awesome-django
gvvynplaine,wsvincent/awesome-django
layzhi,wsvincent/awesome-django
DanielPetelin,wsvincent/awesome-django
ktkization,wsvincent/awesome-django
RinatValiullov,wsvincent/awesome-django
chaitanyaphalak,wsvincent/awesome-django
oudommeas,wsvincent/awesome-django
tddschn,wsvincent/awesome-django
wigust,wsvincent/awesome-django
hamannju,wsvincent/awesome-django
sahwar,wsvincent/awesome-django
doc22940,wsvincent/awesome-django
fkazimierczak,wsvincent/awesome-django
jstoobz,wsvincent/awesome-django
jubbon,wsvincent/awesome-django
Shohan494,wsvincent/awesome-django
barbietunnie,wsvincent/awesome-django
andriyor,wsvincent/awesome-django
guptarohit,wsvincent/awesome-django
channprj,wsvincent/awesome-django
sanjaypant99,wsvincent/awesome-django
MtDeity,wsvincent/awesome-django
h1nk,wsvincent/awesome-django
esneko,wsvincent/awesome-django
reedhhw,wsvincent/awesome-django
veris-pr,wsvincent/awesome-django
nikivdev,wsvincent/awesome-django
herbygillot,wsvincent/awesome-django
mugli,wsvincent/awesome-django
d3v3l0,wsvincent/awesome-django
plamengj,wsvincent/awesome-django
mariamimmh,wsvincent/awesome-django
neibla,wsvincent/awesome-django
sergkop,wsvincent/awesome-django
karbon0x,wsvincent/awesome-django
sagar-pardhi,wsvincent/awesome-django
mehrdad-shokri,wsvincent/awesome-django
ik5,wsvincent/awesome-django
appidiabhinav,wsvincent/awesome-django
vulcangz,wsvincent/awesome-django
tchigher,wsvincent/awesome-django
itsnotvalid,wsvincent/awesome-django
xeoneux,wsvincent/awesome-django
jaamaalxyz,wsvincent/awesome-django
mikalv,wsvincent/awesome-django
Giovan,wsvincent/awesome-django
jianyuan,wsvincent/awesome-django
quentinfayet,wsvincent/awesome-django
eevmanu,wsvincent/awesome-django
andreipopovici,wsvincent/awesome-django
CharlesCreativeContent,wsvincent/awesome-django
ghishadow,wsvincent/awesome-django
gkze,wsvincent/awesome-django
axifive,wsvincent/awesome-django
ramnes,wsvincent/awesome-django
baronrustamov,wsvincent/awesome-django
YerkoPalma,wsvincent/awesome-django
kangkot,wsvincent/awesome-django
sayyidisal,wsvincent/awesome-django
Bvaudin,wsvincent/awesome-django
youngchief-btw,wsvincent/awesome-django
imxiaohui,wsvincent/awesome-django
p-raj,wsvincent/awesome-django
MikeGolden,wsvincent/awesome-django
johnyxu,wsvincent/awesome-django
jefftriplett,wsvincent/awesome-django
sourcepirate,wsvincent/awesome-django
dcgithub,wsvincent/awesome-django
nobiit,wsvincent/awesome-django
jamiedevsandbox,wsvincent/awesome-django
meafs,wsvincent/awesome-django
victory-sokolov,wsvincent/awesome-django
achermannagement,wsvincent/awesome-django
Ay-355,wsvincent/awesome-django
Mudkipboo,wsvincent/awesome-django
mrluanma,wsvincent/awesome-django
jay3ss,wsvincent/awesome-django
nerdfiles,wsvincent/awesome-django
Mithileshraj123,wsvincent/awesome-django
Swifilaboroka,wsvincent/awesome-django
eyadsibai,wsvincent/awesome-django
adotsloan,wsvincent/awesome-django
owen800q,ritwickdey/ritwickdey.github.io
tddschn,ritwickdey/ritwickdey.github.io
gauravssnl,ritwickdey/ritwickdey.github.io
frankfanslc,ritwickdey/ritwickdey.github.io
manthanank,ritwickdey/ritwickdey.github.io
CharlesCreativeContent,CharlesCreativeContent/CodeWars
00mjk,CharlesCreativeContent/CodeWars
SelimHorri,CharlesCreativeContent/CodeWars
NS007-dev,CharlesCreativeContent/CodeWars
MihalczGabor,CharlesCreativeContent/CodeWars
Good4lien,CharlesCreativeContent/CodeWars
tensortalk,arogozhnikov/infiniteboost
nikolay,arogozhnikov/infiniteboost
fly51fly,arogozhnikov/infiniteboost
xuanhan863,arogozhnikov/infiniteboost
silverstone1903,arogozhnikov/infiniteboost
kprybol,arogozhnikov/infiniteboost
jubbon,arogozhnikov/infiniteboost
eevmanu,arogozhnikov/infiniteboost
kgryte,arogozhnikov/infiniteboost
denisfitz57,arogozhnikov/infiniteboost
rbnx,arogozhnikov/infiniteboost
stjordanis,arogozhnikov/infiniteboost
Murplugg,arogozhnikov/infiniteboost
ArunkumarRamanan,arogozhnikov/infiniteboost
floydwch,arogozhnikov/infiniteboost
likaihere,arogozhnikov/infiniteboost
Shifu-Engineer,arogozhnikov/infiniteboost
JeffCarpenter,arogozhnikov/infiniteboost
hyp3r5pace,norbusan/cinnadock-p2
MihalczGabor,vivekweb2013/audio-recorder
abhijit1990,vivekweb2013/audio-recorder
Good4lien,vivekweb2013/audio-recorder
yyle88,vivekweb2013/audio-recorder
purtyb1tch92,savannahar68/ClipboardHistory
dalakatt,savannahar68/ClipboardHistory
purtyb1tch92,savannahar68/CamScanner-Python
dalakatt,savannahar68/CamScanner-Python
cwonrails,jgthms/bulma-versions
yonycalsin,jgthms/bulma-versions
mvandermeulen,jgthms/bulma-versions
Eikonsphere,jgthms/bulma-versions
Panquesito7,EddieHubCommunity/Branding
NS007-dev,EddieHubCommunity/Branding
gptkrsh,EddieHubCommunity/Branding
kmorrow1,EddieHubCommunity/Branding
kgryte,feross/arch
feross,feross/arch
joseluisq,feross/arch
barbietunnie,feross/arch
roccomuso,feross/arch
DylanKojiCheslin,feross/arch
velveteer,feross/arch
fly51fly,feross/arch
Jerzerak,feross/arch
AlexxNica,feross/arch
derhuerst,feross/arch
therealt3nzin,feross/arch
hartca,feross/arch
Kimpten,feross/arch
TheLastZombie,feross/arch
feross,feross/awesome-mad-science
marwanhilmi,feross/awesome-mad-science
denji,feross/awesome-mad-science
floydwch,feross/awesome-mad-science
roryrjb,feross/awesome-mad-science
jiangplus,feross/awesome-mad-science
jumbojett,feross/awesome-mad-science
vittee,feross/awesome-mad-science
nikolay,feross/awesome-mad-science
sescobb27,feross/awesome-mad-science
sg-s,feross/awesome-mad-science
MatejLach,feross/awesome-mad-science
dyhpoon,feross/awesome-mad-science
shunwang,feross/awesome-mad-science
TankMasterRL,feross/awesome-mad-science
chentsulin,feross/awesome-mad-science
MSylvia,feross/awesome-mad-science
rafi,feross/awesome-mad-science
brennebeck,feross/awesome-mad-science
sunsongxp,feross/awesome-mad-science
ff6347,feross/awesome-mad-science
FrankSansC,feross/awesome-mad-science
sourcepirate,feross/awesome-mad-science
guerreiro,feross/awesome-mad-science
renruyi,feross/awesome-mad-science
sebinsua,feross/awesome-mad-science
iskedk,feross/awesome-mad-science
JT5D,feross/awesome-mad-science
umaar,feross/awesome-mad-science
mhaidarhanif,feross/awesome-mad-science
SantoshSrinivas79,feross/awesome-mad-science
kwcto,feross/awesome-mad-science
hsavit1,feross/awesome-mad-science
angusshire,feross/awesome-mad-science
fabiodr,feross/awesome-mad-science
kaoussi,feross/awesome-mad-science
pyadav,feross/awesome-mad-science
joseluisq,feross/awesome-mad-science
vrachieru,feross/awesome-mad-science
vck,feross/awesome-mad-science
da-vaibhav,feross/awesome-mad-science
sivartravis,feross/awesome-mad-science
colejhudson,feross/awesome-mad-science
iemejia,feross/awesome-mad-science
nvanmeurs,feross/awesome-mad-science
vmlinz,feross/awesome-mad-science
vyorkin,feross/awesome-mad-science
deadcoder0904,feross/awesome-mad-science
NexZhu,feross/awesome-mad-science
jay3ss,feross/awesome-mad-science
marko-jankovic,feross/awesome-mad-science
NiksonX,feross/awesome-mad-science
mugli,feross/awesome-mad-science
sergkop,feross/awesome-mad-science
eiriklv,feross/awesome-mad-science
ktkization,feross/awesome-mad-science
NetOpWibby,feross/awesome-mad-science
savage69kr,feross/awesome-mad-science
nschlemm,feross/awesome-mad-science
ymn1k,feross/awesome-mad-science
neibla,feross/awesome-mad-science
ghosthamlet,feross/awesome-mad-science
thanhtoan1196,feross/awesome-mad-science
DylanKojiCheslin,feross/awesome-mad-science
himalay,feross/awesome-mad-science
bossjones,feross/awesome-mad-science
rtdaly,feross/awesome-mad-science
YerkoPalma,feross/awesome-mad-science
yangwao,feross/awesome-mad-science
dotsource,feross/awesome-mad-science
WeiChiaChang,feross/awesome-mad-science
JesseTG,feross/awesome-mad-science
michaelhood,feross/awesome-mad-science
xmonader,feross/awesome-mad-science
geduardcatalindev,feross/awesome-mad-science
iAhsanJaved,feross/awesome-mad-science
dhuckins,feross/awesome-mad-science
provpup,feross/awesome-mad-science
the-cc-dev,feross/awesome-mad-science
vulcangz,feross/awesome-mad-science
lxsmnsyc,feross/awesome-mad-science
yareyaredesuyo,feross/awesome-mad-science
wjnbreu,feross/awesome-mad-science
mattbis,feross/awesome-mad-science
maciej-src,feross/awesome-mad-science
sahwar,feross/awesome-mad-science
Kimpten,feross/awesome-mad-science
wigust,feross/awesome-mad-science
dcgithub,feross/awesome-mad-science
doc22940,feross/awesome-mad-science
codyphobe,feross/awesome-mad-science
vintagesucks,feross/awesome-mad-science
fengzilong,feross/awesome-mad-science
Ay-355,feross/awesome-mad-science
UltiRequiem,feross/awesome-mad-science
Mudkipboo,feross/awesome-mad-science
ebigram,feross/awesome-mad-science
Mithileshraj123,feross/awesome-mad-science
jits,feross/awesome-mad-science
flumpus-dev,feross/awesome-mad-science
Sandalots,feross/awesome-mad-science
tuanductran,feross/awesome-mad-science
missAnneThorpe,feross/awesome-mad-science
hyperupcall,feross/awesome-mad-science
hoangpq,feross/awesome-mad-science
RustyCobalt36,feross/awesome-mad-science
kmorrow1,feross/awesome-mad-science
antick,vivekweb2013/toastmaker
00mjk,vivekweb2013/toastmaker
MihalczGabor,vivekweb2013/toastmaker
Good4lien,vivekweb2013/toastmaker
yyle88,vivekweb2013/toastmaker
ur5us,antonmedv/fx-completion
JesseTG,antonmedv/fx-completion
JeffCarpenter,antonmedv/fx-completion
jimmyrcom,antonmedv/fx-completion
hoangpq,antonmedv/fx-completion
NoisyNot,antonmedv/fx-completion
kwilczynski,antonmedv/fx-completion
nikolay,antonmedv/fx-completion
michaelhood,antonmedv/fx-completion
Jackneill,antonmedv/fx-completion
julianxhokaxhiu,antonmedv/fx-completion
nfultz,antonmedv/fx-completion
hartca,antonmedv/fx-completion
GeorgeErickson,antonmedv/fx-completion
owen800q,antonmedv/fx-completion
tchigher,antonmedv/fx-completion
RinatValiullov,antonmedv/fx-completion
fly51fly,antonmedv/fx-completion
thanhtoan1196,antonmedv/fx-completion
ik5,antonmedv/fx-completion
cooka,antonmedv/fx-completion
asaaki,antonmedv/fx-completion
rmetzler,antonmedv/fx-completion
cybernetics,antonmedv/fx-completion
tddschn,antonmedv/fx-completion
cmdplusr,antonmedv/fx-completion
nabiuddin6,antonmedv/fx-completion
canering,antonmedv/fx-completion
cmdplusr,antonmedv/gofx
montanaflynn,antonmedv/gofx
tuxcanfly,antonmedv/gofx
scalp42,antonmedv/gofx
roscopecoltran,antonmedv/gofx
esneko,antonmedv/gofx
program247365,antonmedv/gofx
yyolk,antonmedv/gofx
nickolasburr,antonmedv/gofx
imsky,antonmedv/gofx
RobertAudi,antonmedv/gofx
jihchi,antonmedv/gofx
py7hon,antonmedv/gofx
kwilczynski,antonmedv/gofx
scivey,antonmedv/gofx
fieu,antonmedv/gofx
tg-z,antonmedv/gofx
wigust,antonmedv/gofx
NexZhu,antonmedv/gofx
msenturk,antonmedv/gofx
rafi,antonmedv/gofx
lanastasov,antonmedv/gofx
canering,antonmedv/gofx
hartca,antonmedv/gofx
svercl,antonmedv/gofx
UltiRequiem,antonmedv/gofx
turdfire,antonmedv/gofx
hyp3r5pace,norbusan/jfontmaps
AppServiceProvider,taniarascia/chat
zce,taniarascia/chat
cr7yash,taniarascia/chat
vintagesucks,taniarascia/chat
fly51fly,taniarascia/chat
oieduardorabelo,taniarascia/chat
mskian,taniarascia/chat
yasinatesim,taniarascia/chat
DevAshleyD,taniarascia/chat
SelimHorri,taniarascia/chat
NitinChakraborty2001,taniarascia/chat
Pierrot-l3-F0U,taniarascia/chat
tuanductran,taniarascia/chat
deepyes02,taniarascia/chat
jaamaalxyz,taniarascia/chat
NEBULA1978,taniarascia/chat
missAnneThorpe,taniarascia/chat
RinatValiullov,taniarascia/accordion
ai-ml-architect,taniarascia/accordion
sponnusa,taniarascia/accordion
TenviLi,taniarascia/accordion
UltiRequiem,taniarascia/accordion
axjs,taniarascia/accordion
deepyes02,taniarascia/accordion
Giovan,taniarascia/accordion
ampodo,taniarascia/accordion
NEBULA1978,taniarascia/accordion
co-bby,taniarascia/accordion
MahanRajabi80,taniarascia/accordion
Good4lien,DeepGautamFullStack/DeepCart
hyp3r5pace,Errichto/youtube
deep-programmer,Errichto/youtube
smanwarulislam,Errichto/youtube
hub33k,Errichto/youtube
jubbon,Errichto/youtube
tchigher,Errichto/youtube
girish,Errichto/youtube
abduld,Errichto/youtube
andrewwxy,Errichto/youtube
jishanshaikh4,Errichto/youtube
djangosporti,Errichto/youtube
AnanthaRajuC,Errichto/youtube
ayush15k1994,Errichto/youtube
saadazghour,Errichto/youtube
gauravssnl,Errichto/youtube
ik5,Errichto/youtube
appidiabhinav,Errichto/youtube
fly51fly,Errichto/youtube
kwilczynski,Errichto/youtube
ymn1k,Errichto/youtube
secondwtq,Errichto/youtube
i0Ek3,Errichto/youtube
garimasingh128,Errichto/youtube
ptsurbeleu,Errichto/youtube
meafs,Errichto/youtube
jamiedevsandbox,Errichto/youtube
johnyxu,Errichto/youtube
mariamimmh,Errichto/youtube
Neo42,Errichto/youtube
TenviLi,Errichto/youtube
BxC1sF1E,Errichto/youtube
sreelakshmig009,Errichto/youtube
KNipunDananjaya,Errichto/youtube
3m4r5,Errichto/youtube
giovannism20,Errichto/youtube
JohnClema,Errichto/youtube
trinhminhtriet,Errichto/youtube
thanhtoan1196,donnemartin/donnemartin.github.io
doc22940,donnemartin/donnemartin.github.io
gaybro8777,donnemartin/donnemartin.github.io
MilleniumSpark,donnemartin/donnemartin.github.io
TheMushrr00m,arogozhnikov/DeepMMD-GAN
eyadsibai,arogozhnikov/DeepMMD-GAN
ebigram,arogozhnikov/DeepMMD-GAN
soma2000-lang,localstack/localstack-extensions
whummer,localstack/localstack-extensions
gkze,localstack/localstack-extensions
nir-zilberman,localstack/localstack-extensions
nschlemm,localstack/localstack-extensions
kmorrow1,localstack/localstack-extensions
RinatValiullov,btholt/citr-v7-project
co-bby,btholt/citr-v7-project
Josscii,btholt/citr-v7-project
umaar,btholt/citr-v7-project
Sandrex233,btholt/citr-v7-project
jaamaalxyz,btholt/citr-v7-project
tddschn,btholt/citr-v7-project
jomefavourite,btholt/citr-v7-project
trinhminhtriet,btholt/citr-v7-project
ourobouros,taniarascia/react-hooks
zce,taniarascia/react-hooks
saadazghour,taniarascia/react-hooks
CharlesCreativeContent,taniarascia/react-hooks
jaamaalxyz,taniarascia/react-hooks
mariamimmh,taniarascia/react-hooks
DevAshleyD,taniarascia/react-hooks
uptonking,taniarascia/react-hooks
deepyes02,taniarascia/react-hooks
NEBULA1978,taniarascia/react-hooks
barbagrigia,carloscuesta/starterkit
Jerzerak,carloscuesta/starterkit
saadshahd,carloscuesta/starterkit
iRaul,carloscuesta/starterkit
nicholasadamou,carloscuesta/starterkit
hub33k,carloscuesta/starterkit
juandc,carloscuesta/starterkit
mikelnrd,arogozhnikov/python3_with_pleasure
eyadsibai,arogozhnikov/python3_with_pleasure
TheMushrr00m,arogozhnikov/python3_with_pleasure
levonk,arogozhnikov/python3_with_pleasure
quobit,arogozhnikov/python3_with_pleasure
hydrosquall,arogozhnikov/python3_with_pleasure
decimalbell,arogozhnikov/python3_with_pleasure
imxiaohui,arogozhnikov/python3_with_pleasure
vrachieru,arogozhnikov/python3_with_pleasure
girish,arogozhnikov/python3_with_pleasure
fly51fly,arogozhnikov/python3_with_pleasure
venkat-oss,arogozhnikov/python3_with_pleasure
pasajero,arogozhnikov/python3_with_pleasure
zhiyue,arogozhnikov/python3_with_pleasure
chenruibin,arogozhnikov/python3_with_pleasure
muminoff,arogozhnikov/python3_with_pleasure
opragel,arogozhnikov/python3_with_pleasure
haroldo-ok,arogozhnikov/python3_with_pleasure
mgilbir,arogozhnikov/python3_with_pleasure
yoCruzer,arogozhnikov/python3_with_pleasure
jubbon,arogozhnikov/python3_with_pleasure
kousikan,arogozhnikov/python3_with_pleasure
moon2l,arogozhnikov/python3_with_pleasure
oudommeas,arogozhnikov/python3_with_pleasure
wdv4758h,arogozhnikov/python3_with_pleasure
EvgeneOskin,arogozhnikov/python3_with_pleasure
dclambert,arogozhnikov/python3_with_pleasure
jonbaer,arogozhnikov/python3_with_pleasure
flrngel,arogozhnikov/python3_with_pleasure
BlancosWay,arogozhnikov/python3_with_pleasure
ifvictr,arogozhnikov/python3_with_pleasure
hapr05,arogozhnikov/python3_with_pleasure
neibla,arogozhnikov/python3_with_pleasure
nikivdev,arogozhnikov/python3_with_pleasure
balta2ar,arogozhnikov/python3_with_pleasure
takuan-osho,arogozhnikov/python3_with_pleasure
hsen-dev,arogozhnikov/python3_with_pleasure
ramnes,arogozhnikov/python3_with_pleasure
cookavich,arogozhnikov/python3_with_pleasure
weimingtom,arogozhnikov/python3_with_pleasure
crazyguitar,arogozhnikov/python3_with_pleasure
fabiodr,arogozhnikov/python3_with_pleasure
folasm87,arogozhnikov/python3_with_pleasure
silverstone1903,arogozhnikov/python3_with_pleasure
klihelp,arogozhnikov/python3_with_pleasure
sg-s,arogozhnikov/python3_with_pleasure
macint0sh,arogozhnikov/python3_with_pleasure
gauravssnl,arogozhnikov/python3_with_pleasure
orakle,arogozhnikov/python3_with_pleasure
kaoussi,arogozhnikov/python3_with_pleasure
eueung,arogozhnikov/python3_with_pleasure
jessb321,arogozhnikov/python3_with_pleasure
rtdaly,arogozhnikov/python3_with_pleasure
mirguest,arogozhnikov/python3_with_pleasure
anjingxz,arogozhnikov/python3_with_pleasure
zhaozhao,arogozhnikov/python3_with_pleasure
filipeoliveiraa,arogozhnikov/python3_with_pleasure
ptsurbeleu,arogozhnikov/python3_with_pleasure
odyss009,arogozhnikov/python3_with_pleasure
tchigher,arogozhnikov/python3_with_pleasure
hilarryxu,arogozhnikov/python3_with_pleasure
deadlocks,arogozhnikov/python3_with_pleasure
sunlei,arogozhnikov/python3_with_pleasure
bonfy,arogozhnikov/python3_with_pleasure
bolerovt,arogozhnikov/python3_with_pleasure
xeoneux,arogozhnikov/python3_with_pleasure
discountry,arogozhnikov/python3_with_pleasure
MaxfieldLewin,arogozhnikov/python3_with_pleasure
andreipopovici,arogozhnikov/python3_with_pleasure
unixfox,arogozhnikov/python3_with_pleasure
sergkop,arogozhnikov/python3_with_pleasure
sunsongxp,arogozhnikov/python3_with_pleasure
sriharshakappala,arogozhnikov/python3_with_pleasure
nerdfiles,arogozhnikov/python3_with_pleasure
neophyt3,arogozhnikov/python3_with_pleasure
matagus,arogozhnikov/python3_with_pleasure
Joe-oss9527,arogozhnikov/python3_with_pleasure
fkazimierczak,arogozhnikov/python3_with_pleasure
zbeekman,arogozhnikov/python3_with_pleasure
MatejLach,arogozhnikov/python3_with_pleasure
DonDebonair,arogozhnikov/python3_with_pleasure
maxrugen,arogozhnikov/python3_with_pleasure
vintagesucks,arogozhnikov/python3_with_pleasure
pachacamac,arogozhnikov/python3_with_pleasure
jfexyz,arogozhnikov/python3_with_pleasure
joshuarubin,arogozhnikov/python3_with_pleasure
chaitanyaphalak,arogozhnikov/python3_with_pleasure
reddysainathn,arogozhnikov/python3_with_pleasure
rrichards,arogozhnikov/python3_with_pleasure
michaelmior,arogozhnikov/python3_with_pleasure
sagar-pardhi,arogozhnikov/python3_with_pleasure
itsnotvalid,arogozhnikov/python3_with_pleasure
ghosthamlet,arogozhnikov/python3_with_pleasure
posquit0,arogozhnikov/python3_with_pleasure
pvergain,arogozhnikov/python3_with_pleasure
hoangpq,arogozhnikov/python3_with_pleasure
king6cong,arogozhnikov/python3_with_pleasure
GNURub,arogozhnikov/python3_with_pleasure
jonathanegol,arogozhnikov/python3_with_pleasure
yvan-sraka,arogozhnikov/python3_with_pleasure
jhermann,arogozhnikov/python3_with_pleasure
manrajgrover,arogozhnikov/python3_with_pleasure
datasatori,arogozhnikov/python3_with_pleasure
zxhfirefox,arogozhnikov/python3_with_pleasure
leongkui,arogozhnikov/python3_with_pleasure
SantoshSrinivas79,arogozhnikov/python3_with_pleasure
coffee4code,arogozhnikov/python3_with_pleasure
eevmanu,arogozhnikov/python3_with_pleasure
khaled131,arogozhnikov/python3_with_pleasure
d-dozer,arogozhnikov/python3_with_pleasure
roscopecoltran,arogozhnikov/python3_with_pleasure
mahmoudimus,arogozhnikov/python3_with_pleasure
rbnx,arogozhnikov/python3_with_pleasure
rogeriomarques,arogozhnikov/python3_with_pleasure
scalp42,arogozhnikov/python3_with_pleasure
wjybluse,arogozhnikov/python3_with_pleasure
Doppp,arogozhnikov/python3_with_pleasure
snehesht,arogozhnikov/python3_with_pleasure
burkesquires,arogozhnikov/python3_with_pleasure
mwarkentin,arogozhnikov/python3_with_pleasure
jevinskie,arogozhnikov/python3_with_pleasure
dhuckins,arogozhnikov/python3_with_pleasure
falkirks,arogozhnikov/python3_with_pleasure
llazzaro,arogozhnikov/python3_with_pleasure
priyadhoundiyal,arogozhnikov/python3_with_pleasure
djvdorp,arogozhnikov/python3_with_pleasure
Jackneill,arogozhnikov/python3_with_pleasure
nvanmeurs,arogozhnikov/python3_with_pleasure
mrjohannchang,arogozhnikov/python3_with_pleasure
NiksonX,arogozhnikov/python3_with_pleasure
kyrre,arogozhnikov/python3_with_pleasure
ymn1k,arogozhnikov/python3_with_pleasure
anatolinicolae,arogozhnikov/python3_with_pleasure
cooka,arogozhnikov/python3_with_pleasure
mihaeu,arogozhnikov/python3_with_pleasure
lucianosb,arogozhnikov/python3_with_pleasure
brianluby,arogozhnikov/python3_with_pleasure
darvid,arogozhnikov/python3_with_pleasure
jgmize,arogozhnikov/python3_with_pleasure
stefanvanburen,arogozhnikov/python3_with_pleasure
jbenner-radham,arogozhnikov/python3_with_pleasure
neosarchizo,arogozhnikov/python3_with_pleasure
mono0926,arogozhnikov/python3_with_pleasure
pmuens,arogozhnikov/python3_with_pleasure
hnq90,arogozhnikov/python3_with_pleasure
catplanet007,arogozhnikov/python3_with_pleasure
lmatt-bit,arogozhnikov/python3_with_pleasure
bluemix,arogozhnikov/python3_with_pleasure
obahareth,arogozhnikov/python3_with_pleasure
notyal,arogozhnikov/python3_with_pleasure
ghishadow,arogozhnikov/python3_with_pleasure
bryant1410,arogozhnikov/python3_with_pleasure
slackmage,arogozhnikov/python3_with_pleasure
tralphy,arogozhnikov/python3_with_pleasure
empjustine,arogozhnikov/python3_with_pleasure
wtigert,arogozhnikov/python3_with_pleasure
michaelhood,arogozhnikov/python3_with_pleasure
samyk,arogozhnikov/python3_with_pleasure
madhuakula,arogozhnikov/python3_with_pleasure
geduardcatalindev,arogozhnikov/python3_with_pleasure
dufferzafar,arogozhnikov/python3_with_pleasure
BenjiTrapp,arogozhnikov/python3_with_pleasure
marko-jankovic,arogozhnikov/python3_with_pleasure
R-K-H,arogozhnikov/python3_with_pleasure
cieplak,arogozhnikov/python3_with_pleasure
shoichiaizawa,arogozhnikov/python3_with_pleasure
iCHAIT,arogozhnikov/python3_with_pleasure
mvandermeulen,arogozhnikov/python3_with_pleasure
jaamaalxyz,arogozhnikov/python3_with_pleasure
KevinRamsunder,arogozhnikov/python3_with_pleasure
ik5,arogozhnikov/python3_with_pleasure
dbanck,arogozhnikov/python3_with_pleasure
darkdown,arogozhnikov/python3_with_pleasure
gmittal,arogozhnikov/python3_with_pleasure
dec0dOS,arogozhnikov/python3_with_pleasure
alexrigler,arogozhnikov/python3_with_pleasure
deep-programmer,arogozhnikov/python3_with_pleasure
batermj,arogozhnikov/python3_with_pleasure
abduld,arogozhnikov/python3_with_pleasure
PSJoshi,arogozhnikov/python3_with_pleasure
floydwch,arogozhnikov/python3_with_pleasure
stjordanis,arogozhnikov/python3_with_pleasure
denisfitz57,arogozhnikov/python3_with_pleasure
minhoryang,arogozhnikov/python3_with_pleasure
sam-splat,arogozhnikov/python3_with_pleasure
vck,arogozhnikov/python3_with_pleasure
onlurking,arogozhnikov/python3_with_pleasure
likaihere,arogozhnikov/python3_with_pleasure
ArunkumarRamanan,arogozhnikov/python3_with_pleasure
mrluanma,arogozhnikov/python3_with_pleasure
vulcangz,arogozhnikov/python3_with_pleasure
KEVINYZY,arogozhnikov/python3_with_pleasure
cr7yash,arogozhnikov/python3_with_pleasure
mph-code,arogozhnikov/python3_with_pleasure
sanjaypant99,arogozhnikov/python3_with_pleasure
wigust,arogozhnikov/python3_with_pleasure
mariamimmh,arogozhnikov/python3_with_pleasure
d3v3l0,arogozhnikov/python3_with_pleasure
andrewwxy,arogozhnikov/python3_with_pleasure
pedoc,arogozhnikov/python3_with_pleasure
yasinatesim,arogozhnikov/python3_with_pleasure
jamiedevsandbox,arogozhnikov/python3_with_pleasure
modulexcite,arogozhnikov/python3_with_pleasure
TenviLi,arogozhnikov/python3_with_pleasure
frankfanslc,arogozhnikov/python3_with_pleasure
JeffCarpenter,arogozhnikov/python3_with_pleasure
ebigram,arogozhnikov/python3_with_pleasure
Murplugg,arogozhnikov/python3_with_pleasure
duksosleepy,arogozhnikov/python3_with_pleasure
nschlemm,arogozhnikov/python3_with_pleasure
dkapt,arogozhnikov/python3_with_pleasure
roscopecoltran,bradtraversy/aioweb
mouadTaoussi,bradtraversy/aioweb
stefan02brunner,bradtraversy/aioweb
yusuf-ozdemir,bradtraversy/aioweb
dolev146,bradtraversy/aioweb
arafat877,bradtraversy/aioweb
MrBennySolomon,bradtraversy/aioweb
aviaryan,aviaryan/clipjump-addons
NiksonX,btholt/complete-intro-to-react-v4
hub33k,btholt/complete-intro-to-react-v4
karbon0x,btholt/complete-intro-to-react-v4
ptsurbeleu,btholt/complete-intro-to-react-v4
eueung,btholt/complete-intro-to-react-v4
orakle,btholt/complete-intro-to-react-v4
tchigher,btholt/complete-intro-to-react-v4
saadshahd,btholt/complete-intro-to-react-v4
Joe-oss9527,btholt/complete-intro-to-react-v4
barbagrigia,btholt/complete-intro-to-react-v4
jaamaalxyz,btholt/complete-intro-to-react-v4
iAhsanJaved,btholt/complete-intro-to-react-v4
posquit0,btholt/complete-intro-to-react-v4
kaoussi,btholt/complete-intro-to-react-v4
esneko,btholt/complete-intro-to-react-v4
ik5,btholt/complete-intro-to-react-v4
provpup,btholt/complete-intro-to-react-v4
saadazghour,btholt/complete-intro-to-react-v4
Josscii,btholt/complete-intro-to-react-v4
dimlev,btholt/complete-intro-to-react-v4
Jolaolu,btholt/complete-intro-to-react-v4
Neo42,btholt/complete-intro-to-react-v4
mph-code,btholt/complete-intro-to-react-v4
ubongndoh,btholt/complete-intro-to-react-v4
maciej-src,btholt/complete-intro-to-react-v4
doc22940,btholt/complete-intro-to-react-v4
jonasermert,btholt/complete-intro-to-react-v4
johnyxu,btholt/complete-intro-to-react-v4
MilleniumSpark,btholt/complete-intro-to-react-v4
trinhminhtriet,btholt/complete-intro-to-react-v4
christianboyle,bradtraversy/angular-crash-2021
fly51fly,bradtraversy/angular-crash-2021
jonasermert,bradtraversy/angular-crash-2021
max-hk,bradtraversy/angular-crash-2021
TenviLi,bradtraversy/angular-crash-2021
ahronlu,bradtraversy/angular-crash-2021
NitinChakraborty2001,bradtraversy/angular-crash-2021
stefan02brunner,bradtraversy/angular-crash-2021
xchanmolx,bradtraversy/angular-crash-2021
yusuf-ozdemir,bradtraversy/angular-crash-2021
dolev146,bradtraversy/angular-crash-2021
arafat877,bradtraversy/angular-crash-2021
MrBennySolomon,bradtraversy/angular-crash-2021
GeovaRS,bradtraversy/angular-crash-2021
jedsada-gh,saurabhdaware/DEV-widget
vintagesucks,saurabhdaware/DEV-widget
a1300,saurabhdaware/DEV-widget
Yukaii,saurabhdaware/DEV-widget
Good4lien,saurabhdaware/DEV-widget
gakonst,ethereum/annotated-spec
shanefontaine,ethereum/annotated-spec
tuxcanfly,ethereum/annotated-spec
decanus,ethereum/annotated-spec
pynchmeister,ethereum/annotated-spec
0xmountaintop,ethereum/annotated-spec
dendisuhubdy,ethereum/annotated-spec
Qdigital,ethereum/annotated-spec
ik5,ethereum/annotated-spec
wpank,ethereum/annotated-spec
MihalczGabor,ethereum/annotated-spec
KenMan79,ethereum/annotated-spec
jmcph4,ethereum/annotated-spec
cookavich,ethereum/annotated-spec
sambacha,ethereum/annotated-spec
LuozhuZhang,ethereum/annotated-spec
pcaversaccio,ethereum/annotated-spec
jiangplus,ethereum/annotated-spec
hyp3r5pace,ethereum/annotated-spec
von-steinkirch,ethereum/annotated-spec
Ramyromel,ethereum/annotated-spec
shunkakinoki,ethereum/annotated-spec
ourobouros,taniarascia/new-moon-chrome-devtools
canering,taniarascia/new-moon-chrome-devtools
yonycalsin,taniarascia/new-moon-chrome-devtools
kaichen,taniarascia/new-moon-chrome-devtools
NEBULA1978,taniarascia/new-moon-chrome-devtools
missAnneThorpe,taniarascia/new-moon-chrome-devtools
Shifu-Engineer,rupa/mkdn
yyle88,artkirienko/final-html-css
amite,benawad/basic-react-form
pynchmeister,benawad/basic-react-form
KaiDevrim,benawad/basic-react-form
gbowne1,benawad/basic-react-form
tracure1337,rogeriopvl/8bit
savage69kr,rogeriopvl/8bit
hartca,rogeriopvl/8bit
Good4lien,rogeriopvl/8bit
tuanductran,rogeriopvl/8bit
Jerzerak,taniarascia/primitive
jbenner-radham,taniarascia/primitive
peterbrinck,taniarascia/primitive
mhaidarhanif,taniarascia/primitive
nschlemm,taniarascia/primitive
NetOpWibby,taniarascia/primitive
jaamaalxyz,taniarascia/primitive
gauravssnl,taniarascia/primitive
ik5,taniarascia/primitive
RinatValiullov,taniarascia/primitive
tracure1337,taniarascia/primitive
zce,taniarascia/primitive
ourobouros,taniarascia/primitive
cwonrails,taniarascia/primitive
gvvynplaine,taniarascia/primitive
mvandermeulen,taniarascia/primitive
johndavemanuel,taniarascia/primitive
stjordanis,taniarascia/primitive
Doppp,taniarascia/primitive
Suburbanno,taniarascia/primitive
sibelius,taniarascia/primitive
rtcoms,taniarascia/primitive
a1300,taniarascia/primitive
wjnbreu,taniarascia/primitive
mrluanma,taniarascia/primitive
uptonking,taniarascia/primitive
TenviLi,taniarascia/primitive
victory-sokolov,taniarascia/primitive
tuanductran,taniarascia/primitive
DevAshleyD,taniarascia/primitive
SelimHorri,taniarascia/primitive
Uvacoder,taniarascia/primitive
dalakatt,taniarascia/primitive
deepyes02,taniarascia/primitive
MilleniumSpark,taniarascia/primitive
NEBULA1978,taniarascia/primitive
Nullcano,taniarascia/primitive
turdfire,taniarascia/primitive
Adlinke,taniarascia/primitive
jcampbell05,casatwy/RTNetworking
suxinde2009,casatwy/RTNetworking
luohaoyuan,casatwy/RTNetworking
mrmign,casatwy/RTNetworking
coffee4code,casatwy/RTNetworking
angusshire,casatwy/RTNetworking
Josscii,casatwy/RTNetworking
phpmaple,casatwy/RTNetworking
Jinxiansen,casatwy/RTNetworking
likaihere,casatwy/RTNetworking
gaoypChina,casatwy/RTNetworking
mrluanma,simonw/asgi-cors
nschlemm,simonw/asgi-cors
patrick91,simonw/asgi-cors
empjustine,simonw/asgi-cors
darvid,simonw/asgi-cors
mvandermeulen,simonw/asgi-cors
MtDeity,iamshaunjp/data-ui-with-d3-firebase
ahronlu,iamshaunjp/data-ui-with-d3-firebase
AbhiImReal403,iamshaunjp/data-ui-with-d3-firebase
ianlaporte,iamshaunjp/data-ui-with-d3-firebase
hyp3r5pace,LiveOverflow/pwnedit
daedalus,LiveOverflow/pwnedit
ayush15k1994,LiveOverflow/pwnedit
x0nu11byt3,LiveOverflow/pwnedit
fly51fly,LiveOverflow/pwnedit
axifive,LiveOverflow/pwnedit
DPS0340,LiveOverflow/pwnedit
lifa123,LiveOverflow/pwnedit
saadazghour,LiveOverflow/pwnedit
Bvaudin,LiveOverflow/pwnedit
3m4r5,LiveOverflow/pwnedit
Pishtiko,LiveOverflow/pwnedit
FDlucifer,LiveOverflow/pwnedit
tututu-patch,LiveOverflow/pwnedit
Siss3l,LiveOverflow/pwnedit
spiri-leo,LiveOverflow/pwnedit
futoase,devongovett/blob-stream
brenopolanski,devongovett/blob-stream
chibicode,devongovett/blob-stream
neosarchizo,devongovett/blob-stream
yasinatesim,devongovett/blob-stream
yonycalsin,devongovett/blob-stream
Good4lien,devongovett/blob-stream
lordvins226,iamshaunjp/flutter-animations
ik5,iamshaunjp/flutter-animations
yonycalsin,iamshaunjp/flutter-animations
ahronlu,iamshaunjp/flutter-animations
morristech,iamshaunjp/flutter-animations
AbhiImReal403,iamshaunjp/flutter-animations
3m4r5,iamshaunjp/flutter-animations
ianlaporte,iamshaunjp/flutter-animations
jonasermert,iamshaunjp/flutter-animations
abhijit1990,Anuj-Kumar-Sharma/Java-DSA
jonasermert,Anuj-Kumar-Sharma/Java-DSA
tuyucheng7,Anuj-Kumar-Sharma/Java-DSA
aashutoshrathi,xprilion/fireshort
cr7yash,xprilion/fireshort
gauravssnl,simonw/asgi-csrf
patrick91,simonw/asgi-csrf
nschlemm,simonw/asgi-csrf
tddschn,simonw/asgi-csrf
empjustine,simonw/asgi-csrf
mvandermeulen,simonw/asgi-csrf
vigneshv92,mrdbourke/airbnb-amenity-detection
shunkakinoki,mrdbourke/airbnb-amenity-detection
ayush15k1994,mrdbourke/airbnb-amenity-detection
fly51fly,mrdbourke/airbnb-amenity-detection
sahwar,mrdbourke/airbnb-amenity-detection
evandrix,simonw/asyncinject
empjustine,simonw/asyncinject
SantoshSrinivas79,simonw/asyncinject
MilleniumSpark,simonw/asyncinject
JeffCarpenter,simonw/asyncinject
Good4lien,motasimmakki/Chat-Application-In-Java
stjordanis,trailofbits/cast2gif
nschlemm,trailofbits/cast2gif
hyp3r5pace,Orbiter/MetaGer
ubongndoh,florinpop17/frontend-mentor-challenges
jomefavourite,florinpop17/frontend-mentor-challenges
sayyidisal,florinpop17/frontend-mentor-challenges
doc22940,florinpop17/frontend-mentor-challenges
Wallace121980,florinpop17/frontend-mentor-challenges
M3Try,florinpop17/frontend-mentor-challenges
NS007-dev,florinpop17/frontend-mentor-challenges
rtzll,florinpop17/frontend-mentor-challenges
yasinatesim,florinpop17/frontend-mentor-challenges
Abhimishra2424,florinpop17/frontend-mentor-challenges
johndavemanuel,florinpop17/frontend-mentor-challenges
TenviLi,florinpop17/frontend-mentor-challenges
RinatValiullov,florinpop17/frontend-mentor-challenges
GeovaRS,florinpop17/frontend-mentor-challenges
manthanank,florinpop17/frontend-mentor-challenges
smanwarulislam,florinpop17/frontend-mentor-challenges
Sandalots,florinpop17/frontend-mentor-challenges
Ayokanmi-Adejola,florinpop17/frontend-mentor-challenges
johndavemanuel,iamshaunjp/Customizing-Bootstrap-5
jimbrig,iamshaunjp/Customizing-Bootstrap-5
AbhiImReal403,iamshaunjp/Customizing-Bootstrap-5
ianlaporte,iamshaunjp/Customizing-Bootstrap-5
StarZ3r0,iamshaunjp/CSS-Tips-and-Tricks
MtDeity,iamshaunjp/CSS-Tips-and-Tricks
ahronlu,iamshaunjp/CSS-Tips-and-Tricks
jimbrig,iamshaunjp/CSS-Tips-and-Tricks
AbhiImReal403,iamshaunjp/CSS-Tips-and-Tricks
ianlaporte,iamshaunjp/CSS-Tips-and-Tricks
MtDeity,iamshaunjp/angular-2-playlist
ahronlu,iamshaunjp/angular-2-playlist
AbhiImReal403,iamshaunjp/angular-2-playlist
ianlaporte,iamshaunjp/angular-2-playlist
MrBlackBeeOsn,iamshaunjp/angular-2-playlist
abhijit1990,rijusougata13/movie-recommender
stjordanis,trailofbits/cvedb
nschlemm,trailofbits/cvedb
lifa123,iamshaunjp/bootstrap-5-tutorial
jimbrig,iamshaunjp/bootstrap-5-tutorial
AbhiImReal403,iamshaunjp/bootstrap-5-tutorial
ianlaporte,iamshaunjp/bootstrap-5-tutorial
iskedk,IonicaBizau/ajs
Jerzerak,IonicaBizau/ajs
roryrjb,IonicaBizau/add-subtract-date
jishanshaikh4,jishanshaikh4/CSE-219-Principles-of-Programming-Languages
retrde,jishanshaikh4/CSE-219-Principles-of-Programming-Languages
pr0733k,jishanshaikh4/CSE-219-Principles-of-Programming-Languages
jishanshaikh-gep,jishanshaikh4/CSE-219-Principles-of-Programming-Languages
JaeQueCoder,jishanshaikh4/CSE-219-Principles-of-Programming-Languages
langmr0,jishanshaikh4/CSE-219-Principles-of-Programming-Languages
8bitmamba,jishanshaikh4/CSE-219-Principles-of-Programming-Languages
sunitawill,jishanshaikh4/CSE-219-Principles-of-Programming-Languages
ekanshdixit,jishanshaikh4/CSE-219-Principles-of-Programming-Languages
1ndradhanush,jishanshaikh4/CSE-219-Principles-of-Programming-Languages
sutaTyagi,jishanshaikh4/CSE-219-Principles-of-Programming-Languages
teharsingh,jishanshaikh4/CSE-219-Principles-of-Programming-Languages
MihalczGabor,jishanshaikh4/CSE-219-Principles-of-Programming-Languages
jishanshaikh4,jishanshaikh4/CSE-229-PHP-Laboratory
retrde,jishanshaikh4/CSE-229-PHP-Laboratory
pr0733k,jishanshaikh4/CSE-229-PHP-Laboratory
jishanshaikh-gep,jishanshaikh4/CSE-229-PHP-Laboratory
JaeQueCoder,jishanshaikh4/CSE-229-PHP-Laboratory
langmr0,jishanshaikh4/CSE-229-PHP-Laboratory
8bitmamba,jishanshaikh4/CSE-229-PHP-Laboratory
sunitawill,jishanshaikh4/CSE-229-PHP-Laboratory
ekanshdixit,jishanshaikh4/CSE-229-PHP-Laboratory
1ndradhanush,jishanshaikh4/CSE-229-PHP-Laboratory
sutaTyagi,jishanshaikh4/CSE-229-PHP-Laboratory
teharsingh,jishanshaikh4/CSE-229-PHP-Laboratory
Butters3388214,jishanshaikh4/CSE-229-PHP-Laboratory
MihalczGabor,jishanshaikh4/CSE-229-PHP-Laboratory
Abhimishra2424,iamshaunjp/complete-sass-tutorial
johndavemanuel,iamshaunjp/complete-sass-tutorial
ayush15k1994,iamshaunjp/complete-sass-tutorial
ANTON-IVANOVICH,iamshaunjp/complete-sass-tutorial
AppServiceProvider,iamshaunjp/complete-sass-tutorial
AbhiImReal403,iamshaunjp/complete-sass-tutorial
Sandrex233,iamshaunjp/complete-sass-tutorial
ianlaporte,iamshaunjp/complete-sass-tutorial
firdausakbarr,iamshaunjp/complete-sass-tutorial
ansarid,LiveOverflow/NECAnalyzer
x0nu11byt3,LiveOverflow/NECAnalyzer
Good4lien,karar189/Music-App
daedalus,PawanKolhe/C-Algorithms
Good4lien,PawanKolhe/C-Algorithms
Butters3388214,eugenioclrc/binance-crypto-triangular-arbitrage
makotot,rogeriopvl/gulp-ejs
chibicode,rogeriopvl/gulp-ejs
KevinRamsunder,rogeriopvl/gulp-ejs
roccomuso,rogeriopvl/gulp-ejs
johndavemanuel,rogeriopvl/gulp-ejs
Good4lien,rogeriopvl/gulp-ejs
Jackneill,shazow/clicker.go
matagus,shazow/apiclient
osantana,shazow/apiclient
yyolk,shazow/apiclient
scivey,shazow/apiclient
DonDebonair,shazow/apiclient
darvid,shazow/apiclient
frankfanslc,shazow/apiclient
hercules261188,nikhilkumarsingh/globTut
SantoshSrinivas79,harryadel/blastjs
Good4lien,AnmolTomer/ml_bootcamp_udemy
timelyportfolio,lmgonzalves/pieces
zpaav,lmgonzalves/pieces
denji,lmgonzalves/pieces
klihelp,lmgonzalves/pieces
dalakatt,lmgonzalves/pieces
turdfire,lmgonzalves/pieces
savage69kr,lmgonzalves/segment
peterbrinck,lmgonzalves/segment
wendigo,lmgonzalves/segment
NguyenTrungTin,lmgonzalves/segment
therebelrobot,lmgonzalves/segment
angusshire,lmgonzalves/segment
hartca,lmgonzalves/segment
reduxionist,lmgonzalves/segment
filipeoliveiraa,lmgonzalves/segment
lanqy,lmgonzalves/segment
dhamaniasad,lmgonzalves/segment
makotot,lmgonzalves/segment
nemesiscodex,lmgonzalves/segment
jbenner-radham,lmgonzalves/segment
hapr05,lmgonzalves/segment
dansandland,lmgonzalves/segment
karbon0x,lmgonzalves/segment
shunwang,lmgonzalves/segment
zackmore,lmgonzalves/segment
fabiodr,lmgonzalves/segment
takuan-osho,lmgonzalves/segment
christianboyle,lmgonzalves/segment
manikantag,lmgonzalves/segment
ianko,lmgonzalves/segment
kwcto,lmgonzalves/segment
Doppp,lmgonzalves/segment
slackmage,lmgonzalves/segment
alihalabyah,lmgonzalves/segment
avinashkoyyana,lmgonzalves/segment
zce,lmgonzalves/segment
denisfitz57,lmgonzalves/segment
AlexSwensen,lmgonzalves/segment
timelyportfolio,lmgonzalves/segment
mcanthony,lmgonzalves/segment
saravntbe,lmgonzalves/segment
arrmac,lmgonzalves/segment
ajmalafif,lmgonzalves/segment
provpup,lmgonzalves/segment
imikay,lmgonzalves/segment
amilajack,lmgonzalves/segment
ryoikarashi,lmgonzalves/segment
velveteer,lmgonzalves/segment
oudommeas,lmgonzalves/segment
shoichiaizawa,lmgonzalves/segment
patrick91,lmgonzalves/segment
da-vaibhav,lmgonzalves/segment
umaar,lmgonzalves/segment
dritter,lmgonzalves/segment
denji,lmgonzalves/segment
yvan-sraka,lmgonzalves/segment
xrmr,lmgonzalves/segment
j-hernandez,lmgonzalves/segment
axjs,lmgonzalves/segment
roccomuso,lmgonzalves/segment
derhuerst,lmgonzalves/segment
sshyran,lmgonzalves/segment
Jerzerak,lmgonzalves/segment
WeiChiaChang,lmgonzalves/segment
klihelp,lmgonzalves/segment
tomoat,lmgonzalves/segment
modulexcite,lmgonzalves/segment
puppycodes,lmgonzalves/segment
barbagrigia,lmgonzalves/segment
sam-splat,lmgonzalves/segment
u0m3,lmgonzalves/segment
neophyt3,lmgonzalves/segment
the-cc-dev,lmgonzalves/segment
ThomasErhel,lmgonzalves/segment
sanjaypant99,lmgonzalves/segment
nelix,lmgonzalves/segment
dcgithub,lmgonzalves/segment
andreipopovici,lmgonzalves/segment
rtzll,lmgonzalves/segment
pedoc,lmgonzalves/segment
TenviLi,lmgonzalves/segment
turdfire,lmgonzalves/segment
garimasingh128,EddieHubCommunity/Hackathons
Lencof,EddieHubCommunity/Hackathons
Panquesito7,EddieHubCommunity/Hackathons
Pierrot-l3-F0U,EddieHubCommunity/Hackathons
Butters3388214,ankushKun/animedoro-timer
pcaversaccio,dcbuild3r/blockchain-development-guide
cookavich,dcbuild3r/blockchain-development-guide
brenopolanski,dcbuild3r/blockchain-development-guide
SebastianElvis,dcbuild3r/blockchain-development-guide
CharlesCreativeContent,dcbuild3r/blockchain-development-guide
sambacha,dcbuild3r/blockchain-development-guide
hnq90,dcbuild3r/blockchain-development-guide
hyp3r5pace,dcbuild3r/blockchain-development-guide
fly51fly,dcbuild3r/blockchain-development-guide
christianboyle,dcbuild3r/blockchain-development-guide
nikivdev,dcbuild3r/blockchain-development-guide
tuxcanfly,dcbuild3r/blockchain-development-guide
wpank,dcbuild3r/blockchain-development-guide
pynchmeister,dcbuild3r/blockchain-development-guide
filipeoliveiraa,dcbuild3r/blockchain-development-guide
jmcph4,dcbuild3r/blockchain-development-guide
reklis,dcbuild3r/blockchain-development-guide
thanhtoan1196,dcbuild3r/blockchain-development-guide
IvonaldoAmaral,dcbuild3r/blockchain-development-guide
sponnusa,dcbuild3r/blockchain-development-guide
rtcoms,dcbuild3r/blockchain-development-guide
lordvins226,dcbuild3r/blockchain-development-guide
CloudBranch,dcbuild3r/blockchain-development-guide
odyss009,dcbuild3r/blockchain-development-guide
HarshalShende,dcbuild3r/blockchain-development-guide
TenviLi,dcbuild3r/blockchain-development-guide
frankfanslc,dcbuild3r/blockchain-development-guide
shunkakinoki,dcbuild3r/blockchain-development-guide
3m4r5,dcbuild3r/blockchain-development-guide
meafs,dcbuild3r/blockchain-development-guide
jubbon,dcbuild3r/blockchain-development-guide
mrmign,dcbuild3r/blockchain-development-guide
ifvictr,dcbuild3r/blockchain-development-guide
artob,dcbuild3r/blockchain-development-guide
puzzithinker,dcbuild3r/blockchain-development-guide
qbig,dcbuild3r/blockchain-development-guide
elhadjx,dcbuild3r/blockchain-development-guide
duksosleepy,dcbuild3r/blockchain-development-guide
spiri-leo,jasineri/gitartwork
christianboyle,jasineri/gitartwork
00mjk,jasineri/gitartwork
vittee,jasineri/gitartwork
phpmaple,casatwy/CTPersistance
fannheyward,casatwy/CTPersistance
likaihere,casatwy/CTPersistance
Josscii,casatwy/CTPersistance
Jinxiansen,casatwy/CTPersistance
luohaoyuan,casatwy/CTPersistance
mrmign,casatwy/CTPersistance
tchigher,casatwy/CTPersistance
gaoypChina,casatwy/CTPersistance
CreatorMetaSky,casatwy/CTPersistance
suxinde2009,casatwy/CTPersistance
Widcket,casatwy/CTPersistance
tkersey,casatwy/CTPersistance
Good4lien,avikalpg/avikalpg.github.io
jcampbell05,mattgallagher/CwlPreconditionTesting
tkersey,mattgallagher/CwlPreconditionTesting
Pishtiko,mattgallagher/CwlPreconditionTesting
barbagrigia,mattgallagher/CwlPreconditionTesting
own2pwn,mattgallagher/CwlPreconditionTesting
gaoypChina,mattgallagher/CwlPreconditionTesting
akaralar,mattgallagher/CwlPreconditionTesting
gauravssnl,mattgallagher/CwlPreconditionTesting
gaoypChina,jhonsnow456/Flutter-Apps-Project
own2pwn,mattgallagher/CwlDemangle
gaoypChina,mattgallagher/CwlDemangle
tkersey,mattgallagher/CwlDemangle
inferjay,mattgallagher/CwlDemangle
luohaoyuan,mattgallagher/CwlDemangle
gauravssnl,mattgallagher/CwlDemangle
AppServiceProvider,mattgallagher/CwlDemangle
Widcket,mattgallagher/CwlDemangle
charlenopires,gabrielfalcao/couleur
michaelhood,gabrielfalcao/couleur
johnowennixon,gabrielfalcao/couleur
gaybro8777,gabrielfalcao/couleur
jcampbell05,mattgallagher/CwlUtils
tkersey,mattgallagher/CwlUtils
hsavit1,mattgallagher/CwlUtils
akaralar,mattgallagher/CwlUtils
mono0926,mattgallagher/CwlUtils
damianesteban,mattgallagher/CwlUtils
nikivdev,mattgallagher/CwlUtils
arrmac,mattgallagher/CwlUtils
CreatorMetaSky,mattgallagher/CwlUtils
gaoypChina,mattgallagher/CwlUtils
biow0lf,mattgallagher/CwlUtils
fannheyward,mattgallagher/CwlUtils
CodeEagle,mattgallagher/CwlUtils
own2pwn,mattgallagher/CwlUtils
mrmign,mattgallagher/CwlUtils
suxinde2009,mattgallagher/CwlUtils
JohnClema,mattgallagher/CwlUtils
luohaoyuan,mattgallagher/CwlUtils
gauravssnl,mattgallagher/CwlUtils
frankfanslc,mattgallagher/CwlUtils
Antonito,mattgallagher/CwlUtils
markemer,mattgallagher/CwlUtils
rm3l,marcel-dempers/cpu-performance-analysis
MilleniumSpark,marcel-dempers/cpu-performance-analysis
jevinskie,trailofbits/appjaillauncher-rs
0xfeeddeadbeef,trailofbits/appjaillauncher-rs
fijimunkii,trailofbits/appjaillauncher-rs
valpackett,trailofbits/appjaillauncher-rs
adelarsq,trailofbits/appjaillauncher-rs
ducphanduyagentp,trailofbits/appjaillauncher-rs
king6cong,trailofbits/appjaillauncher-rs
ShikChen,trailofbits/appjaillauncher-rs
trietptm,trailofbits/appjaillauncher-rs
jessb321,trailofbits/appjaillauncher-rs
stjordanis,trailofbits/appjaillauncher-rs
SeshatCZ,trailofbits/appjaillauncher-rs
Good4lien,priyanshumaitra/ccp-assignments
MihalczGabor,ali123321123/Kids-Math-App
MihalczGabor,vivekweb2013/commandhunt
canering,vivekweb2013/commandhunt
Good4lien,vivekweb2013/commandhunt
00mjk,sayakpaul/Breast-Cancer-Detection-using-Deep-Learning
zbeekman,Vectorized/Python-KD-Tree
Murplugg,Vectorized/Python-KD-Tree
trinhminhtriet,Vectorized/Python-KD-Tree
angusshire,lynxerzhang/AS3Util
abhijit1990,loveBabbar/ProgressTracker
Good4lien,ducc/egg
elhadjx,ducc/a2-coursework
sreelakshmig009,siddhi-244/Embellish
Abhimishra2424,siddhi-244/Embellish
Ayokanmi-Adejola,Anuj-Kumar-Sharma/First-Contribution
gaoypChina,iliyass-zamouri/flutter_agenda
thanhtoan1196,ljharb/call-bind
andriyor,ljharb/call-bind
Tatsh,ljharb/big-integer-max
azu,ljharb/big-integer-max
GNURub,ljharb/actions
Good4lien,ljharb/actions
tuanductran,YashKandalkar/Collabora
hercules261188,nikhilkumarsingh/glitch-test
mjhea0,nikhilkumarsingh/discovering-hidden-apis
hercules261188,nikhilkumarsingh/discovering-hidden-apis
canering,nikhilkumarsingh/clix
mrluanma,nikhilkumarsingh/clix
sahwar,nikhilkumarsingh/clix
hercules261188,nikhilkumarsingh/clix
hercules261188,nikhilkumarsingh/async-http-requests-tut
cvic,vicky002/charmander
Adlinke,vicky002/charmander
ImaniAN,RamyaChinnadurai/intro-react
Good4lien,RamyaChinnadurai/intro-react
Giovan,felangel/codemagic_bloc_unit_tests
gaoypChina,felangel/codemagic_bloc_unit_tests
esneko,felangel/bloc_todos
Hostn4me,QAInsights/.new-shortcuts-domain-list
rrichards,rupa/j2
imikay,rupa/j2
michaelhood,rupa/j2
chitacan,rupa/j2
eerie,rupa/j2
hnq90,rupa/j2
mhaidarhanif,rupa/j2
angusshire,rupa/j2
cwonrails,rupa/j2
NoisyNot,rupa/j2
canering,rupa/j2
rafi,rupa/j2
gauravssnl,rupa/j2
tg-z,rupa/j2
trinhminhtriet,rupa/j2
gbowne1,rupa/cuecat
valpackett,rupa/cuecat
feross,feross/chunk-store-stream
tunnckoCore,feross/chunk-store-stream
denji,feross/chunk-store-stream
nikolay,feross/chunk-store-stream
angusshire,feross/chunk-store-stream
hartca,feross/chunk-store-stream
feross,feross/chrome-net
mcanthony,feross/chrome-net
kgryte,feross/chrome-net
SantoshSrinivas79,feross/chrome-net
angusshire,feross/chrome-net
esp10mm,feross/chrome-net
samyk,feross/chrome-net
jaredthecoder,feross/chrome-net
roccomuso,feross/chrome-net
wpank,feross/chrome-net
minhoryang,feross/chrome-net
py7hon,feross/chrome-net
KEVINYZY,feross/chrome-net
CharlesCreativeContent,feross/chrome-net
TenviLi,feross/chrome-net
gosoxharp,feross/chrome-net
Adlinke,feross/chrome-net
joseluisq,feross/capture-frame
codyphobe,feross/capture-frame
feross,feross/capture-frame
amilajack,feross/capture-frame
chentsulin,feross/capture-frame
fly51fly,feross/capture-frame
roccomuso,feross/capture-frame
lanastasov,feross/capture-frame
YerkoPalma,feross/capture-frame
NguyenTrungTin,feross/capture-frame
velveteer,feross/capture-frame
xhs,feross/capture-frame
samyk,feross/capture-frame
erdii,feross/capture-frame
umaar,feross/capture-frame
Jerzerak,feross/capture-frame
AlexxNica,feross/capture-frame
therealt3nzin,feross/capture-frame
KEVINYZY,feross/capture-frame
hartca,feross/capture-frame
dcgithub,feross/capture-frame
SantoshSrinivas79,feross/capture-frame
saadshahd,feross/capture-frame
yasinatesim,feross/capture-frame
gosoxharp,feross/capture-frame
turdfire,feross/capture-frame
feross,feross/blob-to-buffer
hnq90,feross/blob-to-buffer
angusshire,feross/blob-to-buffer
derhuerst,feross/blob-to-buffer
velveteer,feross/blob-to-buffer
fengzilong,feross/blob-to-buffer
dcgithub,feross/blob-to-buffer
vitaly-z,feross/blob-to-buffer
Layzie,studiomohawk/js-testing-boilerplates
jivoi,studiomohawk/jekyll-theme-the_minimum
Layzie,studiomohawk/FiveCast
jumbojett,IonicaBizau/asciify-pixel
ccl0326,gunnarmorling/awesome-opensource-data-engineering
arpit1997,gunnarmorling/awesome-opensource-data-engineering
levonk,gunnarmorling/awesome-opensource-data-engineering
veris-pr,gunnarmorling/awesome-opensource-data-engineering
da-vaibhav,gunnarmorling/awesome-opensource-data-engineering
kangkot,gunnarmorling/awesome-opensource-data-engineering
jay3ss,gunnarmorling/awesome-opensource-data-engineering
fly51fly,gunnarmorling/awesome-opensource-data-engineering
ericmm,gunnarmorling/awesome-opensource-data-engineering
nir-zilberman,gunnarmorling/awesome-opensource-data-engineering
jon-chun,gunnarmorling/awesome-opensource-data-engineering
sshyran,gunnarmorling/awesome-opensource-data-engineering
d3v3l0,gunnarmorling/awesome-opensource-data-engineering
GeorgeErickson,gunnarmorling/awesome-opensource-data-engineering
p-raj,gunnarmorling/awesome-opensource-data-engineering
Mudkipboo,gunnarmorling/awesome-opensource-data-engineering
msenturk,gunnarmorling/awesome-opensource-data-engineering
meafs,gunnarmorling/awesome-opensource-data-engineering
vigneshv92,gunnarmorling/awesome-opensource-data-engineering
iemejia,gunnarmorling/awesome-opensource-data-engineering
oudommeas,gunnarmorling/awesome-opensource-data-engineering
gauravssnl,gunnarmorling/awesome-opensource-data-engineering
benqian,gunnarmorling/awesome-opensource-data-engineering
he0x,gunnarmorling/awesome-opensource-data-engineering
haraball,gunnarmorling/awesome-opensource-data-engineering
ai-ml-architect,gunnarmorling/awesome-opensource-data-engineering
nschlemm,gunnarmorling/awesome-opensource-data-engineering
dalakatt,gunnarmorling/awesome-opensource-data-engineering
vitaly-z,gunnarmorling/awesome-opensource-data-engineering
eyadsibai,gunnarmorling/awesome-opensource-data-engineering
tuyucheng7,gunnarmorling/awesome-opensource-data-engineering
khantzinthu2k1,gunnarmorling/awesome-opensource-data-engineering
dhuckins,gunnarmorling/awesome-opensource-data-engineering
usmanakram232,gunnarmorling/awesome-opensource-data-engineering
MahanRajabi80,gunnarmorling/awesome-opensource-data-engineering
MilleniumSpark,gunnarmorling/awesome-opensource-data-engineering
dkapt,gunnarmorling/awesome-opensource-data-engineering
abhijit1990,gunnarmorling/awesome-opensource-data-engineering
StarZ3r0,gunnarmorling/awesome-opensource-data-engineering
RustyCobalt36,gunnarmorling/awesome-opensource-data-engineering
huynhducduy,gunnarmorling/awesome-opensource-data-engineering
trinhminhtriet,gunnarmorling/awesome-opensource-data-engineering
venkat-oss,gunnarmorling/awesome-opensource-data-engineering
lanastasov,amacgregor/crimson_commerce
charlenopires,amacgregor/crimson_commerce
frankfanslc,amacgregor/crimson_commerce
clsource,amacgregor/crimson_commerce
Panquesito7,SauravMukherjee44/Portfolio-Saurav-Mukherjee
naveenkumarans,SauravMukherjee44/Portfolio-Saurav-Mukherjee
ianko,PoojaB26/AwesomeFlutterPlaylist
pranavlathigara,PoojaB26/AwesomeFlutterPlaylist
smanwarulislam,PoojaB26/AwesomeFlutterPlaylist
sayyidisal,PoojaB26/AwesomeFlutterPlaylist
sagar-pardhi,PoojaB26/AwesomeFlutterPlaylist
mehrdad-shokri,PoojaB26/AwesomeFlutterPlaylist
vulcangz,PoojaB26/AwesomeFlutterPlaylist
yasinatesim,PoojaB26/AwesomeFlutterPlaylist
Mithileshraj123,PoojaB26/AwesomeFlutterPlaylist
jonasermert,PoojaB26/AwesomeFlutterPlaylist
SantoshSrinivas79,robertsdionne/neural-network-papers
he0x,robertsdionne/neural-network-papers
karbon0x,robertsdionne/neural-network-papers
muminoff,robertsdionne/neural-network-papers
sourcepirate,robertsdionne/neural-network-papers
flrngel,robertsdionne/neural-network-papers
dyhpoon,robertsdionne/neural-network-papers
xhs,robertsdionne/neural-network-papers
denisfitz57,robertsdionne/neural-network-papers
hapr05,robertsdionne/neural-network-papers
hsavit1,robertsdionne/neural-network-papers
d-dozer,robertsdionne/neural-network-papers
iskedk,robertsdionne/neural-network-papers
floydwch,robertsdionne/neural-network-papers
MatejLach,robertsdionne/neural-network-papers
MOZGIII,robertsdionne/neural-network-papers
hartca,robertsdionne/neural-network-papers
pasajero,robertsdionne/neural-network-papers
jgmize,robertsdionne/neural-network-papers
denji,robertsdionne/neural-network-papers
filipeoliveiraa,robertsdionne/neural-network-papers
vmlinz,robertsdionne/neural-network-papers
brunowego,robertsdionne/neural-network-papers
eyadsibai,robertsdionne/neural-network-papers
ianko,robertsdionne/neural-network-papers
fkazimierczak,robertsdionne/neural-network-papers
TyrannosaurusREKT,robertsdionne/neural-network-papers
nemesiscodex,robertsdionne/neural-network-papers
cwonrails,robertsdionne/neural-network-papers
fabiodr,robertsdionne/neural-network-papers
avinashkoyyana,robertsdionne/neural-network-papers
tadev,robertsdionne/neural-network-papers
renruyi,robertsdionne/neural-network-papers
utensil,robertsdionne/neural-network-papers
agileone,robertsdionne/neural-network-papers
kevinmcalear,robertsdionne/neural-network-papers
levbrie,robertsdionne/neural-network-papers
smagellan,robertsdionne/neural-network-papers
fijimunkii,robertsdionne/neural-network-papers
goblindegook,robertsdionne/neural-network-papers
peterbrinck,robertsdionne/neural-network-papers
kprybol,robertsdionne/neural-network-papers
hnq90,robertsdionne/neural-network-papers
abduld,robertsdionne/neural-network-papers
jits,robertsdionne/neural-network-papers
nfultz,robertsdionne/neural-network-papers
matagus,robertsdionne/neural-network-papers
nikolay,robertsdionne/neural-network-papers
mugli,robertsdionne/neural-network-papers
angusshire,robertsdionne/neural-network-papers
ghosthamlet,robertsdionne/neural-network-papers
vdt,robertsdionne/neural-network-papers
sebinsua,robertsdionne/neural-network-papers
kgryte,robertsdionne/neural-network-papers
dclambert,robertsdionne/neural-network-papers
sam-splat,robertsdionne/neural-network-papers
llazzaro,robertsdionne/neural-network-papers
burkesquires,robertsdionne/neural-network-papers
fly51fly,robertsdionne/neural-network-papers
silverstone1903,robertsdionne/neural-network-papers
Solertis,robertsdionne/neural-network-papers
marko-jankovic,robertsdionne/neural-network-papers
NikhilDoWhile,robertsdionne/neural-network-papers
studiovc,robertsdionne/neural-network-papers
appidiabhinav,robertsdionne/neural-network-papers
mikalv,robertsdionne/neural-network-papers
axjs,robertsdionne/neural-network-papers
BlancosWay,robertsdionne/neural-network-papers
Murplugg,robertsdionne/neural-network-papers
batermj,robertsdionne/neural-network-papers
roscopecoltran,robertsdionne/neural-network-papers
ymn1k,robertsdionne/neural-network-papers
lxsmnsyc,robertsdionne/neural-network-papers
provpup,robertsdionne/neural-network-papers
ArunkumarRamanan,robertsdionne/neural-network-papers
veris-pr,robertsdionne/neural-network-papers
sanjaypant99,robertsdionne/neural-network-papers
jedsada-gh,robertsdionne/neural-network-papers
d3v3l0,robertsdionne/neural-network-papers
IvonaldoAmaral,robertsdionne/neural-network-papers
p-raj,robertsdionne/neural-network-papers
dkapt,robertsdionne/neural-network-papers
Good4lien,avikalpg/POPL
SelimHorri,yessine-agrebi/Interactive-pricing-compnent
Good4lien,yessine-agrebi/Interactive-pricing-compnent
gaoypChina,danger-ahead/flutter_dictionary
liudonghua123,danger-ahead/flutter_dev_folio
tuanductran,danger-ahead/flutter_dev_folio
gaoypChina,danger-ahead/flutter_dev_folio
MilleniumSpark,danger-ahead/flutter_dev_folio
purtyb1tch92,savannahar68/Firefox-Assistant-Anna-
dalakatt,savannahar68/Firefox-Assistant-Anna-
marcusrbrown,ethereum/cable
dendisuhubdy,ethereum/cable
MihalczGabor,ethereum/cable
frankfanslc,ethereum/cable
Ramyromel,ethereum/cable
wpank,ethereum/asyncio-cancel-token
marcusrbrown,ethereum/asyncio-cancel-token
shanefontaine,ethereum/asyncio-cancel-token
MihalczGabor,ethereum/asyncio-cancel-token
Ramyromel,ethereum/asyncio-cancel-token
angusshire,davglass/builder
Good4lien,dwij2812/Accord-Checkout
eyadsibai,arogozhnikov/3d_nn
vdt,arogozhnikov/3d_nn
eevmanu,arogozhnikov/3d_nn
tensortalk,arogozhnikov/3d_nn
fly51fly,arogozhnikov/3d_nn
Pishtiko,arogozhnikov/3d_nn
denisfitz57,arogozhnikov/3d_nn
antogerva,arogozhnikov/3d_nn
ericmm,arogozhnikov/3d_nn
SantoshSrinivas79,arogozhnikov/3d_nn
nikolay,arogozhnikov/3d_nn
he0x,arogozhnikov/3d_nn
gauravssnl,arogozhnikov/3d_nn
TheMushrr00m,arogozhnikov/3d_nn
jgmize,arogozhnikov/3d_nn
kevinsegal,arogozhnikov/3d_nn
ik5,arogozhnikov/3d_nn
deep-programmer,arogozhnikov/3d_nn
ebigram,arogozhnikov/3d_nn
JeffCarpenter,arogozhnikov/3d_nn
HinVec,arogozhnikov/3d_nn
Good4lien,manjurulhoque/angular-task
abhijit1990,shradha-khapra/ApnaCollege-Java
tuyucheng7,shradha-khapra/ApnaCollege-Java
jomefavourite,btholt/complete-intro-to-realtime
RinatValiullov,btholt/complete-intro-to-realtime
Jolaolu,btholt/complete-intro-to-linux-and-the-cli
krthr,btholt/complete-intro-to-linux-and-the-cli
esneko,btholt/complete-intro-to-linux-and-the-cli
mfaridzia,btholt/complete-intro-to-linux-and-the-cli
da-vaibhav,btholt/complete-intro-to-linux-and-the-cli
maciej-src,btholt/complete-intro-to-linux-and-the-cli
araguaci,btholt/complete-intro-to-linux-and-the-cli
mariamimmh,btholt/complete-intro-to-linux-and-the-cli
cr7yash,btholt/complete-intro-to-linux-and-the-cli
M3Try,btholt/complete-intro-to-linux-and-the-cli
theodesp,btholt/complete-intro-to-linux-and-the-cli
co-bby,btholt/complete-intro-to-linux-and-the-cli
RinatValiullov,btholt/complete-intro-to-linux-and-the-cli
Mithileshraj123,btholt/complete-intro-to-linux-and-the-cli
Sandrex233,btholt/complete-intro-to-linux-and-the-cli
MilleniumSpark,btholt/complete-intro-to-linux-and-the-cli
trinhminhtriet,btholt/complete-intro-to-linux-and-the-cli
Jolaolu,btholt/complete-intro-to-databases
jomefavourite,btholt/complete-intro-to-databases
doc22940,btholt/complete-intro-to-databases
DevAshleyD,btholt/complete-intro-to-databases
cr7yash,btholt/complete-intro-to-databases
WinstonFassett,btholt/complete-intro-to-databases
mariamimmh,btholt/complete-intro-to-databases
M3Try,btholt/complete-intro-to-databases
theodesp,btholt/complete-intro-to-databases
RinatValiullov,btholt/complete-intro-to-databases
co-bby,btholt/complete-intro-to-databases
Mithileshraj123,btholt/complete-intro-to-databases
trinhminhtriet,btholt/complete-intro-to-databases
gaybro8777,WhiteHouse/mobile-policy
h2non,douglascrockford/TDOP
hartca,douglascrockford/TDOP
anqur,douglascrockford/TDOP
AlexxNica,douglascrockford/TDOP
secondwtq,douglascrockford/TDOP
JonReppDirectOneDesign,douglascrockford/TDOP
nfultz,douglascrockford/TDOP
AzureCloudMonk,douglascrockford/TDOP
decimalbell,douglascrockford/TDOP
dcgithub,douglascrockford/TDOP
trinhminhtriet,douglascrockford/TDOP
adnils,douglascrockford/Programma
ff6347,douglascrockford/Programma
chentsulin,douglascrockford/Programma
roryrjb,douglascrockford/Programma
AlexxNica,douglascrockford/Programma
itsnotvalid,douglascrockford/JSON-js
program247365,douglascrockford/JSON-js
savage69kr,douglascrockford/JSON-js
matagus,douglascrockford/JSON-js
rmetzler,douglascrockford/JSON-js
barbietunnie,douglascrockford/JSON-js
jimmyrcom,douglascrockford/JSON-js
rafi,douglascrockford/JSON-js
soenkekluth,douglascrockford/JSON-js
levonk,douglascrockford/JSON-js
filipeoliveiraa,douglascrockford/JSON-js
manikantag,douglascrockford/JSON-js
cchitsiang,douglascrockford/JSON-js
umaar,douglascrockford/JSON-js
nezlooy,douglascrockford/JSON-js
brunowego,douglascrockford/JSON-js
Doppp,douglascrockford/JSON-js
stefaneyr,douglascrockford/JSON-js
Layzie,douglascrockford/JSON-js
chibicode,douglascrockford/JSON-js
thomasklemm,douglascrockford/JSON-js
jbenner-radham,douglascrockford/JSON-js
benqian,douglascrockford/JSON-js
kevinmcalear,douglascrockford/JSON-js
pillowsoft,douglascrockford/JSON-js
ff6347,douglascrockford/JSON-js
sergkop,douglascrockford/JSON-js
iemejia,douglascrockford/JSON-js
anjingxz,douglascrockford/JSON-js
chitacan,douglascrockford/JSON-js
oanhnn,douglascrockford/JSON-js
hoangtx,douglascrockford/JSON-js
kriwil,douglascrockford/JSON-js
avinashkoyyana,douglascrockford/JSON-js
rimenes,douglascrockford/JSON-js
ianko,douglascrockford/JSON-js
taesiri,douglascrockford/JSON-js
JT5D,douglascrockford/JSON-js
jesusgoku,douglascrockford/JSON-js
jalcine,douglascrockford/JSON-js
bhakthan,douglascrockford/JSON-js
andreis,douglascrockford/JSON-js
evandrix,douglascrockford/JSON-js
joedf,douglascrockford/JSON-js
LeoSolaris,douglascrockford/JSON-js
klihelp,douglascrockford/JSON-js
rtzll,douglascrockford/JSON-js
mhaidarhanif,douglascrockford/JSON-js
asaaki,douglascrockford/JSON-js
Nangal,douglascrockford/JSON-js
matthochler,douglascrockford/JSON-js
roryrjb,douglascrockford/JSON-js
lanqy,douglascrockford/JSON-js
zouguangxian,douglascrockford/JSON-js
dritter,douglascrockford/JSON-js
SantoshSrinivas79,douglascrockford/JSON-js
LJ001,douglascrockford/JSON-js
kgryte,douglascrockford/JSON-js
fengzilong,douglascrockford/JSON-js
sahwar,douglascrockford/JSON-js
ghosthamlet,douglascrockford/JSON-js
dhuckins,douglascrockford/JSON-js
shunwang,douglascrockford/JSON-js
denji,douglascrockford/JSON-js
jihchi,douglascrockford/JSON-js
joseluisq,douglascrockford/JSON-js
iCHAIT,douglascrockford/JSON-js
kyrre,douglascrockford/JSON-js
vmlinz,douglascrockford/JSON-js
hnq90,douglascrockford/JSON-js
hsavit1,douglascrockford/JSON-js
weimingtom,douglascrockford/JSON-js
JonReppDirectOneDesign,douglascrockford/JSON-js
hartca,douglascrockford/JSON-js
NexZhu,douglascrockford/JSON-js
shoichiaizawa,douglascrockford/JSON-js
0xfeeddeadbeef,douglascrockford/JSON-js
adnils,douglascrockford/JSON-c
RickWong,douglascrockford/JSON-c
roryrjb,douglascrockford/JSON-c
hartca,douglascrockford/JSON-c
scivey,douglascrockford/JSON-c
Qdigital,douglascrockford/JSON-c
mirguest,douglascrockford/JSON-c
mrjohannchang,douglascrockford/JSON-c
trinhminhtriet,douglascrockford/JSON-c
kaoussi,douglascrockford/fash
onlydole,douglascrockford/fash
BlancosWay,douglascrockford/fash
Qdigital,douglascrockford/fash
jevinskie,douglascrockford/fash
Good4lien,AnmolTomer/ejs_projects
abhijit1990,jhonsnow456/ML-Algorithms
nbosa,LiveOverflow/lo_nintendoswitch
M1suzu,LiveOverflow/lo_nintendoswitch
evandrix,LiveOverflow/lo_nintendoswitch
stefaneyr,LiveOverflow/lo_nintendoswitch
llazzaro,LiveOverflow/lo_nintendoswitch
opragel,LiveOverflow/lo_nintendoswitch
LuaxY,LiveOverflow/lo_nintendoswitch
Tatsh,LiveOverflow/lo_nintendoswitch
samyk,LiveOverflow/lo_nintendoswitch
brenopolanski,LiveOverflow/lo_nintendoswitch
R-K-H,LiveOverflow/lo_nintendoswitch
crazyguitar,LiveOverflow/lo_nintendoswitch
posquit0,LiveOverflow/lo_nintendoswitch
KEVINYZY,LiveOverflow/lo_nintendoswitch
jamiedevsandbox,LiveOverflow/lo_nintendoswitch
spiri-leo,LiveOverflow/lo_nintendoswitch
x0nu11byt3,LiveOverflow/lo_nintendoswitch
fly51fly,sayakpaul/Benchmarking-and-MLI-experiments-on-the-Adult-dataset
AppServiceProvider,smaranjitghose/ArtCV
whummer,localstack/localstack-packaged-cli
gkze,localstack/localstack-packaged-cli
kmorrow1,localstack/localstack-packaged-cli
elhadjx,tobie/async-it
ai-ml-architect,taniarascia/chip8
matagus,taniarascia/chip8
gauravssnl,taniarascia/chip8
ik5,taniarascia/chip8
xmonader,taniarascia/chip8
ourobouros,taniarascia/chip8
gvvynplaine,taniarascia/chip8
sonnylazuardi,taniarascia/chip8
haroldo-ok,taniarascia/chip8
byteshiva,taniarascia/chip8
sibelius,taniarascia/chip8
RickWong,taniarascia/chip8
timelyportfolio,taniarascia/chip8
jaffreyjoy,taniarascia/chip8
hartca,taniarascia/chip8
channprj,taniarascia/chip8
ericmm,taniarascia/chip8
cometkim,taniarascia/chip8
thanhtoan1196,taniarascia/chip8
savage69kr,taniarascia/chip8
yonycalsin,taniarascia/chip8
a1300,taniarascia/chip8
royswale,taniarascia/chip8
0xdevalias,taniarascia/chip8
mrluanma,taniarascia/chip8
uptonking,taniarascia/chip8
cr7yash,taniarascia/chip8
zce,taniarascia/chip8
TenviLi,taniarascia/chip8
dcgithub,taniarascia/chip8
youngchief-btw,taniarascia/chip8
SelimHorri,taniarascia/chip8
Ay-355,taniarascia/chip8
decimalbell,taniarascia/chip8
mattbis,taniarascia/chip8
deepyes02,taniarascia/chip8
ampodo,taniarascia/chip8
NEBULA1978,taniarascia/chip8
missAnneThorpe,taniarascia/chip8
tuanductran,taniarascia/chip8
turdfire,taniarascia/chip8
ur5us,taniarascia/chip8
mfaridzia,taniarascia/memory
ourobouros,taniarascia/memory
doc22940,taniarascia/memory
CharlesCreativeContent,taniarascia/memory
mariamimmh,taniarascia/memory
DevAshleyD,taniarascia/memory
UltiRequiem,taniarascia/memory
Butters3388214,taniarascia/memory
deepyes02,taniarascia/memory
NEBULA1978,taniarascia/memory
missAnneThorpe,taniarascia/memory
ourobouros,taniarascia/node-api-postgres
morristech,taniarascia/node-api-postgres
uptonking,taniarascia/node-api-postgres
DevAshleyD,taniarascia/node-api-postgres
Uvacoder,taniarascia/node-api-postgres
deepyes02,taniarascia/node-api-postgres
ampodo,taniarascia/node-api-postgres
NEBULA1978,taniarascia/node-api-postgres
Adlinke,taniarascia/node-api-postgres
sponnusa,taniarascia/pdo
ourobouros,taniarascia/pdo
deepyes02,taniarascia/pdo
NEBULA1978,taniarascia/pdo
missAnneThorpe,taniarascia/pdo
aviaryan,aviaryan/Ahk-CI-Example
dufferzafar,aviaryan/Ahk-CI-Example
joedf,aviaryan/Ahk-CI-Example
arpit1997,aviaryan/Ahk-CI-Example
Butters3388214,aviaryan/Ahk-CI-Example
aviaryan,aviaryan/alfred-clc
cwonrails,aviaryan/alfred-clc
Good4lien,aviaryan/alfred-clc
aviaryan,aviaryan/alfred-last2imgur
cwonrails,aviaryan/alfred-last2imgur
Good4lien,aviaryan/alfred-last2imgur
ik5,aviaryan/chattt
aviaryan,aviaryan/chattt
gauravssnl,aviaryan/chattt
puppycodes,aviaryan/chattt
arpit1997,aviaryan/chattt
joedf,aviaryan/chattt
montanaflynn,aviaryan/chattt
MikeGolden,aviaryan/chattt
denji,aviaryan/chattt
darvid,aviaryan/chattt
jay3ss,aviaryan/chattt
anatolinicolae,aviaryan/chattt
nikolay,aviaryan/chattt
tunnckoCore,aviaryan/chattt
hub33k,aviaryan/chattt
josedulanto,aviaryan/chattt
channprj,aviaryan/chattt
klihelp,aviaryan/chattt
speckz,aviaryan/chattt
entrptaher,aviaryan/chattt
hsen-dev,aviaryan/chattt
bntzio,aviaryan/chattt
goblindegook,aviaryan/chattt
aashutoshrathi,aviaryan/chattt
jaffreyjoy,aviaryan/chattt
youngchief-btw,aviaryan/chattt
arpit1997,aviaryan/CloseFolder
joedf,aviaryan/CloseFolder
aashutoshrathi,aviaryan/CloseFolder
aviaryan,aviaryan/CloseFolder
Los-had,PremChapagain/premchapagain
SelimHorri,PremChapagain/premchapagain
xchanmolx,PremChapagain/premchapagain
MihalczGabor,PremChapagain/premchapagain
Good4lien,PremChapagain/premchapagain
MilleniumSpark,PremChapagain/premchapagain
00mjk,PremChapagain/premchapagain
MahanRajabi80,PremChapagain/premchapagain
CharlesCreativeContent,PremChapagain/premchapagain
victory-sokolov,Shreeshrii/tessdata_ocrb
hsen-dev,Shreeshrii/tessdata_arabic
axjs,lmgonzalves/jelly
barbagrigia,lmgonzalves/jelly
dcgithub,lmgonzalves/jelly
filipeoliveiraa,lmgonzalves/letters
hnq90,lmgonzalves/letters
sshyran,lmgonzalves/letters
klihelp,lmgonzalves/letters
barbagrigia,lmgonzalves/letters
spiri-leo,jasineri/jasineri
00mjk,jasineri/jasineri
gauravssnl,ArefMq/action-recognition-via-snn
00mjk,ArefMq/action-recognition-via-snn
Good4lien,ArefMq/action-recognition-via-snn
Good4lien,ArefMq/SPLCommunicationTester
derhuerst,kdeldycke/awesome-falsehood
ramnes,kdeldycke/awesome-falsehood
dimlev,kdeldycke/awesome-falsehood
JesseTG,kdeldycke/awesome-falsehood
colejhudson,kdeldycke/awesome-falsehood
peterbrinck,kdeldycke/awesome-falsehood
ur5us,kdeldycke/awesome-falsehood
da-vaibhav,kdeldycke/awesome-falsehood
saadshahd,kdeldycke/awesome-falsehood
guerreiro,kdeldycke/awesome-falsehood
yoCruzer,kdeldycke/awesome-falsehood
zpaav,kdeldycke/awesome-falsehood
deadcoder0904,kdeldycke/awesome-falsehood
ajmalafif,kdeldycke/awesome-falsehood
fly51fly,kdeldycke/awesome-falsehood
datasatori,kdeldycke/awesome-falsehood
d-led,kdeldycke/awesome-falsehood
kousikan,kdeldycke/awesome-falsehood
slackmage,kdeldycke/awesome-falsehood
GeorgeErickson,kdeldycke/awesome-falsehood
TyrannosaurusREKT,kdeldycke/awesome-falsehood
fabiodr,kdeldycke/awesome-falsehood
agileone,kdeldycke/awesome-falsehood
leongkui,kdeldycke/awesome-falsehood
zhaozhao,kdeldycke/awesome-falsehood
oudommeas,kdeldycke/awesome-falsehood
hapr05,kdeldycke/awesome-falsehood
MaxfieldLewin,kdeldycke/awesome-falsehood
brianluby,kdeldycke/awesome-falsehood
girish,kdeldycke/awesome-falsehood
weimingtom,kdeldycke/awesome-falsehood
karbon0x,kdeldycke/awesome-falsehood
sriharshakappala,kdeldycke/awesome-falsehood
folasm87,kdeldycke/awesome-falsehood
andantonyan,kdeldycke/awesome-falsehood
sunsongxp,kdeldycke/awesome-falsehood
marko-jankovic,kdeldycke/awesome-falsehood
sg-s,kdeldycke/awesome-falsehood
xrmr,kdeldycke/awesome-falsehood
velveteer,kdeldycke/awesome-falsehood
ianko,kdeldycke/awesome-falsehood
speckz,kdeldycke/awesome-falsehood
jbenner-radham,kdeldycke/awesome-falsehood
nikivdev,kdeldycke/awesome-falsehood
filipeoliveiraa,kdeldycke/awesome-falsehood
ptsurbeleu,kdeldycke/awesome-falsehood
hartca,kdeldycke/awesome-falsehood
michaelchiche,kdeldycke/awesome-falsehood
scalp42,kdeldycke/awesome-falsehood
falkirks,kdeldycke/awesome-falsehood
Nangal,kdeldycke/awesome-falsehood
ifvictr,kdeldycke/awesome-falsehood
rimenes,kdeldycke/awesome-falsehood
izontm,kdeldycke/awesome-falsehood
chenruibin,kdeldycke/awesome-falsehood
petehouston,kdeldycke/awesome-falsehood
deadlocks,kdeldycke/awesome-falsehood
king6cong,kdeldycke/awesome-falsehood
rishipuri,kdeldycke/awesome-falsehood
FrankSansC,kdeldycke/awesome-falsehood
opt9,kdeldycke/awesome-falsehood
discountry,kdeldycke/awesome-falsehood
jiangplus,kdeldycke/awesome-falsehood
christianboyle,kdeldycke/awesome-falsehood
bryant1410,kdeldycke/awesome-falsehood
vmlinz,kdeldycke/awesome-falsehood
rtcoms,kdeldycke/awesome-falsehood
flrngel,kdeldycke/awesome-falsehood
annonuser,kdeldycke/awesome-falsehood
kaoussi,kdeldycke/awesome-falsehood
bahmdev,kdeldycke/awesome-falsehood
snehesht,kdeldycke/awesome-falsehood
lyuha,kdeldycke/awesome-falsehood
minhoryang,kdeldycke/awesome-falsehood
damianesteban,kdeldycke/awesome-falsehood
djangosporti,kdeldycke/awesome-falsehood
hnq90,kdeldycke/awesome-falsehood
smagellan,kdeldycke/awesome-falsehood
asaaki,kdeldycke/awesome-falsehood
AlexxNica,kdeldycke/awesome-falsehood
pasajero,kdeldycke/awesome-falsehood
himalay,kdeldycke/awesome-falsehood
jubbon,kdeldycke/awesome-falsehood
reduxionist,kdeldycke/awesome-falsehood
RobertAudi,kdeldycke/awesome-falsehood
nfultz,kdeldycke/awesome-falsehood
patrick91,kdeldycke/awesome-falsehood
eiriklv,kdeldycke/awesome-falsehood
goblindegook,kdeldycke/awesome-falsehood
jessb321,kdeldycke/awesome-falsehood
neibla,kdeldycke/awesome-falsehood
Doppp,kdeldycke/awesome-falsehood
balta2ar,kdeldycke/awesome-falsehood
manikantag,kdeldycke/awesome-falsehood
alihalabyah,kdeldycke/awesome-falsehood
bluemix,kdeldycke/awesome-falsehood
NguyenTrungTin,kdeldycke/awesome-falsehood
BlancosWay,kdeldycke/awesome-falsehood
therebelrobot,kdeldycke/awesome-falsehood
rakhmad,kdeldycke/awesome-falsehood
umaar,kdeldycke/awesome-falsehood
NiksonX,kdeldycke/awesome-falsehood
program247365,kdeldycke/awesome-falsehood
j-hernandez,kdeldycke/awesome-falsehood
xeoneux,kdeldycke/awesome-falsehood
kgryte,kdeldycke/awesome-falsehood
SantoshSrinivas79,kdeldycke/awesome-falsehood
eevmanu,kdeldycke/awesome-falsehood
mugli,kdeldycke/awesome-falsehood
saravntbe,kdeldycke/awesome-falsehood
sibelius,kdeldycke/awesome-falsehood
nhducit,kdeldycke/awesome-falsehood
sivartravis,kdeldycke/awesome-falsehood
hawkup,kdeldycke/awesome-falsehood
joshuarubin,kdeldycke/awesome-falsehood
dewang-mistry,kdeldycke/awesome-falsehood
notyal,kdeldycke/awesome-falsehood
lmatt-bit,kdeldycke/awesome-falsehood
nikolay,kdeldycke/awesome-falsehood
Jerzerak,kdeldycke/awesome-falsehood
jcampbell05,kdeldycke/awesome-falsehood
Quexint,kdeldycke/awesome-falsehood
quobit,kdeldycke/awesome-falsehood
denji,kdeldycke/awesome-falsehood
harrygallagher4,kdeldycke/awesome-falsehood
gamontal,kdeldycke/awesome-falsehood
rbnx,kdeldycke/awesome-falsehood
pranavlathigara,kdeldycke/awesome-falsehood
wassiim,kdeldycke/awesome-falsehood
leo424y,kdeldycke/awesome-falsehood
onlydole,kdeldycke/awesome-falsehood
kriwil,kdeldycke/awesome-falsehood
mwarkentin,kdeldycke/awesome-falsehood
make-github-pseudonymous-again,kdeldycke/awesome-falsehood
goshacmd,kdeldycke/awesome-falsehood
valpackett,kdeldycke/awesome-falsehood
mihaeu,kdeldycke/awesome-falsehood
MatejLach,kdeldycke/awesome-falsehood
utensil,kdeldycke/awesome-falsehood
ThomasG77,kdeldycke/awesome-falsehood
fer-ri,kdeldycke/awesome-falsehood
osantana,kdeldycke/awesome-falsehood
vrachieru,kdeldycke/awesome-falsehood
muminoff,kdeldycke/awesome-falsehood
misterT2525,kdeldycke/awesome-falsehood
Jinxiansen,kdeldycke/awesome-falsehood
dhamaniasad,kdeldycke/awesome-falsehood
bolerovt,kdeldycke/awesome-falsehood
thomasklemm,kdeldycke/awesome-falsehood
haroldo-ok,kdeldycke/awesome-falsehood
gmittal,kdeldycke/awesome-falsehood
samyk,kdeldycke/awesome-falsehood
levbrie,kdeldycke/awesome-falsehood
kwcto,kdeldycke/awesome-falsehood
AnanthaRajuC,kdeldycke/awesome-falsehood
pyadav,kdeldycke/awesome-falsehood
maxrugen,kdeldycke/awesome-falsehood
vyorkin,kdeldycke/awesome-falsehood
orakle,kdeldycke/awesome-falsehood
quantumpacket,kdeldycke/awesome-falsehood
Jackneill,kdeldycke/awesome-falsehood
onlurking,kdeldycke/awesome-falsehood
klihelp,kdeldycke/awesome-falsehood
kprybol,kdeldycke/awesome-falsehood
marctmiller,kdeldycke/awesome-falsehood
codyphobe,kdeldycke/awesome-falsehood
michaelmior,kdeldycke/awesome-falsehood
mattbis,kdeldycke/awesome-falsehood
securitystreak,kdeldycke/awesome-falsehood
benmcp,kdeldycke/awesome-falsehood
djvdorp,kdeldycke/awesome-falsehood
fkazimierczak,kdeldycke/awesome-falsehood
levonk,kdeldycke/awesome-falsehood
nickolasburr,kdeldycke/awesome-falsehood
soenkekluth,kdeldycke/awesome-falsehood
vdt,kdeldycke/awesome-falsehood
shuber,kdeldycke/awesome-falsehood
artob,kdeldycke/awesome-falsehood
zxhfirefox,kdeldycke/awesome-falsehood
dclambert,kdeldycke/awesome-falsehood
rogeriomarques,kdeldycke/awesome-falsehood
amite,kdeldycke/awesome-falsehood
ansarid,kdeldycke/awesome-falsehood
zhiyue,kdeldycke/awesome-falsehood
nemesiscodex,kdeldycke/awesome-falsehood
xhs,kdeldycke/awesome-falsehood
obahareth,kdeldycke/awesome-falsehood
avinashkoyyana,kdeldycke/awesome-falsehood
guptarohit,kdeldycke/awesome-falsehood
dufferzafar,kdeldycke/awesome-falsehood
andreipopovici,kdeldycke/awesome-falsehood
dbanck,kdeldycke/awesome-falsehood
brennebeck,kdeldycke/awesome-falsehood
ff6347,kdeldycke/awesome-falsehood
biow0lf,kdeldycke/awesome-falsehood
janroudaut,kdeldycke/awesome-falsehood
dsoul,kdeldycke/awesome-falsehood
roryrjb,kdeldycke/awesome-falsehood
jonasermert,kdeldycke/awesome-falsehood
iskedk,kdeldycke/awesome-falsehood
jonathanegol,kdeldycke/awesome-falsehood
pmuens,kdeldycke/awesome-falsehood
wtigert,kdeldycke/awesome-falsehood
sergkop,kdeldycke/awesome-falsehood
yangwao,kdeldycke/awesome-falsehood
tralphy,kdeldycke/awesome-falsehood
neosarchizo,kdeldycke/awesome-falsehood
coffee4code,kdeldycke/awesome-falsehood
benqian,kdeldycke/awesome-falsehood
wdv4758h,kdeldycke/awesome-falsehood
iemejia,kdeldycke/awesome-falsehood
opexxx,kdeldycke/awesome-falsehood
gabrielcorado,kdeldycke/awesome-falsehood
DonDebonair,kdeldycke/awesome-falsehood
kevinmcalear,kdeldycke/awesome-falsehood
EvgeneOskin,kdeldycke/awesome-falsehood
josedulanto,kdeldycke/awesome-falsehood
eyadsibai,kdeldycke/awesome-falsehood
lucianosb,kdeldycke/awesome-falsehood
markemer,kdeldycke/awesome-falsehood
opragel,kdeldycke/awesome-falsehood
anjingxz,kdeldycke/awesome-falsehood
quentinfayet,kdeldycke/awesome-falsehood
namuit,kdeldycke/awesome-falsehood
mirguest,kdeldycke/awesome-falsehood
hub33k,kdeldycke/awesome-falsehood
matthochler,kdeldycke/awesome-falsehood
narze,kdeldycke/awesome-falsehood
mikesprague,kdeldycke/awesome-falsehood
peter50216,kdeldycke/awesome-falsehood
ShikChen,kdeldycke/awesome-falsehood
0x2Adr1,kdeldycke/awesome-falsehood
vintagesucks,kdeldycke/awesome-falsehood
anatolinicolae,kdeldycke/awesome-falsehood
NikhilDoWhile,kdeldycke/awesome-falsehood
venkat-oss,kdeldycke/awesome-falsehood
sebinsua,kdeldycke/awesome-falsehood
barbagrigia,kdeldycke/awesome-falsehood
7h3rAm,kdeldycke/awesome-falsehood
he0x,kdeldycke/awesome-falsehood
tkersey,kdeldycke/awesome-falsehood
sunlei,kdeldycke/awesome-falsehood
mrmign,kdeldycke/awesome-falsehood
akaralar,kdeldycke/awesome-falsehood
ymn1k,kdeldycke/awesome-falsehood
chaitanyaphalak,kdeldycke/awesome-falsehood
johnowennixon,kdeldycke/awesome-falsehood
nvanmeurs,kdeldycke/awesome-falsehood
JBTech,kdeldycke/awesome-falsehood
xmonader,kdeldycke/awesome-falsehood
apmarshall,kdeldycke/awesome-falsehood
ellisonleao,kdeldycke/awesome-falsehood
cookavich,kdeldycke/awesome-falsehood
roscopecoltran,kdeldycke/awesome-falsehood
hydrosquall,kdeldycke/awesome-falsehood
xvovx,byt3bl33d3r/BeEF-API
saturation,byt3bl33d3r/BeEF-API
filipeoliveiraa,byt3bl33d3r/BeEF-API
michaelhood,byt3bl33d3r/BeEF-API
theodorosc,byt3bl33d3r/BeEF-API
unbaiat,byt3bl33d3r/BeEF-API
andrewwxy,byt3bl33d3r/BeEF-API
LJ001,byt3bl33d3r/BeEF-API
insanitus,byt3bl33d3r/BeEF-API
Stankye,byt3bl33d3r/BeEF-API
conail,byt3bl33d3r/BeEF-API
halfx,byt3bl33d3r/BeEF-API
PeterVatistas,byt3bl33d3r/BeEF-API
Ro9ueAdmin,byt3bl33d3r/BeEF-API
BenjiTrapp,byt3bl33d3r/BeEF-API
limkokhole,byt3bl33d3r/BeEF-API
KevenBelanger,byt3bl33d3r/BeEF-API
CPT-Jack-A-Castle,byt3bl33d3r/BeEF-API
felipetruman,byt3bl33d3r/BeEF-API
dkapt,byt3bl33d3r/BeEF-API
Cre4T3Tiv3,byt3bl33d3r/BeEF-API
trietptm,byt3bl33d3r/CME-PowerShell-Scripts
Ro9ueAdmin,byt3bl33d3r/CME-PowerShell-Scripts
dcgithub,byt3bl33d3r/CME-PowerShell-Scripts
sarlalian,byt3bl33d3r/CME-PowerShell-Scripts
Shifu-Engineer,byt3bl33d3r/CME-PowerShell-Scripts
Kimpten,byt3bl33d3r/CME-PowerShell-Scripts
limkokhole,byt3bl33d3r/CME-PowerShell-Scripts
quantumpacket,byt3bl33d3r/CME-PowerShell-Scripts
KevenBelanger,byt3bl33d3r/CME-PowerShell-Scripts
adotsloan,byt3bl33d3r/CME-PowerShell-Scripts
CPT-Jack-A-Castle,byt3bl33d3r/CME-PowerShell-Scripts
felipetruman,byt3bl33d3r/CME-PowerShell-Scripts
Cre4T3Tiv3,byt3bl33d3r/CME-PowerShell-Scripts
marctmiller,byt3bl33d3r/DHCPShock
opexxx,byt3bl33d3r/DHCPShock
xvovx,byt3bl33d3r/DHCPShock
msenturk,byt3bl33d3r/DHCPShock
trietptm,byt3bl33d3r/DHCPShock
theodorosc,byt3bl33d3r/DHCPShock
angusshire,byt3bl33d3r/DHCPShock
Stankye,byt3bl33d3r/DHCPShock
halfx,byt3bl33d3r/DHCPShock
insanitus,byt3bl33d3r/DHCPShock
conail,byt3bl33d3r/DHCPShock
krodyx,byt3bl33d3r/DHCPShock
hktalent,byt3bl33d3r/DHCPShock
Ro9ueAdmin,byt3bl33d3r/DHCPShock
limkokhole,byt3bl33d3r/DHCPShock
quantumpacket,byt3bl33d3r/DHCPShock
KevenBelanger,byt3bl33d3r/DHCPShock
adotsloan,byt3bl33d3r/DHCPShock
CPT-Jack-A-Castle,byt3bl33d3r/DHCPShock
MilleniumSpark,byt3bl33d3r/DHCPShock
Cre4T3Tiv3,byt3bl33d3r/DHCPShock
galaris,byt3bl33d3r/hookme
conail,byt3bl33d3r/hookme
dcgithub,byt3bl33d3r/hookme
limkokhole,byt3bl33d3r/hookme
KevenBelanger,byt3bl33d3r/hookme
CPT-Jack-A-Castle,byt3bl33d3r/hookme
Cre4T3Tiv3,byt3bl33d3r/hookme
xchanmolx,xchanmolx/E-CommerceApp
SelimHorri,xchanmolx/E-CommerceApp
00mjk,xchanmolx/E-CommerceApp
MihalczGabor,xchanmolx/E-CommerceApp
ampodo,xchanmolx/E-CommerceApp
frankfanslc,xchanmolx/E-CommerceApp
Good4lien,xchanmolx/E-CommerceApp
eddiejaoude,EddieHubCommunity/gh-action-open-source-labels
jimbrig,EddieHubCommunity/gh-action-open-source-labels
Panquesito7,EddieHubCommunity/gh-action-open-source-labels
Pierrot-l3-F0U,EddieHubCommunity/gh-action-open-source-labels
shuklayash10,EddieHubCommunity/gh-action-open-source-labels
gptkrsh,EddieHubCommunity/gh-action-open-source-labels
Ayokanmi-Adejola,EddieHubCommunity/gh-action-open-source-labels
vigneshv92,shreyashankar/datatracker
gaybro8777,shreyashankar/datatracker
Good4lien,DeepGautamFullStack/Integrating-Chart-Js-in-Angular-7
esneko,benawad/apollo-link-state-tutorial
KaiDevrim,benawad/apollo-link-state-tutorial
juandc,benawad/benawad.com
da-vaibhav,benawad/benawad.com
thanhtoan1196,benawad/benawad.com
max-hk,benawad/benawad.com
MaxCodeXTC,benawad/benawad.com
shunkakinoki,benawad/benawad.com
tg-z,benawad/benawad.com
KaiDevrim,benawad/benawad.com
youngchief-btw,benawad/benawad.com
jonasermert,benawad/benawad.com
gbowne1,benawad/benawad.com
amite,benawad/cra-redux-saga
KaiDevrim,benawad/cra-redux-saga
Good4lien,SpaceLeft/Lavalink
Adlinke,iamrajiv/helloworld-grpc-gateway
jefftriplett,sagesharp/code-of-conduct-template
tkersey,mattgallagher/CwlViews
CodeEagle,mattgallagher/CwlViews
gaoypChina,mattgallagher/CwlViews
mono0926,mattgallagher/CwlViews
tchigher,mattgallagher/CwlViews
suxinde2009,mattgallagher/CwlViews
mahmoudkandeel,mattgallagher/CwlViews
canering,mattgallagher/CwlViews
JT5D,lengstrom/Dangerous-Chef-Pioneer
angusshire,lengstrom/Dangerous-Chef-Pioneer
Butters3388214,PragneshRamani/Coursera--Using-Databases-with-Python
Adlinke,PragneshRamani/Coursera--Using-Databases-with-Python
MtDeity,iamshaunjp/bootstrap-4-playlist
ahronlu,iamshaunjp/bootstrap-4-playlist
AbhiImReal403,iamshaunjp/bootstrap-4-playlist
ianlaporte,iamshaunjp/bootstrap-4-playlist
AbhiImReal403,iamshaunjp/complete-mongodb
ianlaporte,iamshaunjp/complete-mongodb
dalakatt,iamshaunjp/complete-mongodb
johndavemanuel,iamshaunjp/firestore-pagination-tutorial
ahronlu,iamshaunjp/firestore-pagination-tutorial
ayush15k1994,iamshaunjp/firestore-pagination-tutorial
AbhiImReal403,iamshaunjp/firestore-pagination-tutorial
ianlaporte,iamshaunjp/firestore-pagination-tutorial
HarshalShende,lukefire5156/REMOTE-EDUCATION-APP---EMAGISTER
sachaarbonel,aloisdeniel/feature_flags
gaoypChina,aloisdeniel/feature_flags
JohnClema,KrauseFx/engagement-enhancer
tkersey,KrauseFx/engagement-enhancer
yyle88,artkirienko/hlds-docker-dproto
harrygallagher4,KrauseFx/dotfiles
suriyaa,KrauseFx/dotfiles
mvandermeulen,KrauseFx/dotfiles
yasinatesim,KrauseFx/dotfiles
canering,KrauseFx/dotfiles
Butters3388214,divyamagwl/Depocalypse
abhijit1990,ritwickdey/Cake-Shop
abhijit1990,ritwickdey/expensify-app
fly51fly,stong/infosec-resources
tracure1337,stong/infosec-resources
saadazghour,stong/infosec-resources
famasoon,stong/infosec-resources
BxC1sF1E,stong/infosec-resources
PSJoshi,stong/infosec-resources
he0x,stong/infosec-resources
quobit,stong/infosec-resources
mehrdad-shokri,stong/infosec-resources
filipeoliveiraa,stong/infosec-resources
quantumpacket,stong/infosec-resources
geduardcatalindev,stong/infosec-resources
hamannju,stong/infosec-resources
lifa123,stong/infosec-resources
7h3rAm,stong/infosec-resources
imsky,stong/infosec-resources
jamiedevsandbox,stong/infosec-resources
Pierrot-l3-F0U,stong/infosec-resources
puzzithinker,stong/infosec-resources
hyp3r5pace,stong/infosec-resources
wigust,stong/infosec-resources
agnosticlines,stong/infosec-resources
gauravssnl,stong/infosec-resources
mvandermeulen,stong/infosec-resources
JeffCarpenter,stong/infosec-resources
Siss3l,stong/infosec-resources
x0nu11byt3,stong/infosec-resources
duksosleepy,stong/infosec-resources
KevenBelanger,stong/infosec-resources
dkapt,stong/infosec-resources
noods78,stong/infosec-resources
jcampbell05,KrauseFx/certs
suriyaa,KrauseFx/certs
suriyaa,KrauseFx/doesitrain.today
Good4lien,5cientist/5cientist
MihalczGabor,vitasha10/vkbot
SelimHorri,vitasha10/vkbot
Good4lien,vitasha10/vkbot
HarshalShende,jigar-sable/flipkart-mern
abhijit1990,jigar-sable/flipkart-mern
tkersey,mattgallagher/Clocks
damianesteban,mattgallagher/Clocks
akaralar,mattgallagher/Clocks
tkersey,mattgallagher/CwlFeedReader
mcanthony,shazow/colorblendy
gauravssnl,shazow/colorblendy
NetOpWibby,shazow/colorblendy
v9n,shazow/communal
NetOpWibby,shazow/communal
decanus,shazow/communal
thanhtoan1196,shazow/communal
denji,shazow/communal
andrewwxy,shazow/communal
gauravssnl,shazow/communal
ik5,shazow/communal
frankfanslc,shazow/communal
whummer,localstack/ci-plugin-circleci
kmorrow1,localstack/ci-plugin-circleci
herberthk,bradtraversy/breaking-bad-cast
thanhtoan1196,bradtraversy/breaking-bad-cast
mouadTaoussi,bradtraversy/breaking-bad-cast
Wallace121980,bradtraversy/breaking-bad-cast
KenMan79,bradtraversy/breaking-bad-cast
lanastasov,bradtraversy/breaking-bad-cast
AppServiceProvider,bradtraversy/breaking-bad-cast
ahronlu,bradtraversy/breaking-bad-cast
stefan02brunner,bradtraversy/breaking-bad-cast
yusuf-ozdemir,bradtraversy/breaking-bad-cast
dolev146,bradtraversy/breaking-bad-cast
ampodo,bradtraversy/breaking-bad-cast
arafat877,bradtraversy/breaking-bad-cast
MrBennySolomon,bradtraversy/breaking-bad-cast
MrBlackBeeOsn,bradtraversy/breaking-bad-cast
dipayan-code97,bradtraversy/breaking-bad-cast
mouadTaoussi,bradtraversy/breakout_desktop_nw
araguaci,bradtraversy/breakout_desktop_nw
ahronlu,bradtraversy/breakout_desktop_nw
stefan02brunner,bradtraversy/breakout_desktop_nw
yusuf-ozdemir,bradtraversy/breakout_desktop_nw
dolev146,bradtraversy/breakout_desktop_nw
arafat877,bradtraversy/breakout_desktop_nw
MrBennySolomon,bradtraversy/breakout_desktop_nw
Good4lien,saurabhdaware/abell-source-devto
jedsada-gh,goforbg/ClickableMapView
mskian,goforbg/ClickableMapView
NetOpWibby,lucianmarin/instanote
Jackneill,lucianmarin/logparser
svercl,lucianmarin/logparser
snehesht,lucianmarin/logparser
zxhfirefox,lucianmarin/logparser
hartca,lucianmarin/logparser
rmetzler,lucianmarin/logparser
fly51fly,lucianmarin/logparser
jumbojett,lucianmarin/logparser
theodesp,lucianmarin/logparser
tracure1337,lucianmarin/logparser
CharlesCreativeContent,lucianmarin/logparser
sephsa,lucianmarin/logparser
leongkui,lucianmarin/logparser
lyuha,lucianmarin/logparser
brianluby,lucianmarin/logparser
NetOpWibby,lucianmarin/logparser
tkersey,lucianmarin/pybench
Good4lien,brettkromkamp/knowledge-graph-experiments
yyle88,brettkromkamp/knowledge-graph-experiments
Murplugg,brettkromkamp/typed-tree
nschlemm,brettkromkamp/typed-tree
Good4lien,brettkromkamp/typed-tree
yyle88,brettkromkamp/typed-tree
Good4lien,Dashon-Hawkins/calculator-app
DevAshleyD,bradtraversy/brainjs_examples
mouadTaoussi,bradtraversy/brainjs_examples
stefan02brunner,bradtraversy/brainjs_examples
yusuf-ozdemir,bradtraversy/brainjs_examples
dolev146,bradtraversy/brainjs_examples
NitinChakraborty2001,bradtraversy/brainjs_examples
arafat877,bradtraversy/brainjs_examples
MrBennySolomon,bradtraversy/brainjs_examples
vitaly-z,bradtraversy/brainjs_examples
yasinatesim,bradtraversy/bootstrap-bootcamp-website
Abhimishra2424,bradtraversy/bootstrap-bootcamp-website
ahronlu,bradtraversy/bootstrap-bootcamp-website
stefan02brunner,bradtraversy/bootstrap-bootcamp-website
yusuf-ozdemir,bradtraversy/bootstrap-bootcamp-website
xchanmolx,bradtraversy/bootstrap-bootcamp-website
MaxCodeXTC,bradtraversy/bootstrap-bootcamp-website
dolev146,bradtraversy/bootstrap-bootcamp-website
NitinChakraborty2001,bradtraversy/bootstrap-bootcamp-website
mvandermeulen,bradtraversy/bootstrap-bootcamp-website
ImaniAN,bradtraversy/bootstrap-bootcamp-website
arafat877,bradtraversy/bootstrap-bootcamp-website
Sandrex233,bradtraversy/bootstrap-bootcamp-website
MrBennySolomon,bradtraversy/bootstrap-bootcamp-website
jimbrig,bradtraversy/bootstrap-bootcamp-website
mouadTaoussi,bradtraversy/bootsassy
stefan02brunner,bradtraversy/bootsassy
yusuf-ozdemir,bradtraversy/bootsassy
dolev146,bradtraversy/bootsassy
arafat877,bradtraversy/bootsassy
MrBennySolomon,bradtraversy/bootsassy
tchigher,themaaz32/design_clone
abhijit1990,themaaz32/design_clone
gaoypChina,themaaz32/design_clone
soma2000-lang,AnkushMalaker/HUSE
mouadTaoussi,bradtraversy/bizlight_theme
stefan02brunner,bradtraversy/bizlight_theme
yusuf-ozdemir,bradtraversy/bizlight_theme
dolev146,bradtraversy/bizlight_theme
arafat877,bradtraversy/bizlight_theme
MrBennySolomon,bradtraversy/bizlight_theme
jimbrig,bradtraversy/bizlight_theme
rmetzler,jakearchibald/appcache-demo
umaar,jakearchibald/appcache-demo
stefaneyr,jakearchibald/appcache-demo
JT5D,jakearchibald/appcache-demo
Nangal,jakearchibald/appcache-demo
mcanthony,jakearchibald/appcache-demo
angusshire,jakearchibald/appcache-demo
minhoryang,jakearchibald/appcache-demo
mofelee,jakearchibald/appcache-demo
AlexxNica,jakearchibald/appcache-demo
sshyran,jakearchibald/appcache-demo
johnowennixon,jakearchibald/appcache-demo
gosoxharp,jakearchibald/appcache-demo
trinhminhtriet,jakearchibald/appcache-demo
dritter,jakearchibald/async-waituntil-polyfill
NiksonX,jakearchibald/async-waituntil-polyfill
ajmalafif,jakearchibald/async-waituntil-polyfill
amite,jakearchibald/async-waituntil-polyfill
klihelp,jakearchibald/async-waituntil-polyfill
AlexxNica,jakearchibald/async-waituntil-polyfill
turdfire,jakearchibald/async-waituntil-polyfill
geduardcatalindev,bradtraversy/a4app
imxiaohui,bradtraversy/a4app
mouadTaoussi,bradtraversy/a4app
stefan02brunner,bradtraversy/a4app
yusuf-ozdemir,bradtraversy/a4app
dolev146,bradtraversy/a4app
arafat877,bradtraversy/a4app
MrBennySolomon,bradtraversy/a4app
reddysainathn,bradtraversy/angular-crash-todolist
mouadTaoussi,bradtraversy/angular-crash-todolist
ahronlu,bradtraversy/angular-crash-todolist
stefan02brunner,bradtraversy/angular-crash-todolist
yusuf-ozdemir,bradtraversy/angular-crash-todolist
dolev146,bradtraversy/angular-crash-todolist
arafat877,bradtraversy/angular-crash-todolist
MrBennySolomon,bradtraversy/angular-crash-todolist
stjordanis,trailofbits/btfparse
0xcpu,trailofbits/btfparse
fijimunkii,trailofbits/btfparse
jiangplus,trailofbits/btfparse
SeshatCZ,trailofbits/btfparse
gaoypChina,RivaanRanawat/flutter-multiplayer-tictactoe
Adlinke,RivaanRanawat/flutter-multiplayer-tictactoe
flumpus-dev,trailofbits/brew-pip-audit
canering,trailofbits/brew-pip-audit
Ramyromel,trailofbits/brew-pip-audit
Sandalots,trailofbits/brew-pip-audit
kmorrow1,trailofbits/brew-pip-audit
gkze,trailofbits/brew-pip-audit
nezlooy,trailofbits/cfg-showcase
M1suzu,trailofbits/cfg-showcase
0xcpu,trailofbits/cfg-showcase
agnosticlines,trailofbits/cfg-showcase
trietptm,trailofbits/cfg-showcase
halsten,trailofbits/cfg-showcase
stjordanis,trailofbits/cfg-showcase
MilleniumSpark,trailofbits/cfg-showcase
SeshatCZ,trailofbits/cfg-showcase
mgeeky,trailofbits/cfg-showcase
cbyt3,trailofbits/cfg-showcase
whummer,localstack/.github
kmorrow1,localstack/.github
whummer,localstack/amplify-js-local
whummer,localstack/chalice-local
tedmiston,localstack/chalice-local
gaybro8777,RivaanRanawat/cuadro
gaoypChina,RivaanRanawat/cuadro
Adlinke,RivaanRanawat/cuadro
Ayokanmi-Adejola,eddiejaoude/BattleSnake
jfexyz,devongovett/apple-color-emoji
Good4lien,devongovett/apple-color-emoji
klihelp,devongovett/babel-plugin-transform-glob-import
wenzhihong2003,devongovett/bmp.js
mcanthony,devongovett/bmp.js
cometkim,devongovett/bundler-algorithm
Good4lien,devongovett/bundler-algorithm
uptonking,devongovett/bundler-algorithm
AppServiceProvider,anuraghazra/CanvasFun
savage69kr,anuraghazra/CanvasFun
yonycalsin,anuraghazra/CanvasFun
MtDeity,anuraghazra/CanvasFun
doc22940,anuraghazra/CanvasFun
py7hon,anuraghazra/CanvasFun
KenMan79,anuraghazra/CanvasFun
thisiskeanyvy,anuraghazra/CanvasFun
NS007-dev,anuraghazra/CanvasFun
hercules261188,anuraghazra/CanvasFun
Uvacoder,anuraghazra/CanvasFun
WeiChiaChang,anuraghazra/CanvasFun
Butters3388214,anuraghazra/CanvasFun
Mithileshraj123,anuraghazra/CanvasFun
araguaci,anuraghazra/CanvasFun
fabiodr,anuraghazra/CanvasFun
dcgithub,anuraghazra/CanvasFun
turdfire,anuraghazra/CanvasFun
gaoypChina,AshAman999/FUNZONE
shunkakinoki,StErMi/forge-damn-vulnerable-defi
pynchmeister,StErMi/forge-damn-vulnerable-defi
pcaversaccio,StErMi/forge-damn-vulnerable-defi
tuxcanfly,StErMi/forge-damn-vulnerable-defi
GeovaRS,adrianhajdin/project_gif_app
arafat877,adrianhajdin/project_gif_app
joxtheman,adrianhajdin/project_gif_app
RasulSonmez,adrianhajdin/project_gif_app
EronMahmuti,adrianhajdin/project_gif_app
hamdanhussein,adrianhajdin/project_gif_app
shaheen7a,adrianhajdin/project_gif_app
dezobq,adrianhajdin/project_gif_app
N0t-Sur3,adrianhajdin/project_gif_app
paulgrunt,adrianhajdin/project_gif_app
rr3s1,adrianhajdin/project_gif_app
San0740396762,adrianhajdin/project_gif_app
jishanshaikh4,jishanshaikh4/cpp-building
retrde,jishanshaikh4/cpp-building
pr0733k,jishanshaikh4/cpp-building
jishanshaikh-gep,jishanshaikh4/cpp-building
JaeQueCoder,jishanshaikh4/cpp-building
langmr0,jishanshaikh4/cpp-building
8bitmamba,jishanshaikh4/cpp-building
sunitawill,jishanshaikh4/cpp-building
ekanshdixit,jishanshaikh4/cpp-building
1ndradhanush,jishanshaikh4/cpp-building
sutaTyagi,jishanshaikh4/cpp-building
teharsingh,jishanshaikh4/cpp-building
MihalczGabor,jishanshaikh4/cpp-building
jishanshaikh4,jishanshaikh4/CSE-215-Computer-Graphics-Programs
retrde,jishanshaikh4/CSE-215-Computer-Graphics-Programs
pr0733k,jishanshaikh4/CSE-215-Computer-Graphics-Programs
jishanshaikh-gep,jishanshaikh4/CSE-215-Computer-Graphics-Programs
JaeQueCoder,jishanshaikh4/CSE-215-Computer-Graphics-Programs
langmr0,jishanshaikh4/CSE-215-Computer-Graphics-Programs
8bitmamba,jishanshaikh4/CSE-215-Computer-Graphics-Programs
sunitawill,jishanshaikh4/CSE-215-Computer-Graphics-Programs
ekanshdixit,jishanshaikh4/CSE-215-Computer-Graphics-Programs
1ndradhanush,jishanshaikh4/CSE-215-Computer-Graphics-Programs
sutaTyagi,jishanshaikh4/CSE-215-Computer-Graphics-Programs
teharsingh,jishanshaikh4/CSE-215-Computer-Graphics-Programs
MihalczGabor,jishanshaikh4/CSE-215-Computer-Graphics-Programs
jishanshaikh4,jishanshaikh4/CSE-217-Data-Structures-Laboratory
retrde,jishanshaikh4/CSE-217-Data-Structures-Laboratory
pr0733k,jishanshaikh4/CSE-217-Data-Structures-Laboratory
jishanshaikh-gep,jishanshaikh4/CSE-217-Data-Structures-Laboratory
JaeQueCoder,jishanshaikh4/CSE-217-Data-Structures-Laboratory
langmr0,jishanshaikh4/CSE-217-Data-Structures-Laboratory
8bitmamba,jishanshaikh4/CSE-217-Data-Structures-Laboratory
sunitawill,jishanshaikh4/CSE-217-Data-Structures-Laboratory
ekanshdixit,jishanshaikh4/CSE-217-Data-Structures-Laboratory
1ndradhanush,jishanshaikh4/CSE-217-Data-Structures-Laboratory
sutaTyagi,jishanshaikh4/CSE-217-Data-Structures-Laboratory
teharsingh,jishanshaikh4/CSE-217-Data-Structures-Laboratory
MihalczGabor,jishanshaikh4/CSE-217-Data-Structures-Laboratory
jishanshaikh4,jishanshaikh4/CSE-315-Compiler-Design-Laboratory
retrde,jishanshaikh4/CSE-315-Compiler-Design-Laboratory
pr0733k,jishanshaikh4/CSE-315-Compiler-Design-Laboratory
jishanshaikh-gep,jishanshaikh4/CSE-315-Compiler-Design-Laboratory
JaeQueCoder,jishanshaikh4/CSE-315-Compiler-Design-Laboratory
langmr0,jishanshaikh4/CSE-315-Compiler-Design-Laboratory
8bitmamba,jishanshaikh4/CSE-315-Compiler-Design-Laboratory
sunitawill,jishanshaikh4/CSE-315-Compiler-Design-Laboratory
ekanshdixit,jishanshaikh4/CSE-315-Compiler-Design-Laboratory
1ndradhanush,jishanshaikh4/CSE-315-Compiler-Design-Laboratory
sutaTyagi,jishanshaikh4/CSE-315-Compiler-Design-Laboratory
teharsingh,jishanshaikh4/CSE-315-Compiler-Design-Laboratory
MihalczGabor,jishanshaikh4/CSE-315-Compiler-Design-Laboratory
jishanshaikh4,jishanshaikh4/CSE-317-Operating-Systems-Laboratory
retrde,jishanshaikh4/CSE-317-Operating-Systems-Laboratory
pr0733k,jishanshaikh4/CSE-317-Operating-Systems-Laboratory
jishanshaikh-gep,jishanshaikh4/CSE-317-Operating-Systems-Laboratory
JaeQueCoder,jishanshaikh4/CSE-317-Operating-Systems-Laboratory
langmr0,jishanshaikh4/CSE-317-Operating-Systems-Laboratory
8bitmamba,jishanshaikh4/CSE-317-Operating-Systems-Laboratory
sunitawill,jishanshaikh4/CSE-317-Operating-Systems-Laboratory
ekanshdixit,jishanshaikh4/CSE-317-Operating-Systems-Laboratory
1ndradhanush,jishanshaikh4/CSE-317-Operating-Systems-Laboratory
sutaTyagi,jishanshaikh4/CSE-317-Operating-Systems-Laboratory
teharsingh,jishanshaikh4/CSE-317-Operating-Systems-Laboratory
MihalczGabor,jishanshaikh4/CSE-317-Operating-Systems-Laboratory
jishanshaikh4,jishanshaikh4/cuda-programs
retrde,jishanshaikh4/cuda-programs
pr0733k,jishanshaikh4/cuda-programs
jishanshaikh-gep,jishanshaikh4/cuda-programs
JaeQueCoder,jishanshaikh4/cuda-programs
langmr0,jishanshaikh4/cuda-programs
8bitmamba,jishanshaikh4/cuda-programs
sunitawill,jishanshaikh4/cuda-programs
ekanshdixit,jishanshaikh4/cuda-programs
1ndradhanush,jishanshaikh4/cuda-programs
sutaTyagi,jishanshaikh4/cuda-programs
teharsingh,jishanshaikh4/cuda-programs
MihalczGabor,jishanshaikh4/cuda-programs
00mjk,Novusvetus/AutoGitIgnore
Good4lien,Novusvetus/AutoGitIgnore
yyle88,Novusvetus/AutoGitIgnore
Good4lien,Novusvetus/ClassHelper
yyle88,Novusvetus/ClassHelper
jonasermert,Novusvetus/StreamersMQTT
Good4lien,Novusvetus/StreamersMQTT
yyle88,Novusvetus/StreamersMQTT
Good4lien,ahmedEid1/E-Learning-Platform
jay3ss,taranjeet/django-library-app
da-vaibhav,taranjeet/awesome-paid-resources-free-during-covid19
denisfitz57,cheeaun/3d-touch-canvas
timelyportfolio,cheeaun/3d-touch-canvas
futoase,cheeaun/3d-touch-canvas
narze,cheeaun/3d-touch-canvas
hartca,cheeaun/3d-touch-canvas
NguyenTrungTin,cheeaun/3d-touch-canvas
turdfire,cheeaun/3d-touch-canvas
itsimpeccable,google/aarch64-paging
ghishadow,google/aarch64-paging
jevinskie,google/aarch64-paging
ZigaoWang,google/aarch64-paging
dkapt,google/aarch64-paging
valpackett,google/aarch64-paging
KaiDevrim,google/across
itsimpeccable,google/across
MihalczGabor,google/adcase
ttatanepvp123,google/adcase
KaiDevrim,google/adcase
thisiskeanyvy,google/adcase
itsimpeccable,google/adcase
ZigaoWang,google/adcase
trietptm,xoreaxeaxeax/sinkhole
rbnx,xoreaxeaxeax/sinkhole
llazzaro,xoreaxeaxeax/sinkhole
marctmiller,xoreaxeaxeax/sinkhole
he0x,xoreaxeaxeax/sinkhole
Jackneill,xoreaxeaxeax/sinkhole
RickWong,xoreaxeaxeax/sinkhole
0x2Adr1,xoreaxeaxeax/sinkhole
balta2ar,xoreaxeaxeax/sinkhole
andreis,xoreaxeaxeax/sinkhole
zhaozhao,xoreaxeaxeax/sinkhole
filipeoliveiraa,xoreaxeaxeax/sinkhole
ducktype,xoreaxeaxeax/sinkhole
janroudaut,xoreaxeaxeax/sinkhole
MSylvia,xoreaxeaxeax/sinkhole
pmuens,xoreaxeaxeax/sinkhole
rmetzler,xoreaxeaxeax/sinkhole
TyrannosaurusREKT,xoreaxeaxeax/sinkhole
aburan28,xoreaxeaxeax/sinkhole
jevinskie,xoreaxeaxeax/sinkhole
utensil,xoreaxeaxeax/sinkhole
ghosthamlet,xoreaxeaxeax/sinkhole
iemejia,xoreaxeaxeax/sinkhole
brunowego,xoreaxeaxeax/sinkhole
h2non,xoreaxeaxeax/sinkhole
jiangplus,xoreaxeaxeax/sinkhole
denji,xoreaxeaxeax/sinkhole
izontm,xoreaxeaxeax/sinkhole
Doppp,xoreaxeaxeax/sinkhole
neosarchizo,xoreaxeaxeax/sinkhole
CodeEagle,xoreaxeaxeax/sinkhole
MatejLach,xoreaxeaxeax/sinkhole
joshuarubin,xoreaxeaxeax/sinkhole
obahareth,xoreaxeaxeax/sinkhole
yvan-sraka,xoreaxeaxeax/sinkhole
theodorosc,xoreaxeaxeax/sinkhole
tadev,xoreaxeaxeax/sinkhole
colrack,xoreaxeaxeax/sinkhole
angusshire,xoreaxeaxeax/sinkhole
Stankye,xoreaxeaxeax/sinkhole
opt9,xoreaxeaxeax/sinkhole
colejhudson,xoreaxeaxeax/sinkhole
M1suzu,xoreaxeaxeax/sinkhole
LJ001,xoreaxeaxeax/sinkhole
triplekill,xoreaxeaxeax/sinkhole
Antonito,xoreaxeaxeax/sinkhole
7h3rAm,xoreaxeaxeax/sinkhole
galaris,xoreaxeaxeax/sinkhole
picatz,xoreaxeaxeax/sinkhole
puppycodes,xoreaxeaxeax/sinkhole
own2pwn,xoreaxeaxeax/sinkhole
daedalus,xoreaxeaxeax/sinkhole
0xfeeddeadbeef,xoreaxeaxeax/sinkhole
ShawnAlexander,xoreaxeaxeax/sinkhole
valpackett,xoreaxeaxeax/sinkhole
famasoon,xoreaxeaxeax/sinkhole
mgeeky,xoreaxeaxeax/sinkhole
MOZGIII,xoreaxeaxeax/sinkhole
yeshuibo,xoreaxeaxeax/sinkhole
cieplak,xoreaxeaxeax/sinkhole
quantumpacket,xoreaxeaxeax/sinkhole
dendisuhubdy,xoreaxeaxeax/sinkhole
agnosticlines,xoreaxeaxeax/sinkhole
old101,xoreaxeaxeax/sinkhole
mikalv,xoreaxeaxeax/sinkhole
jmcph4,xoreaxeaxeax/sinkhole
d3v3l0,xoreaxeaxeax/sinkhole
tututu-patch,xoreaxeaxeax/sinkhole
SeshatCZ,xoreaxeaxeax/sinkhole
spiri-leo,xoreaxeaxeax/sinkhole
forestfoxx,xoreaxeaxeax/sinkhole
dkapt,xoreaxeaxeax/sinkhole
cbyt3,xoreaxeaxeax/sinkhole
Good4lien,karar189/github-pages-with-jekyll
Sliim,offensive-security/wireless-patches
kimocoder,offensive-security/wireless-patches
ShawnAlexander,offensive-security/wireless-patches
AlexxNica,offensive-security/wireless-patches
shubhamk06,offensive-security/wireless-patches
merekemess,offensive-security/wireless-patches
Sleek1598,offensive-security/wireless-patches
ekovegeance,offensive-security/wireless-patches
KvaroverHeaven,offensive-security/wireless-patches
ThomasErhel,offensive-security/wireless-patches
bkhobbs39,offensive-security/wireless-patches
simeononsecurity,offensive-security/wireless-patches
tofuzgz,offensive-security/wireless-patches
abedpr,offensive-security/wireless-patches
IshwaranRudhara,offensive-security/wireless-patches
cannabis09,offensive-security/wireless-patches
kozmendo,offensive-security/wireless-patches
OrlandoANL,offensive-security/wireless-patches
Eikonsphere,offensive-security/wireless-patches
LuisDeSantana,offensive-security/wireless-patches
shubhamk06,offensive-security/gcc-arm-linux-gnueabihf-4.7
merekemess,offensive-security/gcc-arm-linux-gnueabihf-4.7
Sleek1598,offensive-security/gcc-arm-linux-gnueabihf-4.7
ekovegeance,offensive-security/gcc-arm-linux-gnueabihf-4.7
ThomasErhel,offensive-security/gcc-arm-linux-gnueabihf-4.7
abedpr,offensive-security/gcc-arm-linux-gnueabihf-4.7
IshwaranRudhara,offensive-security/gcc-arm-linux-gnueabihf-4.7
cannabis09,offensive-security/gcc-arm-linux-gnueabihf-4.7
kozmendo,offensive-security/gcc-arm-linux-gnueabihf-4.7
Eikonsphere,offensive-security/gcc-arm-linux-gnueabihf-4.7
LuisDeSantana,offensive-security/gcc-arm-linux-gnueabihf-4.7
madhuakula,offensive-security/kali-linux-docker-rolling
Sliim,offensive-security/kali-linux-docker-rolling
yoCruzer,offensive-security/kali-linux-docker-rolling
merekemess,offensive-security/kali-linux-docker-rolling
Sleek1598,offensive-security/kali-linux-docker-rolling
ekovegeance,offensive-security/kali-linux-docker-rolling
KvaroverHeaven,offensive-security/kali-linux-docker-rolling
ThomasErhel,offensive-security/kali-linux-docker-rolling
bkhobbs39,offensive-security/kali-linux-docker-rolling
tofuzgz,offensive-security/kali-linux-docker-rolling
abedpr,offensive-security/kali-linux-docker-rolling
IshwaranRudhara,offensive-security/kali-linux-docker-rolling
cannabis09,offensive-security/kali-linux-docker-rolling
kozmendo,offensive-security/kali-linux-docker-rolling
OrlandoANL,offensive-security/kali-linux-docker-rolling
Eikonsphere,offensive-security/kali-linux-docker-rolling
LuisDeSantana,offensive-security/kali-linux-docker-rolling
marctmiller,offensive-security/kali-linux-recipes
JT5D,offensive-security/kali-linux-recipes
opexxx,offensive-security/kali-linux-recipes
taesiri,offensive-security/kali-linux-recipes
unbaiat,offensive-security/kali-linux-recipes
quentinfayet,offensive-security/kali-linux-recipes
suriyaa,offensive-security/kali-linux-recipes
Sliim,offensive-security/kali-linux-recipes
PeterVatistas,offensive-security/kali-linux-recipes
ghosthamlet,offensive-security/kali-linux-recipes
eerie,offensive-security/kali-linux-recipes
dobestan,offensive-security/kali-linux-recipes
opt9,offensive-security/kali-linux-recipes
Solertis,offensive-security/kali-linux-recipes
TankMasterRL,offensive-security/kali-linux-recipes
JBTech,offensive-security/kali-linux-recipes
leesander1,offensive-security/kali-linux-recipes
fits2010,offensive-security/kali-linux-recipes
johnowennixon,offensive-security/kali-linux-recipes
daedalus,offensive-security/kali-linux-recipes
ShawnAlexander,offensive-security/kali-linux-recipes
mph-code,offensive-security/kali-linux-recipes
modulexcite,offensive-security/kali-linux-recipes
discoweasel,offensive-security/kali-linux-recipes
shubhamk06,offensive-security/kali-linux-recipes
HowWeLand,offensive-security/kali-linux-recipes
theodesp,offensive-security/kali-linux-recipes
ourobouros,offensive-security/kali-linux-recipes
limkokhole,offensive-security/kali-linux-recipes
merekemess,offensive-security/kali-linux-recipes
Sleek1598,offensive-security/kali-linux-recipes
hktalent,offensive-security/kali-linux-recipes
AzureCloudMonk,offensive-security/kali-linux-recipes
kimocoder,offensive-security/kali-linux-recipes
ekovegeance,offensive-security/kali-linux-recipes
KvaroverHeaven,offensive-security/kali-linux-recipes
ThomasErhel,offensive-security/kali-linux-recipes
reedhhw,offensive-security/kali-linux-recipes
bkhobbs39,offensive-security/kali-linux-recipes
simeononsecurity,offensive-security/kali-linux-recipes
abedpr,offensive-security/kali-linux-recipes
IshwaranRudhara,offensive-security/kali-linux-recipes
cannabis09,offensive-security/kali-linux-recipes
kozmendo,offensive-security/kali-linux-recipes
OrlandoANL,offensive-security/kali-linux-recipes
noods78,offensive-security/kali-linux-recipes
Eikonsphere,offensive-security/kali-linux-recipes
LuisDeSantana,offensive-security/kali-linux-recipes
kimocoder,offensive-security/Kali-WSL-chroot
vaginessa,offensive-security/Kali-WSL-chroot
jmingov,offensive-security/Kali-WSL-chroot
nicholasadamou,offensive-security/Kali-WSL-chroot
merekemess,offensive-security/Kali-WSL-chroot
Sleek1598,offensive-security/Kali-WSL-chroot
ekovegeance,offensive-security/Kali-WSL-chroot
KvaroverHeaven,offensive-security/Kali-WSL-chroot
ThomasErhel,offensive-security/Kali-WSL-chroot
tofuzgz,offensive-security/Kali-WSL-chroot
abedpr,offensive-security/Kali-WSL-chroot
IshwaranRudhara,offensive-security/Kali-WSL-chroot
cannabis09,offensive-security/Kali-WSL-chroot
kozmendo,offensive-security/Kali-WSL-chroot
OrlandoANL,offensive-security/Kali-WSL-chroot
Eikonsphere,offensive-security/Kali-WSL-chroot
LuisDeSantana,offensive-security/Kali-WSL-chroot
d-led,joelparkerhenderson/architecture-decision-record
imsky,joelparkerhenderson/architecture-decision-record
jhermann,joelparkerhenderson/architecture-decision-record
RobertAudi,joelparkerhenderson/architecture-decision-record
EvgeneOskin,joelparkerhenderson/architecture-decision-record
sebinsua,joelparkerhenderson/architecture-decision-record
MOZGIII,joelparkerhenderson/architecture-decision-record
yasenn,joelparkerhenderson/architecture-decision-record
ccl0326,joelparkerhenderson/architecture-decision-record
sescobb27,joelparkerhenderson/architecture-decision-record
gaoypChina,joelparkerhenderson/architecture-decision-record
jubbon,joelparkerhenderson/architecture-decision-record
rimenes,joelparkerhenderson/architecture-decision-record
goblindegook,joelparkerhenderson/architecture-decision-record
oieduardorabelo,joelparkerhenderson/architecture-decision-record
nschlemm,joelparkerhenderson/architecture-decision-record
provpup,joelparkerhenderson/architecture-decision-record
agileone,joelparkerhenderson/architecture-decision-record
fly51fly,joelparkerhenderson/architecture-decision-record
cookavich,joelparkerhenderson/architecture-decision-record
axifive,joelparkerhenderson/architecture-decision-record
conail,joelparkerhenderson/architecture-decision-record
tkersey,joelparkerhenderson/architecture-decision-record
bhakthan,joelparkerhenderson/architecture-decision-record
andreis,joelparkerhenderson/architecture-decision-record
rakhmad,joelparkerhenderson/architecture-decision-record
esneko,joelparkerhenderson/architecture-decision-record
rrichards,joelparkerhenderson/architecture-decision-record
rtzll,joelparkerhenderson/architecture-decision-record
vulcangz,joelparkerhenderson/architecture-decision-record
velveteer,joelparkerhenderson/architecture-decision-record
byteshiva,joelparkerhenderson/architecture-decision-record
the-cc-dev,joelparkerhenderson/architecture-decision-record
saadshahd,joelparkerhenderson/architecture-decision-record
gvvynplaine,joelparkerhenderson/architecture-decision-record
mvandermeulen,joelparkerhenderson/architecture-decision-record
burkesquires,joelparkerhenderson/architecture-decision-record
levonk,joelparkerhenderson/architecture-decision-record
sponnusa,joelparkerhenderson/architecture-decision-record
achermannagement,joelparkerhenderson/architecture-decision-record
mugli,joelparkerhenderson/architecture-decision-record
decanus,joelparkerhenderson/architecture-decision-record
erikunha,joelparkerhenderson/architecture-decision-record
juanchristensen,joelparkerhenderson/architecture-decision-record
adelarsq,joelparkerhenderson/architecture-decision-record
mfaridzia,joelparkerhenderson/architecture-decision-record
madhuakula,joelparkerhenderson/architecture-decision-record
hsavit1,joelparkerhenderson/architecture-decision-record
mahmoudimus,joelparkerhenderson/architecture-decision-record
clsource,joelparkerhenderson/architecture-decision-record
sambacha,joelparkerhenderson/architecture-decision-record
d3v3l0,joelparkerhenderson/architecture-decision-record
xmonader,joelparkerhenderson/architecture-decision-record
yyolk,joelparkerhenderson/architecture-decision-record
stjordanis,joelparkerhenderson/architecture-decision-record
AppServiceProvider,joelparkerhenderson/architecture-decision-record
hub33k,joelparkerhenderson/architecture-decision-record
apheon-terra,joelparkerhenderson/architecture-decision-record
Jolaolu,joelparkerhenderson/architecture-decision-record
theodesp,joelparkerhenderson/architecture-decision-record
jesusgoku,joelparkerhenderson/architecture-decision-record
girish,joelparkerhenderson/architecture-decision-record
snehesht,joelparkerhenderson/architecture-decision-record
chitacan,joelparkerhenderson/architecture-decision-record
amilajack,joelparkerhenderson/architecture-decision-record
shunkakinoki,joelparkerhenderson/architecture-decision-record
artob,joelparkerhenderson/architecture-decision-record
jaffreyjoy,joelparkerhenderson/architecture-decision-record
johnowennixon,joelparkerhenderson/architecture-decision-record
rm3l,joelparkerhenderson/architecture-decision-record
benqian,joelparkerhenderson/architecture-decision-record
hyperupcall,joelparkerhenderson/architecture-decision-record
cometkim,joelparkerhenderson/architecture-decision-record
0xdevalias,joelparkerhenderson/architecture-decision-record
indistinctTalk,joelparkerhenderson/architecture-decision-record
flrngel,joelparkerhenderson/architecture-decision-record
veris-pr,joelparkerhenderson/architecture-decision-record
osantana,joelparkerhenderson/architecture-decision-record
nikivdev,joelparkerhenderson/architecture-decision-record
kousikan,joelparkerhenderson/architecture-decision-record
mgilbir,joelparkerhenderson/architecture-decision-record
mwarkentin,joelparkerhenderson/architecture-decision-record
ramnes,joelparkerhenderson/architecture-decision-record
mariamimmh,joelparkerhenderson/architecture-decision-record
mahmoudkandeel,joelparkerhenderson/architecture-decision-record
hydrosquall,joelparkerhenderson/architecture-decision-record
modulexcite,joelparkerhenderson/architecture-decision-record
hartca,joelparkerhenderson/architecture-decision-record
hamannju,joelparkerhenderson/architecture-decision-record
sibelius,joelparkerhenderson/architecture-decision-record
jits,joelparkerhenderson/architecture-decision-record
DonDebonair,joelparkerhenderson/architecture-decision-record
vitaly-z,joelparkerhenderson/architecture-decision-record
jstoobz,joelparkerhenderson/architecture-decision-record
smorimoto,joelparkerhenderson/architecture-decision-record
alexrigler,joelparkerhenderson/architecture-decision-record
tracure1337,joelparkerhenderson/architecture-decision-record
nfultz,joelparkerhenderson/architecture-decision-record
opragel,joelparkerhenderson/architecture-decision-record
Pishtiko,joelparkerhenderson/architecture-decision-record
nerdfiles,joelparkerhenderson/architecture-decision-record
mrluanma,joelparkerhenderson/architecture-decision-record
Giovan,joelparkerhenderson/architecture-decision-record
omasanori,joelparkerhenderson/architecture-decision-record
eevmanu,joelparkerhenderson/architecture-decision-record
SebastianElvis,joelparkerhenderson/architecture-decision-record
SantoshSrinivas79,joelparkerhenderson/architecture-decision-record
p-raj,joelparkerhenderson/architecture-decision-record
ur5us,joelparkerhenderson/architecture-decision-record
thomasklemm,joelparkerhenderson/architecture-decision-record
jedsada-gh,joelparkerhenderson/architecture-decision-record
shoichiaizawa,joelparkerhenderson/architecture-decision-record
makotot,joelparkerhenderson/architecture-decision-record
SelimHorri,joelparkerhenderson/architecture-decision-record
ai-ml-architect,joelparkerhenderson/architecture-decision-record
h1nk,joelparkerhenderson/architecture-decision-record
mwarkentin,joelparkerhenderson/brewfile
RobertAudi,joelparkerhenderson/brewfile
visualrobots,joelparkerhenderson/brewfile
cmdplusr,joelparkerhenderson/brewfile
goblindegook,joelparkerhenderson/brewfile
canering,joelparkerhenderson/brewfile
thanhtoan1196,joelparkerhenderson/brewfile
gaybro8777,joelparkerhenderson/brewfile
elhadjx,joelparkerhenderson/brewfile
denji,simonw/asgi-log-to-sqlite
empjustine,simonw/asgi-log-to-sqlite
klihelp,antonmedv/kot
alexrigler,gasteigerjo/gdc
fly51fly,gasteigerjo/gdc
vigneshv92,gasteigerjo/gdc
nikivdev,gasteigerjo/gdc
RustyCobalt36,gasteigerjo/gdc
Good4lien,mager/cafebean-api
mjhea0,wsvincent/django-auth-tutorial
triplekill,wsvincent/django-auth-tutorial
pushpendrapratap,wsvincent/django-auth-tutorial
Sandalots,wsvincent/django-auth-tutorial
dkapt,wsvincent/django-auth-tutorial
matagus,wsvincent/django-rest-framework-react-tutorial
takuan-osho,wsvincent/django-rest-framework-react-tutorial
Giovan,wsvincent/django-rest-framework-react-tutorial
pushpendrapratap,wsvincent/django-rest-framework-react-tutorial
Good4lien,RakeshSeervi/congenial-spoon
canering,zfogg/dotfiles
jalcine,zfogg/dotfiles
KaiDevrim,zfogg/dotfiles
Uvacoder,zfogg/dotfiles
Good4lien,zfogg/dotfiles
ik5,ck37/coral-ordinal
kprybol,ck37/coral-ordinal
fly51fly,ck37/coral-ordinal
TenviLi,ck37/coral-ordinal
charlenopires,gabrielfalcao/bolacha
yeshuibo,defuse/dnsfs
Siss3l,defuse/dnsfs
angusshire,zfogg/ascii-chat
marctmiller,zfogg/ascii-chat
jalcine,zfogg/ascii-chat
bossjones,zfogg/ascii-chat
AppServiceProvider,zfogg/ascii-chat
garimasingh128,zfogg/ascii-chat
herbygillot,zfogg/ascii-chat
KaiDevrim,zfogg/ascii-chat
youngchief-btw,zfogg/ascii-chat
Good4lien,zfogg/ascii-chat
hyperupcall,zfogg/ascii-chat
puppycodes,defuse/email-spoofing
Chan9390,defuse/email-spoofing
picatz,defuse/email-spoofing
ur5us,defuse/email-spoofing
MilleniumSpark,marcel-dempers/k8s-build-your-own
MihalczGabor,gamemann/All_PropHealth
